kernel,status,clang,opt,bugle,vcgen,cruncher,boogiedriver,total
/datadrive/gpuverify-tests/CUDA/always_inline/kernel.cu,PASS,0.135,0.016,0.006,0.415,0.499,0.462,1.533
/datadrive/gpuverify-tests/CUDA/annotation_tests/test_at_most_one/kernel.cu,PASS,0.134,0.010,0.005,0.376,0.496,0.500,1.522
/datadrive/gpuverify-tests/CUDA/annotation_tests/test_all/kernel.cu,PASS,0.136,0.009,0.006,0.415,0.537,0.457,1.560
/datadrive/gpuverify-tests/CUDA/annotation_tests/test_assume/kernel.cu,PASS,0.135,0.009,0.004,0.375,0.535,0.538,1.597
/datadrive/gpuverify-tests/CUDA/annotation_tests/test_axiom/kernel.cu,PASS,0.134,0.009,0.005,0.420,0.536,0.500,1.604
/datadrive/gpuverify-tests/CUDA/annotation_tests/test_assert/kernel.cu,PASS,0.134,0.016,0.007,0.419,0.497,0.578,1.651
/datadrive/gpuverify-tests/CUDA/align/kernel.cu,PASS,0.134,0.009,0.007,0.496,0.576,0.539,1.760
/datadrive/gpuverify-tests/CUDA/annotation_tests/test_contract/kernel.cu,PASS,0.105,0.009,0.004,0.415,0.619,0.577,1.729
/datadrive/gpuverify-tests/Bugged/unnecessary_barrier/kernel.cu,PASS,0.134,0.009,0.005,0.496,0.580,0.557,1.782
/datadrive/gpuverify-tests/Bugged/single_line_race/kernel.cu,FAIL(6),0.135,0.009,0.005,0.459,0.539,0.643,1.790
/datadrive/gpuverify-tests/Bugged/race_writeread/kernel.cu,FAIL(6),0.137,0.009,0.005,0.460,0.539,0.665,1.815
/datadrive/gpuverify-tests/Bugged/divergence/kernel.cu,FAIL(6),0.134,0.009,0.005,0.498,0.535,0.666,1.847
/datadrive/gpuverify-tests/Bugged/race/kernel.cu,FAIL(6),0.134,0.009,0.005,0.455,0.581,0.661,1.846
/datadrive/gpuverify-tests/Bugged/unrepairable/kernel.cu,FAIL(6),0.137,0.009,0.004,0.496,0.576,0.659,1.881
/datadrive/gpuverify-tests/Bugged/multiple_race/kernel.cu,FAIL(6),0.134,0.009,0.005,0.496,0.575,0.696,1.916
/datadrive/gpuverify-tests/CUDA/annotation_tests/test_distinct/kernel.cu,PASS,0.144,0.010,0.006,0.535,0.740,0.503,1.937
/datadrive/gpuverify-tests/CUDA/atomics/device_global/kernel.cu,PASS,0.136,0.009,0.005,0.379,0.495,0.455,1.481
/datadrive/gpuverify-tests/CUDA/annotation_tests/test_enabled_and_uniform/kernel.cu,PASS,0.149,0.009,0.005,0.495,0.618,0.536,1.811
/datadrive/gpuverify-tests/CUDA/argument_promotion/kernel.cu,PASS,0.135,0.009,0.005,0.415,0.535,0.496,1.595
/datadrive/gpuverify-tests/CUDA/annotation_tests/test_ensures/kernel.cu,PASS,0.139,0.009,0.005,0.456,0.661,0.546,1.817
/datadrive/gpuverify-tests/CUDA/annotation_tests/test_for_loop_invariant/kernel.cu,PASS,0.151,0.009,0.006,0.496,0.657,0.500,1.817
/datadrive/gpuverify-tests/CUDA/annotation_tests/test_requires/kernel.cu,PASS,0.134,0.009,0.012,0.499,0.657,0.511,1.822
/datadrive/gpuverify-tests/CUDA/atomics/add_one/kernel.cu,PASS,0.140,0.015,0.006,0.419,0.576,0.586,1.742
/datadrive/gpuverify-tests/CUDA/annotation_tests/test_while_loop_invariant/kernel.cu,PASS,0.135,0.016,0.005,0.459,0.658,0.498,1.772
/datadrive/gpuverify-tests/CUDA/annotation_tests/test_norace/kernel.cu,PASS,0.136,0.023,0.006,0.542,0.663,0.538,1.908
/datadrive/gpuverify-tests/CUDA/atomics/add_tid/kernel.cu,FAIL(6),0.134,0.009,0.005,0.456,0.538,0.617,1.758
/datadrive/gpuverify-tests/CUDA/atomics/definitions/kernel.cu,PASS,0.137,0.009,0.009,0.415,0.617,0.537,1.723
/datadrive/gpuverify-tests/CUDA/barrierconditionalkernelparam/kernel.cu,PASS,0.134,0.009,0.005,0.415,0.545,0.499,1.607
/datadrive/gpuverify-tests/CUDA/annotation_tests/test_no_readwrite/kernel.cu,PASS,0.181,0.009,0.005,0.536,0.656,0.576,1.963
/datadrive/gpuverify-tests/CUDA/atomics/pointer_add/kernel.cu,PASS,0.135,0.009,0.006,0.415,0.582,0.579,1.725
/datadrive/gpuverify-tests/CUDA/atomics/add_zero/kernel.cu,FAIL(6),0.134,0.010,0.005,0.460,0.581,0.622,1.813
/datadrive/gpuverify-tests/CUDA/atomics/test_abstraction_enforced/kernel.cu,FAIL(6),0.134,0.009,0.009,0.458,0.585,0.696,1.892
/datadrive/gpuverify-tests/CUDA/basic1/kernel.cu,PASS,0.140,0.009,0.006,0.376,0.497,0.496,1.524
/datadrive/gpuverify-tests/CUDA/casttofloat/kernel.cu,PASS,0.142,0.013,0.004,0.346,0.576,0.469,1.549
/datadrive/gpuverify-tests/CUDA/basicbarrier/kernel.cu,PASS,0.151,0.010,0.007,0.389,0.579,0.508,1.644
/datadrive/gpuverify-tests/CUDA/basicglobalarray/kernel.cu,PASS,0.145,0.009,0.006,0.416,0.536,0.539,1.651
/datadrive/gpuverify-tests/CUDA/cuda_arch/kernel.cu,PASS,0.142,0.009,0.005,0.335,0.501,0.523,1.515
/datadrive/gpuverify-tests/CUDA/curand_tests/pass/curand/kernel.cu,PASS,0.139,0.014,0.005,0.456,0.578,0.545,1.738
/datadrive/gpuverify-tests/CUDA/curand_tests/fail/curand_race/kernel.cu,FAIL(6),0.137,0.009,0.005,0.415,0.580,0.666,1.812
/datadrive/gpuverify-tests/CUDA/fail_tests/race_on_shared/kernel.cu,FAIL(6),0.134,0.009,0.005,0.422,0.578,0.658,1.806
/datadrive/gpuverify-tests/CUDA/curand_tests/fail/curand_mtgp32_race/kernel.cu,FAIL(6),0.136,0.009,0.005,0.496,0.578,0.662,1.886
/datadrive/gpuverify-tests/CUDA/fail_tests/shared_int/kernel.cu,FAIL(6),0.136,0.012,0.006,0.425,0.539,0.697,1.815
/datadrive/gpuverify-tests/CUDA/floatcastrequired/kernel.cu,PASS,0.135,0.009,0.006,0.415,0.580,0.500,1.644
/datadrive/gpuverify-tests/CUDA/curand_tests/fail/curand_mtgp32_block_race/kernel.cu,FAIL(6),0.134,0.008,0.005,0.496,0.575,0.699,1.918
/datadrive/gpuverify-tests/CUDA/curand_tests/pass/curand_mtgp32/kernel.cu,PASS,0.174,0.009,0.008,0.498,0.595,0.593,1.878
/datadrive/gpuverify-tests/CUDA/curand_tests/fail/init_race/kernel.cu,FAIL(6),0.138,0.016,0.005,0.455,0.616,0.662,1.893
/datadrive/gpuverify-tests/CUDA/ctimeslid/kernel.cu,PASS,0.137,0.015,0.005,0.539,0.745,0.581,2.023
/datadrive/gpuverify-tests/CUDA/ctimesgid/kernel.cu,PASS,0.156,0.014,0.009,0.547,0.987,0.909,2.622
/datadrive/gpuverify-tests/CUDA/floatrelationalop/kernel.cu,PASS,0.134,0.009,0.005,0.415,0.496,0.460,1.519
/datadrive/gpuverify-tests/CUDA/fresh_arrays/fail/array/kernel.cu,FAIL(6),0.146,0.018,0.006,0.415,0.536,0.630,1.751
/datadrive/gpuverify-tests/CUDA/fresh_arrays/fail/inherit/kernel.cu,FAIL(6),0.134,0.009,0.007,0.427,0.540,0.657,1.774
/datadrive/gpuverify-tests/CUDA/fresh_arrays/fail/struct_char/kernel.cu,FAIL(6),0.136,0.009,0.005,0.466,0.577,0.667,1.860
/datadrive/gpuverify-tests/CUDA/fresh_arrays/fail/struct_float/kernel.cu,FAIL(6),0.139,0.018,0.018,0.465,0.659,0.661,1.960
/datadrive/gpuverify-tests/CUDA/fresh_arrays/pass/array/kernel.cu,PASS,0.143,0.011,0.005,0.415,0.538,0.538,1.650
/datadrive/gpuverify-tests/CUDA/fresh_arrays/pass/inherit/kernel.cu,PASS,0.135,0.009,0.006,0.415,0.540,0.542,1.647
/datadrive/gpuverify-tests/CUDA/fresh_arrays/pass/struct_char/kernel.cu,PASS,0.134,0.009,0.006,0.455,0.540,0.502,1.646
/datadrive/gpuverify-tests/CUDA/fresh_arrays/fail/struct_nested/kernel.cu,FAIL(6),0.134,0.009,0.006,0.417,0.540,0.702,1.808
/datadrive/gpuverify-tests/CUDA/fresh_arrays/pass/struct_float/kernel.cu,PASS,0.139,0.009,0.006,0.416,0.656,0.537,1.762
/datadrive/gpuverify-tests/CUDA/function_pointers/unknown_function/kernel.cu,FAIL(4),0.134,0.011,0.015,0.000,0.000,0.000,0.160
/datadrive/gpuverify-tests/CUDA/function_pointers/basic_argument_pass/kernel.cu,PASS,0.140,0.010,0.006,0.496,0.899,0.536,2.086
/datadrive/gpuverify-tests/CUDA/function_pointers/basic_assignment_fail/kernel.cu,FAIL(6),0.136,0.009,0.006,0.536,0.821,0.658,2.166
/datadrive/gpuverify-tests/CUDA/function_pointers/basic_assignment_pass/kernel.cu,PASS,0.137,0.009,0.009,0.536,0.861,0.624,2.176
/datadrive/gpuverify-tests/CUDA/function_pointers/basic_argument_fail/kernel.cu,FAIL(6),0.135,0.009,0.009,0.495,0.897,0.699,2.244
/datadrive/gpuverify-tests/CUDA/function_pointers/basic_statement/kernel.cu,PASS,0.135,0.009,0.005,0.497,0.859,0.826,2.331
/datadrive/gpuverify-tests/CUDA/function_pointers/check_return_value/kernel.cu,PASS,0.136,0.009,0.010,0.502,0.983,0.618,2.259
/datadrive/gpuverify-tests/CUDA/function_pointers/constant_value/kernel.cu,FAIL(6),0.177,0.009,0.007,0.497,0.708,0.616,2.014
/datadrive/gpuverify-tests/CUDA/function_pointers/pass_struct/requires/kernel.cu,PASS,0.104,0.015,0.005,0.455,0.588,0.504,1.671
/datadrive/gpuverify-tests/CUDA/function_pointers/funcptr_lt/kernel.cu,PASS,0.137,0.010,0.027,0.545,0.905,0.576,2.200
/datadrive/gpuverify-tests/CUDA/function_pointers/funcptr_to_ptr/kernel.cu,PASS,0.135,0.011,0.011,0.551,0.824,0.582,2.113
/datadrive/gpuverify-tests/CUDA/inheritance_struct_simplify/direct/kernel.cu,PASS,0.141,0.011,0.007,0.375,0.499,0.459,1.491
/datadrive/gpuverify-tests/CUDA/inheritance_struct_simplify/indirect/kernel.cu,PASS,0.134,0.013,0.007,0.375,0.496,0.469,1.493
/datadrive/gpuverify-tests/CUDA/function_pointers/return_value/kernel.cu,PASS,0.134,0.009,0.008,0.496,0.818,0.582,2.047
/datadrive/gpuverify-tests/CUDA/function_pointers/pass_struct/call/kernel.cu,FAIL(6),0.143,0.010,0.005,0.500,0.817,0.670,2.145
/datadrive/gpuverify-tests/CUDA/function_pointers/pass_struct/requires_call/kernel.cu,PASS,0.149,0.010,0.005,0.501,0.861,0.578,2.104
/datadrive/gpuverify-tests/CUDA/large_constant_array/kernel.cu,PASS,0.136,0.009,0.007,0.415,0.508,0.496,1.570
/datadrive/gpuverify-tests/CUDA/globalarray/fail/kernel.cu,FAIL(6),0.136,0.009,0.004,0.455,0.579,0.620,1.804
/datadrive/gpuverify-tests/CUDA/function_pointers/funcptr_to_ptr_add/kernel.cu,FAIL(6),0.147,0.008,0.008,0.540,0.985,0.705,2.394
/datadrive/gpuverify-tests/CUDA/local2darrayaccess/kernel.cu,PASS,0.138,0.018,0.005,0.455,0.543,0.540,1.698
/datadrive/gpuverify-tests/CUDA/memcpy/unhandled_varlen/kernel.cu,FAIL(4),0.134,0.018,0.006,0.000,0.000,0.000,0.158
/datadrive/gpuverify-tests/CUDA/loop_unwind/kernel.cu,FAIL(6),0.139,0.009,0.009,0.508,0.000,0.701,1.366
/datadrive/gpuverify-tests/CUDA/localarrayaccess/kernel.cu,PASS,0.134,0.010,0.008,0.459,0.585,0.585,1.781
/datadrive/gpuverify-tests/CUDA/function_pointers/soundness_issue/kernel.cu,FAIL(6),0.134,0.035,0.009,0.586,1.119,0.787,2.669
/datadrive/gpuverify-tests/CUDA/memcpy/arrayofstruct/kernel.cu,PASS,0.138,0.009,0.005,0.456,0.539,0.577,1.724
/datadrive/gpuverify-tests/CUDA/memcpy/fail_arrayofstruct/kernel.cu,FAIL(6),0.146,0.009,0.009,0.464,0.581,0.659,1.867
/datadrive/gpuverify-tests/CUDA/memcpy/lentoosmall/kernel.cu,PASS,0.141,0.010,0.017,0.419,0.542,0.590,1.718
/datadrive/gpuverify-tests/CUDA/memcpy/null_src/kernel.cu,FAIL(6),0.098,0.009,0.008,0.375,0.499,0.596,1.585
/datadrive/gpuverify-tests/CUDA/memcpy/lentoobig/kernel.cu,FAIL(6),0.137,0.008,0.020,0.429,0.575,0.696,1.866
/datadrive/gpuverify-tests/CUDA/memcpy_simplification/array_element_passed_to_call1/kernel.cu,PASS,0.137,0.009,0.005,0.415,0.536,0.505,1.607
/datadrive/gpuverify-tests/CUDA/memcpy/null_dst/kernel.cu,FAIL(6),0.139,0.009,0.006,0.418,0.538,0.583,1.693
/datadrive/gpuverify-tests/CUDA/memcpy_simplification/array_element_passed_to_call2/kernel.cu,PASS,0.135,0.010,0.006,0.416,0.549,0.503,1.619
/datadrive/gpuverify-tests/CUDA/memcpy/mismatch/kernel.cu,PASS,0.135,0.011,0.007,0.462,0.656,0.542,1.814
/datadrive/gpuverify-tests/CUDA/memset/unhandled_varlen/kernel.cu,FAIL(4),0.134,0.009,0.015,0.000,0.000,0.000,0.159
/datadrive/gpuverify-tests/CUDA/memset/unhandled_varval/kernel.cu,FAIL(4),0.140,0.015,0.009,0.000,0.000,0.000,0.164
/datadrive/gpuverify-tests/CUDA/memcpy/notexactdiv/kernel.cu,FAIL(6),0.139,0.014,0.008,0.423,0.541,0.786,1.912
/datadrive/gpuverify-tests/CUDA/memcpy_simplification/global_passed_to_call/kernel.cu,PASS,0.137,0.009,0.005,0.415,0.577,0.497,1.640
/datadrive/gpuverify-tests/CUDA/misc/fail/miscfail1/kernel.cu,FAIL(2),0.135,0.000,0.000,0.000,0.000,0.000,0.135
/datadrive/gpuverify-tests/CUDA/memcpy_simplification/i8_element_global_passed_to_call1/kernel.cu,PASS,0.145,0.009,0.005,0.415,0.542,0.498,1.614
/datadrive/gpuverify-tests/CUDA/memcpy_simplification/i8_element_parameter_passed_to_call/kernel.cu,PASS,0.137,0.009,0.006,0.378,0.542,0.497,1.570
/datadrive/gpuverify-tests/CUDA/memcpy_simplification/i8_element_global_passed_to_call2/kernel.cu,PASS,0.136,0.009,0.005,0.418,0.545,0.497,1.610
/datadrive/gpuverify-tests/CUDA/memcpy_simplification/parameter_passed_to_call/kernel.cu,PASS,0.139,0.009,0.005,0.419,0.538,0.462,1.573
/datadrive/gpuverify-tests/CUDA/memcpy/fail_overstep/kernel.cu,FAIL(6),0.147,0.012,0.009,0.462,0.577,1.750,2.956
/datadrive/gpuverify-tests/CUDA/memcpy_simplification/shared_element_passed_to_call/kernel.cu,PASS,0.136,0.009,0.004,0.456,0.549,0.502,1.655
/datadrive/gpuverify-tests/CUDA/memset/initstruct/kernel.cu,PASS,0.152,0.010,0.023,0.420,0.544,0.545,1.693
/datadrive/gpuverify-tests/CUDA/memset/null_dst/kernel.cu,FAIL(6),0.135,0.009,0.005,0.416,0.504,0.578,1.648
/datadrive/gpuverify-tests/CUDA/misc/fail/miscfail2/kernel.cu,FAIL(6),0.135,0.011,0.009,0.578,0.000,0.818,1.550
/datadrive/gpuverify-tests/CUDA/memset_simplification/kernel.cu,PASS,0.140,0.016,0.005,0.416,0.576,0.577,1.731
/datadrive/gpuverify-tests/CUDA/misc/fail/miscfail8/kernel.cu,FAIL(6),0.138,0.012,0.005,0.375,0.495,0.581,1.606
/datadrive/gpuverify-tests/CUDA/misc/fail/miscfail5/kernel.cu,FAIL(6),0.142,0.011,0.005,0.419,0.536,0.623,1.736
/datadrive/gpuverify-tests/CUDA/misc/fail/miscfail6/kernel.cu,FAIL(6),0.138,0.010,0.005,0.456,0.546,0.579,1.735
/datadrive/gpuverify-tests/CUDA/misc/fail/miscfail4/kernel.cu,FAIL(6),0.136,0.009,0.005,0.458,0.617,0.616,1.842
/datadrive/gpuverify-tests/CUDA/misc/fail/miscfail3/kernel.cu,FAIL(6),0.135,0.010,0.006,0.455,0.738,0.656,2.001
/datadrive/gpuverify-tests/CUDA/misc/pass/misc2/kernel.cu,PASS,0.136,0.012,0.005,0.455,0.535,0.591,1.735
/datadrive/gpuverify-tests/CUDA/misc/pass/misc3/kernel.cu,FAIL(6),0.139,0.009,0.006,0.455,0.593,0.582,1.784
/datadrive/gpuverify-tests/CUDA/misc/fail/miscfail7/kernel.cu,FAIL(6),0.141,0.009,0.005,0.495,0.632,0.737,2.019
/datadrive/gpuverify-tests/CUDA/misc/pass/misc1/kernel.cu,PASS,0.142,0.016,0.011,0.576,0.739,0.581,2.065
/datadrive/gpuverify-tests/CUDA/misc/pass/misc6/kernel.cu,PASS,0.137,0.009,0.006,0.457,0.496,0.460,1.566
/datadrive/gpuverify-tests/CUDA/misc/pass/misc4/kernel.cu,PASS,0.134,0.015,0.011,0.537,0.946,0.495,2.138
/datadrive/gpuverify-tests/CUDA/misc/pass/misc5/kernel.cu,PASS,0.137,0.020,0.006,0.456,0.537,0.545,1.701
/datadrive/gpuverify-tests/CUDA/misc/pass/misc7/kernel.cu,PASS,0.140,0.009,0.008,0.390,0.497,0.457,1.503
/datadrive/gpuverify-tests/CUDA/multiplelocals/kernel.cu,PASS,0.141,0.019,0.015,0.336,0.502,0.456,1.468
/datadrive/gpuverify-tests/CUDA/nonpointerparameter1/kernel.cu,PASS,0.139,0.009,0.004,0.376,0.500,0.459,1.488
/datadrive/gpuverify-tests/CUDA/nestedinline/kernel.cu,PASS,0.141,0.018,0.008,0.378,0.536,0.496,1.576
/datadrive/gpuverify-tests/CUDA/misc/pass/misc8/kernel.cu,PASS,0.142,0.016,0.032,0.497,0.577,0.620,1.885
/datadrive/gpuverify-tests/CUDA/mul24/kernel.cu,PASS,0.140,0.008,0.012,0.457,0.537,0.697,1.850
/datadrive/gpuverify-tests/CUDA/notunaryoptest/kernel.cu,PASS,0.134,0.009,0.005,0.376,0.495,0.460,1.480
/datadrive/gpuverify-tests/CUDA/nonpointerparameter2/kernel.cu,PASS,0.136,0.009,0.005,0.379,0.539,0.588,1.657
/datadrive/gpuverify-tests/CUDA/param_values/value_in_assert/kernel.cu,FAIL(6),0.135,0.010,0.005,0.417,0.456,0.588,1.611
/datadrive/gpuverify-tests/CUDA/param_values/value_causing_race/kernel.cu,FAIL(6),0.139,0.009,0.014,0.455,0.538,0.623,1.778
/datadrive/gpuverify-tests/CUDA/pointeranalysistests/testinterprocedural/kernel.cu,PASS,0.135,0.009,0.006,0.415,0.587,0.537,1.689
/datadrive/gpuverify-tests/CUDA/noraceduetoreturn/kernel.cu,PASS,0.140,0.012,0.005,0.495,0.698,0.675,2.024
/datadrive/gpuverify-tests/CUDA/pointeranalysistests/testbasicaliasing/kernel.cu,FAIL(6),0.134,0.009,0.005,0.495,0.697,0.662,2.003
/datadrive/gpuverify-tests/CUDA/pointeranalysistests/testinterprocedural2/kernel.cu,PASS,0.143,0.009,0.005,0.455,0.616,0.552,1.781
/datadrive/gpuverify-tests/CUDA/pointers_in_structs/test1/kernel.cu,PASS,0.134,0.009,0.005,0.415,0.540,0.585,1.689
/datadrive/gpuverify-tests/CUDA/pointeranalysistests/testinterprocedural3/kernel.cu,PASS,0.148,0.021,0.005,0.459,0.664,0.577,1.874
/datadrive/gpuverify-tests/CUDA/pointers_in_structs/test2/kernel.cu,PASS,0.188,0.014,0.009,0.497,0.579,0.739,2.027
/datadrive/gpuverify-tests/CUDA/pointers_in_structs/test3/kernel.cu,PASS,0.159,0.009,0.009,0.496,0.618,0.537,1.829
/datadrive/gpuverify-tests/CUDA/pointertests/test1/kernel.cu,PASS,0.141,0.010,0.006,0.415,0.543,0.577,1.692
/datadrive/gpuverify-tests/CUDA/pointertests/scanlargelike/kernel.cu,PASS,0.142,0.012,0.007,0.457,0.618,0.501,1.736
/datadrive/gpuverify-tests/CUDA/pointertests/test10/kernel.cu,PASS,0.134,0.009,0.005,0.456,0.547,0.539,1.691
/datadrive/gpuverify-tests/CUDA/pointertests/test11/kernel.cu,PASS,0.135,0.006,0.006,0.416,0.737,0.538,1.837
/datadrive/gpuverify-tests/CUDA/pointertests/test14/kernel.cu,PASS,0.134,0.009,0.009,0.383,0.496,0.500,1.533
/datadrive/gpuverify-tests/CUDA/pointertests/test13/kernel.cu,PASS,0.150,0.009,0.005,0.421,0.536,0.537,1.659
/datadrive/gpuverify-tests/CUDA/pointertests/test2/kernel.cu,PASS,0.143,0.009,0.008,0.418,0.538,0.548,1.665
/datadrive/gpuverify-tests/CUDA/pointers_in_structs/test4/kernel.cu,PASS,0.135,0.010,0.010,0.535,0.700,0.939,2.330
/datadrive/gpuverify-tests/CUDA/pointertests/test12/kernel.cu,PASS,0.142,0.009,0.004,0.502,0.858,0.579,2.094
/datadrive/gpuverify-tests/CUDA/pointertests/test3/kernel.cu,PASS,0.140,0.021,0.006,0.458,0.546,0.539,1.711
/datadrive/gpuverify-tests/CUDA/pointertests/cast/kernel.cu,FAIL(6),0.155,0.011,0.005,0.552,0.779,1.107,2.608
/datadrive/gpuverify-tests/CUDA/return_val/char/kernel.cu,FAIL(4),0.134,0.011,0.006,0.000,0.000,0.000,0.151
/datadrive/gpuverify-tests/CUDA/pointertests/test5/kernel.cu,PASS,0.137,0.019,0.004,0.497,0.620,0.537,1.815
/datadrive/gpuverify-tests/CUDA/pointertests/test4/kernel.cu,PASS,0.138,0.010,0.007,0.458,0.741,0.537,1.890
/datadrive/gpuverify-tests/CUDA/return_val/longlong/kernel.cu,FAIL(4),0.138,0.015,0.006,0.000,0.000,0.000,0.159
/datadrive/gpuverify-tests/CUDA/pointertests/test6/kernel.cu,PASS,0.141,0.009,0.005,0.496,0.596,0.551,1.798
/datadrive/gpuverify-tests/CUDA/pointertests/test7/kernel.cu,PASS,0.135,0.011,0.005,0.375,0.505,0.459,1.490
/datadrive/gpuverify-tests/CUDA/pointertests/test8/kernel.cu,PASS,0.135,0.009,0.009,0.460,0.539,0.536,1.687
/datadrive/gpuverify-tests/CUDA/pointertests/test9/kernel.cu,PASS,0.135,0.012,0.009,0.434,0.539,0.536,1.666
/datadrive/gpuverify-tests/CUDA/pointertests/test_bad_pointer_procedure_call/kernel.cu,PASS,0.135,0.009,0.015,0.458,0.582,0.541,1.741
/datadrive/gpuverify-tests/CUDA/pointertests/test_copy_between_memory_spaces/kernel.cu,PASS,0.135,0.016,0.006,0.419,0.536,0.577,1.688
/datadrive/gpuverify-tests/CUDA/pointertests/test_copy_between_pointers/kernel.cu,PASS,0.144,0.016,0.006,0.426,0.579,0.535,1.706
/datadrive/gpuverify-tests/CUDA/predication/test1/kernel.cu,PASS,0.135,0.011,0.005,0.460,0.540,0.501,1.652
/datadrive/gpuverify-tests/CUDA/pointertests/test_pass_value_from_array/kernel.cu,PASS,0.143,0.009,0.005,0.458,0.619,0.499,1.734
/datadrive/gpuverify-tests/CUDA/predication/test2/kernel.cu,PASS,0.139,0.009,0.005,0.495,0.535,0.537,1.720
/datadrive/gpuverify-tests/CUDA/simpleparampassing/kernel.cu,PASS,0.138,0.009,0.006,0.378,0.540,0.557,1.627
/datadrive/gpuverify-tests/CUDA/struct/kernel.cu,PASS,0.135,0.010,0.005,0.383,0.465,0.538,1.537
/datadrive/gpuverify-tests/CUDA/simplereturn/kernel.cu,PASS,0.134,0.009,0.005,0.458,0.551,0.497,1.654
/datadrive/gpuverify-tests/CUDA/reduced_strength_with_requires/kernel.cu,PASS,0.142,0.010,0.008,0.580,0.784,0.581,2.104
/datadrive/gpuverify-tests/CUDA/store_in_byval_function/kernel.cu,PASS,0.135,0.009,0.006,0.505,0.576,0.539,1.769
/datadrive/gpuverify-tests/CUDA/ternarytest/kernel.cu,PASS,0.141,0.016,0.015,0.504,0.535,0.541,1.752
/datadrive/gpuverify-tests/CUDA/reduced_strength_blockwise/kernel.cu,PASS,0.136,0.009,0.005,0.576,0.984,0.985,2.694
/datadrive/gpuverify-tests/CUDA/threadfence/kernel.cu,PASS,0.135,0.014,0.006,0.383,0.497,0.459,1.495
/datadrive/gpuverify-tests/CUDA/test_for_get_group_id/kernel.cu,PASS,0.144,0.013,0.011,0.424,0.536,0.498,1.626
/datadrive/gpuverify-tests/CUDA/ternarytest2/kernel.cu,PASS,0.134,0.010,0.007,0.500,0.576,0.577,1.804
/datadrive/gpuverify-tests/CUDA/unusedreturn/kernel.cu,PASS,0.140,0.021,0.005,0.416,0.539,0.540,1.660
/datadrive/gpuverify-tests/CUDA/warpsize/kernel.cu,PASS,0.144,0.011,0.006,0.418,0.577,0.540,1.695
/datadrive/gpuverify-tests/CUDA/warpsync/2d/kernel.cu,PASS,0.140,0.014,0.005,0.456,0.599,0.697,1.912
/datadrive/gpuverify-tests/CUDA/transitiveclosure/kernel.cu,PASS,0.136,0.015,0.008,0.575,0.898,0.619,2.252
/datadrive/gpuverify-tests/CUDA/warpsync/bad_inter_group/kernel.cu,FAIL(6),0.137,0.009,0.005,0.508,0.576,0.698,1.933
/datadrive/gpuverify-tests/CUDA/scope/kernel.cu,PASS,0.156,0.021,0.006,0.619,1.866,0.665,3.333
/datadrive/gpuverify-tests/CUDA/warpsync/broken_shuffle/kernel.cu,FAIL(6),0.135,0.009,0.009,0.455,0.585,0.659,1.852
/datadrive/gpuverify-tests/CUDA/warpsync/equality_abstraction_issue/kernel.cu,FAIL(6),0.141,0.013,0.009,0.457,0.622,0.704,1.946
/datadrive/gpuverify-tests/CUDA/warpsync/refined_equality_abstraction/kernel.cu,PASS,0.137,0.016,0.005,0.496,0.583,0.584,1.821
/datadrive/gpuverify-tests/CUDA/warpsync/shuffle/kernel.cu,PASS,0.135,0.027,0.005,0.459,0.616,0.537,1.780
/datadrive/gpuverify-tests/CUDA/warpsync/intragroup_scan/kernel.cu,PASS,0.135,0.010,0.015,0.540,0.696,0.898,2.294
/datadrive/gpuverify-tests/CUDA/warpsync/scan_warp/kernel.cu,PASS,0.139,0.010,0.006,0.505,0.699,0.819,2.178
/datadrive/gpuverify-tests/CUDASamples/2_Graphics_marchingCubes_compactVoxels/kernel.cu,PASS,0.140,0.011,0.011,0.500,0.581,0.672,1.916
/datadrive/gpuverify-tests/CUDASamples/2_Graphics_marchingCubes_classifyVoxel/kernel.cu,PASS,0.135,0.017,0.015,0.537,0.616,0.698,2.018
/datadrive/gpuverify-tests/CUDASamples/3_Imaging_dct8x8_CUDAkernelQuantizationFloat/kernel.cu,PASS,0.134,0.008,0.020,0.498,0.616,0.595,1.872
/datadrive/gpuverify-tests/CUDASamples/3_Imaging_dct8x8_CUDAkernelQuantizationShort/kernel.cu,PASS,0.135,0.016,0.021,0.515,0.592,0.582,1.859
/datadrive/gpuverify-tests/CUDASamples/3_Imaging_recursiveGaussian_d_transpose/kernel.cu,FAIL(6),0.145,0.025,0.014,0.502,0.656,0.777,2.119
/datadrive/gpuverify-tests/CUDASamples/3_Imaging_histogram_mergeHistogram256Kernel/kernel.cu,FAIL(6),0.135,0.018,0.005,0.577,1.017,0.857,2.610
/datadrive/gpuverify-tests/CUDASamples/3_Imaging_histogram_mergeHistogram64Kernel/kernel.cu,FAIL(6),0.134,0.015,0.009,0.617,1.058,0.864,2.698
/datadrive/gpuverify-tests/CUDASamples/3_Imaging_stereoDisparity_stereoDisparity/kernel.cu,FAIL(6),0.139,0.023,0.009,0.697,1.544,0.000,2.413
/datadrive/gpuverify-tests/CUDASamples/3_Imaging_dct8x8_CUDAkernel1DCT/kernel.cu,FAIL(6),0.144,0.016,0.005,0.578,1.713,1.300,3.757
/datadrive/gpuverify-tests/CUDASamples/3_Imaging_imageDenoising_imageDenoising_nlm2_kernel/kernel.cu,FAIL(6),0.135,0.019,0.015,0.672,0.783,1.743,3.367
/datadrive/gpuverify-tests/CUDASamples/3_Imaging_dct8x8_CUDAkernel1IDCT/kernel.cu,PASS,0.134,0.020,0.009,0.621,3.193,0.816,4.793
/datadrive/gpuverify-tests/CUDASamples/0_Simple_matrixMul_matrixMul/kernel.cu,FAIL(6),0.135,0.016,0.009,0.616,2.992,2.112,5.879
/datadrive/gpuverify-tests/CUDASamples/6_Advanced_mergeSort_mergeRanksAndIndicesKernel/kernel.cu,PASS,0.134,0.020,0.028,0.576,0.656,0.777,2.191
/datadrive/gpuverify-tests/CUDASamples/6_Advanced_reduction_reduce0/kernel.cu,FAIL(6),0.134,0.016,0.009,0.618,1.143,1.026,2.946
/datadrive/gpuverify-tests/CUDASamples/6_Advanced_concurrentKernels_sum/kernel.cu,FAIL(6),0.135,0.012,0.006,0.615,2.145,0.987,3.900
/datadrive/gpuverify-tests/CUDASamples/5_Simulations_particles_reorderDataAndFindCellStateD/kernel.cu,FAIL(6),0.135,0.029,0.009,0.547,0.702,3.550,4.972
/datadrive/gpuverify-tests/CUDASamples/6_Advanced_reduction_reduce2/kernel.cu,FAIL(6),0.144,0.011,0.006,0.575,1.259,0.938,2.932
/datadrive/gpuverify-tests/CUDASamples/6_Advanced_reduction_reduce1/kernel.cu,FAIL(6),0.134,0.017,0.009,0.615,1.543,1.220,3.538
/datadrive/gpuverify-tests/CUDASamples/6_Advanced_reduction_reduce3/kernel.cu,FAIL(6),0.135,0.016,0.013,0.619,1.060,0.905,2.746
/datadrive/gpuverify-tests/CUDASamples/6_Advanced_mergeSort_generateSampleRanksKernel/kernel.cu,PASS,0.144,0.015,0.010,0.588,0.709,3.235,4.701
/datadrive/gpuverify-tests/CUDASamples/6_Advanced_scan_uniformUpdate/kernel.cu,FAIL(6),0.140,0.018,0.005,0.495,0.625,0.987,2.270
/datadrive/gpuverify-tests/CUDASamples/6_Advanced_shfl_scan_shfl_scan_test/kernel.cu,FAIL(6),0.135,0.015,0.013,0.582,0.751,1.066,2.562
/datadrive/gpuverify-tests/CUDASamples/6_Advanced_shfl_scan_uniform_add/kernel.cu,FAIL(6),0.135,0.029,0.009,0.540,0.624,0.777,2.113
/datadrive/gpuverify-tests/CUDASamples/6_Advanced_scan_scanExclusiveShared/kernel.cu,FAIL(6),0.134,0.009,0.009,0.582,2.229,2.873,5.836
/datadrive/gpuverify-tests/CUDASamples/6_Advanced_scan_scanExclusiveShared2/kernel.cu,FAIL(6),0.141,0.014,0.010,0.577,2.823,1.624,5.190
/datadrive/gpuverify-tests/CUDASamples/6_Advanced_sortingNetworks_bitonicMergeGlobal/kernel.cu,PASS,0.141,0.009,0.006,0.536,0.617,0.937,2.245
/datadrive/gpuverify-tests/CUDASamples/3_Imaging_convolutionSeparable_convolutionRowsKernel/kernel.cu,FAIL(6),0.141,0.009,0.014,0.619,8.055,7.886,16.723
/datadrive/gpuverify-tests/CUDASamples/6_Advanced_simpleHyperQ_sum/kernel.cu,FAIL(6),0.141,0.016,0.013,0.629,2.189,0.979,3.968
/datadrive/gpuverify-tests/CUDASamples/6_Advanced_sortingNetworks_oddEvenMergeGlobal/kernel.cu,PASS,0.134,0.015,0.009,0.536,0.616,0.897,2.207
/datadrive/gpuverify-tests/CUDASamples/4_Finance_SobolQRNG_sobol/kernel.cu,FAIL(6),0.137,0.015,0.006,0.655,10.187,6.329,17.330
/datadrive/gpuverify-tests/CUDASamples/6_Advanced_threadFenceReduction_reduceMultiPass/kernel.cu,PASS,0.142,0.015,0.009,0.585,0.777,1.152,2.680
/datadrive/gpuverify-tests/CUDASamples/6_Advanced_transpose_copySharedMem/kernel.cu,PASS,0.141,0.016,0.009,0.657,1.381,1.064,3.268
/datadrive/gpuverify-tests/CUDASamples/6_Advanced_transpose_copy/kernel.cu,PASS,0.135,0.015,0.009,0.585,3.159,0.822,4.724
/datadrive/gpuverify-tests/CUDASamples/6_Advanced_reduction_reduce4/kernel.cu,FAIL(6),0.135,0.015,0.009,0.657,1.058,15.357,17.230
/datadrive/gpuverify-tests/CUDASamples/3_Imaging_convolutionSeparable_convolutionColumnsKernel/kernel.cu,FAIL(6),0.134,0.009,0.010,0.619,12.755,10.097,23.624
/datadrive/gpuverify-tests/CUDASamples/3_Imaging_dwtHaar1D_dwtHaar1D/kernel.cu,FAIL(6),0.144,0.016,0.017,0.616,20.834,3.266,24.893
/datadrive/gpuverify-tests/CUDASamples/6_Advanced_transpose_transposeCoalesced/kernel.cu,PASS,0.136,0.017,0.009,0.656,4.713,0.956,6.486
/datadrive/gpuverify-tests/CUDASamples/6_Advanced_transpose_transposeDiagonal/kernel.cu,PASS,0.150,0.016,0.009,0.630,1.946,1.103,3.855
/datadrive/gpuverify-tests/CUDASamples/7_CUDALibraries_MC_EstimatePiInlineP_initRNG/kernel.cu,PASS,0.134,0.009,0.011,0.496,0.583,0.588,1.822
/datadrive/gpuverify-tests/CUDASamples/6_Advanced_transpose_transposeNaive/kernel.cu,PASS,0.139,0.015,0.009,0.623,3.304,0.899,4.990
/datadrive/gpuverify-tests/CUDASamples/7_CUDALibraries_MC_EstimatePiInlineP_computeValue/kernel.cu,PASS,0.135,0.015,0.009,0.656,1.270,0.656,2.741
/datadrive/gpuverify-tests/CUDASamples/7_CUDALibraries_MC_SingleAsianOptionP_initRNG/kernel.cu,PASS,0.134,0.009,0.006,0.456,0.579,0.618,1.801
/datadrive/gpuverify-tests/CUDASamples/7_CUDALibraries_MC_SingleAsianOptionP_computeValue/kernel.cu,PASS,0.134,0.020,0.007,0.576,0.672,0.595,2.004
/datadrive/gpuverify-tests/MicroBenchmarks/1-1-If/kernel.cu,FAIL(6),0.139,0.016,0.010,0.536,0.619,0.737,2.058
/datadrive/gpuverify-tests/CUDASamples/3_Imaging_HSOpticalFlow_solverKernel/kernel.cu,FAIL(6),0.137,0.019,0.007,0.587,0.697,30.473,31.920
/datadrive/gpuverify-tests/CUDASamples/6_Advanced_transpose_transposeCoarseGrained/kernel.cu,PASS,0.177,0.009,0.009,0.661,7.051,1.506,9.414
/datadrive/gpuverify-tests/MicroBenchmarks/1-1-loop-inter/kernel.cu,FAIL(6),0.134,0.009,0.006,0.496,0.588,0.702,1.933
/datadrive/gpuverify-tests/MicroBenchmarks/1-1-main/kernel.cu,FAIL(6),0.135,0.009,0.009,0.455,0.583,0.658,1.849
/datadrive/gpuverify-tests/MicroBenchmarks/1-1-loop-intra/kernel.cu,FAIL(6),0.145,0.009,0.005,0.616,1.183,0.777,2.735
/datadrive/gpuverify-tests/MicroBenchmarks/2-1-main/kernel.cu,FAIL(6),0.135,0.014,0.006,0.458,0.577,0.676,1.866
/datadrive/gpuverify-tests/CUDASamples/6_Advanced_transpose_transposeFineGrained/kernel.cu,PASS,0.135,0.019,0.018,0.656,8.683,1.309,10.820
/datadrive/gpuverify-tests/MicroBenchmarks/2-1-loop-d2-intra/kernel.cu,FAIL(6),0.142,0.010,0.011,0.579,1.154,0.704,2.600
/datadrive/gpuverify-tests/MicroBenchmarks/2-2-loop-both/kernel.cu,FAIL(6),0.146,0.009,0.014,0.594,0.738,0.700,2.201
/datadrive/gpuverify-tests/OpenCL/abstract_add/associativity/kernel.cl,PASS,0.415,0.016,0.009,0.419,0.536,0.496,1.891
/datadrive/gpuverify-tests/OpenCL/abstract_add/associativity_char/kernel.cl,PASS,0.426,0.009,0.018,0.383,0.536,0.499,1.871
/datadrive/gpuverify-tests/MicroBenchmarks/2-2-loop-d2-both/kernel.cu,FAIL(6),0.136,0.009,0.009,0.584,1.221,0.776,2.736
/datadrive/gpuverify-tests/OpenCL/abstract_add/associativity_short/kernel.cl,PASS,0.422,0.015,0.006,0.375,0.497,0.536,1.851
/datadrive/gpuverify-tests/OpenCL/abstract_add/fail_decreasing/kernel.cl,FAIL(6),0.415,0.009,0.006,0.375,0.537,0.536,1.877
/datadrive/gpuverify-tests/CUDASamples/6_Advanced_transpose_transposeNoBankConflicts/kernel.cu,PASS,0.134,0.016,0.009,0.669,8.885,1.224,10.937
/datadrive/gpuverify-tests/OpenCL/abstract_add/increasing/kernel.cl,PASS,0.416,0.016,0.026,0.457,0.542,0.541,1.997
/datadrive/gpuverify-tests/OpenCL/abstract_add/zero/kernel.cl,PASS,0.419,0.012,0.005,0.415,0.496,0.500,1.847
/datadrive/gpuverify-tests/OpenCL/addressofinit/kernel.cl,PASS,0.415,0.009,0.005,0.429,0.576,0.580,2.014
/datadrive/gpuverify-tests/OpenCL/addressofread/kernel.cl,PASS,0.415,0.009,0.005,0.459,0.579,0.496,1.963
/datadrive/gpuverify-tests/OpenCL/alignment/initialisation/kernel.cl,PASS,0.418,0.009,0.005,0.438,0.541,0.507,1.919
/datadrive/gpuverify-tests/CUDASamples/6_Advanced_reduction_reduce5/kernel.cu,FAIL(6),0.137,0.015,0.009,0.582,0.736,29.730,31.209
/datadrive/gpuverify-tests/OpenCL/alignment/int3int4/kernel.cl,PASS,0.415,0.016,0.006,0.457,0.576,0.656,2.125
/datadrive/gpuverify-tests/OpenCL/always_inline/kernel.cl,PASS,0.420,0.017,0.005,0.417,0.496,0.500,1.855
/datadrive/gpuverify-tests/OpenCL/alignment/race_location/kernel.cl,FAIL(6),0.417,0.009,0.005,0.495,0.576,0.700,2.202
/datadrive/gpuverify-tests/CUDASamples/6_Advanced_shfl_scan_shfl_vertical_shfl/kernel.cu,FAIL(6),0.143,0.016,0.009,0.618,25.041,2.633,28.461
/datadrive/gpuverify-tests/OpenCL/annotation_tests/fail_assert_false/kernel.cl,FAIL(6),0.415,0.010,0.005,0.375,0.536,0.579,1.921
/datadrive/gpuverify-tests/OpenCL/annotation_tests/fail_function_wide_invariant/kernel.cl,FAIL(6),0.416,0.020,0.009,0.588,0.000,0.659,1.692
/datadrive/gpuverify-tests/OpenCL/annotation_tests/fail_assume_true/kernel.cl,FAIL(6),0.375,0.012,0.005,0.384,0.495,0.582,1.855
/datadrive/gpuverify-tests/OpenCL/annotation_tests/fail_ptr_offset/kernel.cl,FAIL(6),0.503,0.021,0.014,0.500,0.656,0.000,1.694
/datadrive/gpuverify-tests/OpenCL/annotation_tests/invariant_specification_mistakes/nowhere_near_loop_head/kernel.cl,FAIL(5),0.415,0.018,0.006,0.255,0.000,0.000,0.693
/datadrive/gpuverify-tests/OpenCL/annotation_tests/global_ensures/fail/kernel.cl,FAIL(6),0.415,0.016,0.009,0.495,0.740,0.000,1.676
/datadrive/gpuverify-tests/OpenCL/annotation_tests/invariant_specification_mistakes/short_circuit_and/kernel.cl,FAIL(5),0.425,0.009,0.005,0.256,0.000,0.000,0.695
/datadrive/gpuverify-tests/OpenCL/annotation_tests/invariant_specification_mistakes/short_circuit_or/kernel.cl,FAIL(5),0.415,0.010,0.008,0.256,0.000,0.000,0.689
/datadrive/gpuverify-tests/OpenCL/annotation_tests/fail_read_offset_global/kernel.cl,FAIL(6),0.418,0.016,0.006,0.456,0.696,0.576,2.167
/datadrive/gpuverify-tests/OpenCL/annotation_tests/invariant_specification_mistakes/short_circuit_ternary/kernel.cl,FAIL(5),0.416,0.013,0.009,0.256,0.000,0.000,0.694
/datadrive/gpuverify-tests/OpenCL/annotation_tests/global_requires/fail/kernel.cl,FAIL(6),0.416,0.009,0.006,0.496,0.708,0.000,1.635
/datadrive/gpuverify-tests/OpenCL/annotation_tests/global_ensures/pass/kernel.cl,PASS,0.416,0.013,0.009,0.460,0.660,0.511,2.067
/datadrive/gpuverify-tests/OpenCL/annotation_tests/global_requires/pass/kernel.cl,PASS,0.418,0.016,0.005,0.460,0.616,0.539,2.054
/datadrive/gpuverify-tests/OpenCL/annotation_tests/invariants_as_candidates/kernel.cl,PASS,0.378,0.015,0.006,0.538,0.656,0.495,2.088
/datadrive/gpuverify-tests/OpenCL/annotation_tests/no_annotations/kernel.cl,PASS,0.417,0.018,0.011,0.463,0.537,0.497,1.943
/datadrive/gpuverify-tests/OpenCL/annotation_tests/ite/kernel.cl,PASS,0.470,0.016,0.009,0.581,0.704,0.580,2.359
/datadrive/gpuverify-tests/OpenCL/annotation_tests/only_requires/kernel.cl,PASS,0.415,0.009,0.005,0.536,0.737,0.587,2.289
/datadrive/gpuverify-tests/OpenCL/annotation_tests/specification_tests/fail/bad_write/kernel.cl,FAIL(6),0.419,0.022,0.010,0.458,0.579,0.659,2.147
/datadrive/gpuverify-tests/OpenCL/annotation_tests/shared_state_invariant_tests/simple_shared_state_invariant/kernel.cl,PASS,0.377,0.009,0.006,0.536,0.741,0.575,2.244
/datadrive/gpuverify-tests/OpenCL/annotation_tests/specification_tests/pass/simple_spec/kernel.cl,PASS,0.417,0.015,0.009,0.461,0.579,0.643,2.125
/datadrive/gpuverify-tests/OpenCL/annotation_tests/specification_tests/pass/vacuous_spec/kernel.cl,PASS,0.455,0.009,0.008,0.424,0.616,0.554,2.067
/datadrive/gpuverify-tests/OpenCL/annotation_tests/shared_state_invariant_tests/shared_state_two_arrays/kernel.cl,PASS,0.415,0.015,0.005,0.575,1.020,0.619,2.651
/datadrive/gpuverify-tests/OpenCL/annotation_tests/test_all/kernel.cl,PASS,0.415,0.009,0.008,0.430,0.503,0.617,1.982
/datadrive/gpuverify-tests/OpenCL/annotation_tests/specification_tests/pass/value_related_spec/kernel.cl,PASS,0.415,0.016,0.009,0.459,0.575,0.548,2.022
/datadrive/gpuverify-tests/OpenCL/annotation_tests/test_assert_true/kernel.cl,PASS,0.417,0.009,0.006,0.380,0.496,0.495,1.802
/datadrive/gpuverify-tests/OpenCL/annotation_tests/test_assert/kernel.cl,PASS,0.418,0.017,0.008,0.418,0.541,0.578,1.980
/datadrive/gpuverify-tests/OpenCL/annotation_tests/test_assume_false/kernel.cl,PASS,0.418,0.010,0.005,0.415,0.498,0.502,1.849
/datadrive/gpuverify-tests/OpenCL/annotation_tests/test_assume/kernel.cl,PASS,0.384,0.009,0.006,0.418,0.541,0.618,1.975
/datadrive/gpuverify-tests/OpenCL/annotation_tests/test_axiom/kernel.cl,PASS,0.428,0.015,0.006,0.457,0.617,0.546,2.069
/datadrive/gpuverify-tests/OpenCL/annotation_tests/test_candidate_invariant/kernel.cl,PASS,0.379,0.010,0.006,0.498,0.705,0.497,2.094
/datadrive/gpuverify-tests/OpenCL/annotation_tests/test_candidate_global_invariant/kernel.cl,PASS,0.415,0.017,0.006,0.581,0.904,0.576,2.499
/datadrive/gpuverify-tests/OpenCL/annotation_tests/test_contract/kernel.cl,PASS,0.416,0.020,0.006,0.464,0.621,0.535,2.062
/datadrive/gpuverify-tests/OpenCL/annotation_tests/test_exclusive/kernel.cl,PASS,0.458,0.009,0.005,0.416,0.496,0.499,1.883
/datadrive/gpuverify-tests/OpenCL/annotation_tests/test_enabled_and_uniform/kernel.cl,PASS,0.458,0.009,0.006,0.535,0.665,0.500,2.173
/datadrive/gpuverify-tests/OpenCL/annotation_tests/test_ensures/kernel.cl,PASS,0.416,0.016,0.010,0.456,0.696,0.576,2.170
/datadrive/gpuverify-tests/OpenCL/annotation_tests/test_distinct/kernel.cl,PASS,0.418,0.009,0.011,0.544,0.777,0.744,2.502
/datadrive/gpuverify-tests/OpenCL/annotation_tests/test_function_wide_invariant/kernel.cl,PASS,0.415,0.022,0.014,0.526,0.000,0.657,1.634
/datadrive/gpuverify-tests/OpenCL/annotation_tests/test_for_loop_invariant/kernel.cl,PASS,0.420,0.016,0.006,0.495,0.657,0.500,2.093
/datadrive/gpuverify-tests/OpenCL/annotation_tests/test_loop_invariant_then_assert/kernel.cl,PASS,0.456,0.009,0.006,0.496,0.664,0.496,2.127
/datadrive/gpuverify-tests/CUDASamples/6_Advanced_reduction_reduce6/kernel.cu,FAIL(6),0.135,0.013,0.011,0.616,0.744,38.807,40.326
/datadrive/gpuverify-tests/OpenCL/annotation_tests/test_loop_invariant_then_assert2/kernel.cl,PASS,0.435,0.009,0.006,0.540,0.703,0.696,2.388
/datadrive/gpuverify-tests/OpenCL/annotation_tests/test_old/kernel.cl,PASS,0.422,0.009,0.005,0.415,0.541,0.506,1.899
/datadrive/gpuverify-tests/CUDASamples/4_Finance_binomialOptions_binomialOptions/kernel.cu,FAIL(6),0.140,0.011,0.009,0.696,43.371,2.962,47.189
/datadrive/gpuverify-tests/OpenCL/annotation_tests/test_precondition_on_kernel/kernel.cl,PASS,0.382,0.017,0.012,0.416,0.583,0.548,1.958
/datadrive/gpuverify-tests/OpenCL/annotation_tests/test_read_global/kernel.cl,PASS,0.498,0.010,0.005,0.456,0.587,0.584,2.140
/datadrive/gpuverify-tests/OpenCL/annotation_tests/test_ptr_offset/kernel.cl,PASS,0.416,0.009,0.006,0.499,0.705,0.541,2.176
/datadrive/gpuverify-tests/OpenCL/annotation_tests/test_read_local/kernel.cl,PASS,0.429,0.018,0.012,0.465,0.577,0.579,2.079
/datadrive/gpuverify-tests/OpenCL/annotation_tests/test_read_global_fail/kernel.cl,FAIL(6),0.415,0.009,0.006,0.456,0.580,0.658,2.124
/datadrive/gpuverify-tests/OpenCL/annotation_tests/test_read_local_fail/kernel.cl,FAIL(6),0.416,0.009,0.005,0.455,0.576,0.702,2.163
/datadrive/gpuverify-tests/OpenCL/annotation_tests/test_read_offset/kernel.cl,PASS,0.429,0.009,0.005,0.415,0.538,0.495,1.891
/datadrive/gpuverify-tests/OpenCL/annotation_tests/test_read_offset_global/kernel.cl,PASS,0.424,0.010,0.013,0.455,0.581,0.536,2.019
/datadrive/gpuverify-tests/OpenCL/annotation_tests/test_requires/kernel.cl,PASS,0.417,0.016,0.010,0.537,0.658,0.576,2.213
/datadrive/gpuverify-tests/OpenCL/annotation_tests/test_while_loop_invariant/kernel.cl,PASS,0.416,0.017,0.019,0.506,0.656,0.536,2.150
/datadrive/gpuverify-tests/OpenCL/annotation_tests/test_write_global/kernel.cl,PASS,0.426,0.012,0.008,0.424,0.544,0.549,1.963
/datadrive/gpuverify-tests/OpenCL/annotation_tests/test_write_global_fail/kernel.cl,FAIL(6),0.437,0.009,0.006,0.455,0.576,0.623,2.106
/datadrive/gpuverify-tests/OpenCL/annotation_tests/test_write_local/kernel.cl,PASS,0.390,0.009,0.005,0.456,0.578,0.588,2.027
/datadrive/gpuverify-tests/OpenCL/array_bounds_tests/array_in_array_2/kernel.cl,PASS,0.416,0.009,0.010,0.460,0.540,0.538,1.972
/datadrive/gpuverify-tests/OpenCL/annotation_tests/test_write_local_fail/kernel.cl,FAIL(6),0.458,0.009,0.010,0.421,0.576,0.616,2.091
/datadrive/gpuverify-tests/OpenCL/array_bounds_tests/array_in_array/kernel.cl,FAIL(6),0.456,0.015,0.010,0.455,0.576,0.660,2.172
/datadrive/gpuverify-tests/OpenCL/array_bounds_tests/array_in_array_param/kernel.cl,FAIL(6),0.415,0.010,0.005,0.455,0.579,0.656,2.119
/datadrive/gpuverify-tests/OpenCL/array_bounds_tests/multi_dim_array/kernel.cl,PASS,0.416,0.011,0.005,0.455,0.576,0.555,2.018
/datadrive/gpuverify-tests/OpenCL/array_bounds_tests/multi_dim_array_fail_upper/kernel.cl,FAIL(6),0.415,0.012,0.008,0.462,0.585,0.661,2.142
/datadrive/gpuverify-tests/OpenCL/array_bounds_tests/negative_index_multi_dim/kernel.cl,PASS,0.376,0.020,0.006,0.499,0.580,0.537,2.016
/datadrive/gpuverify-tests/OpenCL/array_bounds_tests/private_array/kernel.cl,PASS,0.377,0.011,0.013,0.466,0.536,0.459,1.863
/datadrive/gpuverify-tests/OpenCL/array_bounds_tests/negative_index_multi_dim_fail/kernel.cl,FAIL(6),0.424,0.018,0.012,0.470,0.535,0.657,2.115
/datadrive/gpuverify-tests/OpenCL/array_bounds_tests/realign_simple/kernel.cl,PASS,0.425,0.009,0.006,0.455,0.545,0.576,2.015
/datadrive/gpuverify-tests/OpenCL/array_bounds_tests/realign_simple_fail/kernel.cl,FAIL(6),0.428,0.009,0.005,0.455,0.577,0.619,2.094
/datadrive/gpuverify-tests/OpenCL/array_bounds_tests/simple_array_fail_lower/kernel.cl,FAIL(6),0.424,0.009,0.005,0.455,0.578,0.617,2.088
/datadrive/gpuverify-tests/OpenCL/array_bounds_tests/simple_array/kernel.cl,PASS,0.421,0.011,0.005,0.458,0.742,0.536,2.173
/datadrive/gpuverify-tests/OpenCL/array_bounds_tests/simple_array_fail_upper/kernel.cl,FAIL(6),0.426,0.009,0.022,0.458,0.578,0.666,2.159
/datadrive/gpuverify-tests/OpenCL/array_bounds_tests/simple_array_fail_var/kernel.cl,FAIL(6),0.375,0.009,0.005,0.495,0.551,0.657,2.092
/datadrive/gpuverify-tests/OpenCL/arraycopy/kernel.cl,PASS,0.416,0.010,0.009,0.582,0.857,0.578,2.452
/datadrive/gpuverify-tests/OpenCL/asymmetric_asserts/fail/kernel.cl,FAIL(6),0.416,0.009,0.011,0.539,0.656,0.616,2.247
/datadrive/gpuverify-tests/OpenCL/asymmetric_asserts/pass/kernel.cl,PASS,0.416,0.018,0.013,0.508,0.737,0.496,2.189
/datadrive/gpuverify-tests/OpenCL/async_work_group_copy/fail/test1/kernel.cl,FAIL(6),0.415,0.015,0.006,0.503,0.661,0.738,2.339
/datadrive/gpuverify-tests/OpenCL/async_work_group_copy/fail/test12/kernel.cl,FAIL(6),0.391,0.009,0.009,0.576,0.781,0.000,1.766
/datadrive/gpuverify-tests/OpenCL/async_work_group_copy/fail/test10/kernel.cl,FAIL(6),0.415,0.013,0.006,0.540,0.618,0.661,2.252
/datadrive/gpuverify-tests/OpenCL/async_work_group_copy/fail/test11/kernel.cl,FAIL(6),0.415,0.016,0.010,0.576,0.657,0.780,2.455
/datadrive/gpuverify-tests/OpenCL/async_work_group_copy/fail/test13/kernel.cl,FAIL(6),0.466,0.016,0.032,0.576,0.628,0.665,2.384
/datadrive/gpuverify-tests/OpenCL/async_work_group_copy/fail/test16/kernel.cl,FAIL(6),0.417,0.019,0.006,0.540,0.582,0.586,2.150
/datadrive/gpuverify-tests/OpenCL/async_work_group_copy/fail/test14/kernel.cl,FAIL(6),0.382,0.016,0.022,0.536,0.616,0.941,2.513
/datadrive/gpuverify-tests/OpenCL/async_work_group_copy/fail/test8/kernel.cl,FAIL(4),0.459,0.015,0.009,0.000,0.000,0.000,0.483
/datadrive/gpuverify-tests/OpenCL/async_work_group_copy/fail/test15/kernel.cl,FAIL(6),0.427,0.009,0.019,0.546,0.699,1.299,3.000
/datadrive/gpuverify-tests/OpenCL/async_work_group_copy/fail/test18/kernel.cl,FAIL(6),0.419,0.010,0.006,0.590,0.656,0.625,2.306
/datadrive/gpuverify-tests/OpenCL/async_work_group_copy/fail/test6/kernel.cl,FAIL(6),0.422,0.009,0.005,0.497,0.657,0.000,1.591
/datadrive/gpuverify-tests/OpenCL/async_work_group_copy/fail/test2/kernel.cl,FAIL(6),0.420,0.022,0.009,0.539,0.657,0.947,2.593
/datadrive/gpuverify-tests/OpenCL/async_work_group_copy/fail/test7/kernel.cl,FAIL(6),0.436,0.011,0.005,0.502,0.700,0.000,1.654
/datadrive/gpuverify-tests/OpenCL/async_work_group_copy/fail/test3/kernel.cl,FAIL(6),0.424,0.009,0.005,0.537,0.696,1.024,2.696
/datadrive/gpuverify-tests/OpenCL/async_work_group_copy/fail/test4/kernel.cl,FAIL(6),0.419,0.009,0.006,0.581,0.779,1.299,3.092
/datadrive/gpuverify-tests/OpenCL/async_work_group_copy/fail/test17/kernel.cl,FAIL(6),0.416,0.018,0.009,0.616,0.826,2.222,4.107
/datadrive/gpuverify-tests/OpenCL/async_work_group_copy/fail/test9/kernel.cl,FAIL(6),0.423,0.009,0.005,0.582,0.658,0.740,2.418
/datadrive/gpuverify-tests/OpenCL/async_work_group_copy/fail/test5/kernel.cl,FAIL(6),0.427,0.011,0.009,0.590,0.740,1.510,3.286
/datadrive/gpuverify-tests/OpenCL/async_work_group_copy/pass/test1/kernel.cl,PASS,0.415,0.015,0.011,0.581,0.621,0.669,2.313
/datadrive/gpuverify-tests/OpenCL/async_work_group_copy/pass/test2/kernel.cl,PASS,0.437,0.015,0.009,0.580,0.660,0.718,2.420
/datadrive/gpuverify-tests/OpenCL/async_work_group_copy/pass/test3/kernel.cl,PASS,0.416,0.021,0.010,0.581,0.701,0.777,2.506
/datadrive/gpuverify-tests/OpenCL/async_work_group_copy/pass/test5/kernel.cl,PASS,0.376,0.009,0.005,0.535,0.658,0.623,2.207
/datadrive/gpuverify-tests/CUDASamples/6_Advanced_threadFenceReduction_reduceSinglePass/kernel.cu,FAIL(6),0.134,0.015,0.009,0.696,15.262,26.770,42.886
/datadrive/gpuverify-tests/OpenCL/async_work_group_copy/pass/test7/kernel.cl,PASS,0.416,0.011,0.005,0.541,0.665,0.736,2.374
/datadrive/gpuverify-tests/OpenCL/async_work_group_copy/pass/test4/kernel.cl,PASS,0.458,0.017,0.006,0.542,0.776,1.299,3.099
/datadrive/gpuverify-tests/OpenCL/async_work_group_copy/pass/test6/kernel.cl,PASS,0.424,0.015,0.009,0.587,0.778,1.140,2.953
/datadrive/gpuverify-tests/OpenCL/atomics/counter/kernel.cl,PASS,0.416,0.009,0.005,0.495,0.618,0.580,2.122
/datadrive/gpuverify-tests/OpenCL/atomics/atomic_read_race/kernel.cl,FAIL(6),0.456,0.010,0.005,0.459,0.579,0.669,2.179
/datadrive/gpuverify-tests/OpenCL/atomics/equality_fail/kernel.cl,FAIL(5),0.376,0.016,0.006,0.215,0.000,0.000,0.612
/datadrive/gpuverify-tests/OpenCL/atomics/definitions_atom_int/kernel.cl,PASS,0.426,0.016,0.010,0.456,0.624,0.577,2.108
/datadrive/gpuverify-tests/OpenCL/atomics/definitions_float/kernel.cl,PASS,0.378,0.009,0.005,0.464,0.536,0.540,1.932
/datadrive/gpuverify-tests/OpenCL/async_work_group_copy/pass/test9/kernel.cl,PASS,0.433,0.018,0.009,0.576,0.743,0.977,2.755
/datadrive/gpuverify-tests/OpenCL/atomics/definitions_int/kernel.cl,PASS,0.415,0.022,0.014,0.479,0.617,0.577,2.124
/datadrive/gpuverify-tests/OpenCL/async_work_group_copy/pass/test8/kernel.cl,PASS,0.415,0.013,0.008,0.667,0.940,1.305,3.348
/datadrive/gpuverify-tests/OpenCL/atomics/definitions_long/kernel.cl,PASS,0.512,0.009,0.005,0.464,0.616,0.576,2.182
/datadrive/gpuverify-tests/OpenCL/atomics/displaced/kernel.cl,FAIL(6),0.387,0.009,0.013,0.457,0.583,0.661,2.110
/datadrive/gpuverify-tests/OpenCL/atomics/histo/kernel.cl,PASS,0.416,0.017,0.015,0.461,0.577,0.543,2.028
/datadrive/gpuverify-tests/OpenCL/atomics/mismatched_types/int_add_with_float/kernel.cl,PASS,0.415,0.009,0.006,0.455,0.576,0.596,2.057
/datadrive/gpuverify-tests/OpenCL/atomics/mismatched_types/int_add_with_long/kernel.cl,PASS,0.416,0.016,0.009,0.465,0.588,0.588,2.082
/datadrive/gpuverify-tests/OpenCL/atomics/forloop/kernel.cl,FAIL(6),0.432,0.010,0.007,0.581,0.656,0.656,2.342
/datadrive/gpuverify-tests/OpenCL/atomics/mismatched_types/int_add_with_short/kernel.cl,PASS,0.375,0.009,0.004,0.455,0.539,0.539,1.921
/datadrive/gpuverify-tests/OpenCL/atomics/pointers/kernel.cl,FAIL(6),0.378,0.010,0.006,0.495,0.576,0.741,2.206
/datadrive/gpuverify-tests/OpenCL/atomics/refined_atomic_abstraction/bad_local_counters/kernel.cl,FAIL(6),0.416,0.011,0.005,0.460,0.576,0.678,2.146
/datadrive/gpuverify-tests/OpenCL/atomics/refined_atomic_abstraction/check_used_treated_ok/kernel.cl,PASS,0.419,0.017,0.014,0.462,0.580,0.456,1.949
/datadrive/gpuverify-tests/OpenCL/atomics/refined_atomic_abstraction/access_in_loop/kernel.cl,PASS,0.416,0.016,0.009,0.577,0.784,0.580,2.381
/datadrive/gpuverify-tests/OpenCL/atomics/refined_atomic_abstraction/intra_access_in_loop/kernel.cl,PASS,0.415,0.009,0.006,0.576,0.755,0.576,2.336
/datadrive/gpuverify-tests/OpenCL/atomics/refined_atomic_abstraction/intra_local_counters/kernel.cl,PASS,0.417,0.009,0.006,0.461,0.584,0.539,2.015
/datadrive/gpuverify-tests/OpenCL/atomics/refined_atomic_abstraction/many_accesses/kernel.cl,PASS,0.417,0.024,0.010,0.464,0.659,0.623,2.196
/datadrive/gpuverify-tests/OpenCL/atomics/refined_atomic_abstraction/one_access/kernel.cl,PASS,0.418,0.009,0.015,0.460,0.576,0.708,2.186
/datadrive/gpuverify-tests/OpenCL/barrier_intervals/test1/kernel.cl,PASS,0.426,0.009,0.007,0.457,0.587,0.577,2.061
/datadrive/gpuverify-tests/OpenCL/atomics/refined_atomic_abstraction/predication/kernel.cl,FAIL(6),0.420,0.010,0.006,0.498,0.537,0.659,2.129
/datadrive/gpuverify-tests/OpenCL/barrier_intervals/test2/kernel.cl,FAIL(6),0.434,0.010,0.005,0.496,0.576,0.696,2.217
/datadrive/gpuverify-tests/CUDASamples/6_Advanced_sortingNetworks_bitonicMergeShared/kernel.cu,FAIL(6),0.137,0.016,0.009,0.618,41.948,9.496,52.224
/datadrive/gpuverify-tests/OpenCL/barrier_invariants/add_zero/kernel.cl,PASS,0.416,0.016,0.007,0.497,0.581,0.626,2.142
/datadrive/gpuverify-tests/OpenCL/barrier_intervals/test3/kernel.cl,PASS,0.421,0.016,0.006,0.617,1.157,0.583,2.800
/datadrive/gpuverify-tests/OpenCL/barrier_invariants/all_different/kernel.cl,PASS,0.415,0.014,0.010,0.538,0.621,0.779,2.378
/datadrive/gpuverify-tests/OpenCL/barrier_invariants/all_different_loop/kernel.cl,PASS,0.415,0.012,0.006,0.575,0.857,0.581,2.446
/datadrive/gpuverify-tests/OpenCL/barrier_invariants/conditional_barrier_invariant/kernel.cl,PASS,0.393,0.009,0.006,0.460,0.617,0.576,2.062
/datadrive/gpuverify-tests/OpenCL/barrier_invariants/fail/kernel.cl,FAIL(6),0.456,0.020,0.005,0.506,0.579,0.622,2.189
/datadrive/gpuverify-tests/OpenCL/barrier_invariants/global_array/kernel.cl,PASS,0.431,0.012,0.006,0.460,0.578,0.535,2.022
/datadrive/gpuverify-tests/OpenCL/barrier_invariants/no_access_check/kernel.cl,PASS,0.417,0.021,0.005,0.455,0.587,0.576,2.062
/datadrive/gpuverify-tests/OpenCL/barrier_invariants/jeroen_bug/kernel.cl,FAIL(6),0.431,0.026,0.019,0.455,0.616,0.657,2.204
/datadrive/gpuverify-tests/OpenCL/barrier_invariants/ternary/kernel.cl,PASS,0.416,0.015,0.009,0.536,0.623,0.579,2.178
/datadrive/gpuverify-tests/OpenCL/barrier_invariants/ghost_array/kernel.cl,PASS,0.425,0.017,0.010,0.620,1.181,0.899,3.153
/datadrive/gpuverify-tests/OpenCL/barrierconditionalkernelparam/kernel.cl,PASS,0.375,0.011,0.006,0.423,0.543,0.496,1.854
/datadrive/gpuverify-tests/OpenCL/basic1/kernel.cl,PASS,0.423,0.009,0.006,0.335,0.463,0.456,1.691
/datadrive/gpuverify-tests/OpenCL/barrier_invariants/test_all_unary_low/kernel.cl,PASS,0.381,0.016,0.011,0.544,0.657,0.786,2.396
/datadrive/gpuverify-tests/OpenCL/barrier_invariants/tid_barrier_invariant/kernel.cl,PASS,0.417,0.019,0.008,0.461,0.620,0.580,2.106
/datadrive/gpuverify-tests/OpenCL/barrier_invariants/wrap_around/kernel.cl,PASS,0.375,0.009,0.006,0.464,0.626,0.578,2.057
/datadrive/gpuverify-tests/OpenCL/barrier_invariants/test_all_unary_high/kernel.cl,PASS,0.376,0.011,0.009,0.496,0.696,0.977,2.565
/datadrive/gpuverify-tests/OpenCL/basicbarrier/kernel.cl,PASS,0.418,0.010,0.005,0.415,0.538,0.618,2.005
/datadrive/gpuverify-tests/OpenCL/basicglobalarray/kernel.cl,PASS,0.429,0.010,0.006,0.457,0.588,0.577,2.068
/datadrive/gpuverify-tests/OpenCL/benign_race_tests/fail/writeafterread_addition/kernel.cl,FAIL(6),0.386,0.013,0.005,0.458,0.577,0.658,2.097
/datadrive/gpuverify-tests/OpenCL/benign_race_tests/fail/writeafterread_otherval/kernel.cl,FAIL(6),0.423,0.012,0.015,0.458,0.537,0.665,2.110
/datadrive/gpuverify-tests/OpenCL/benign_race_tests/fail/writereadarray_equality/kernel.cl,FAIL(6),0.380,0.035,0.005,0.455,0.577,0.658,2.110
/datadrive/gpuverify-tests/OpenCL/benign_race_tests/fail/writetiddiv64_offbyone/kernel.cl,FAIL(6),0.418,0.015,0.006,0.415,0.576,0.660,2.090
/datadrive/gpuverify-tests/OpenCL/benign_race_tests/pass/writeafterread/kernel.cl,PASS,0.415,0.010,0.006,0.461,0.550,0.495,1.937
/datadrive/gpuverify-tests/OpenCL/benign_race_tests/fail/writezero_nobenign/kernel.cl,FAIL(6),0.378,0.009,0.005,0.458,0.536,0.621,2.007
/datadrive/gpuverify-tests/OpenCL/benign_race_tests/fail/writewritearray_adversarial/kernel.cl,FAIL(6),0.416,0.009,0.005,0.457,0.536,0.621,2.044
/datadrive/gpuverify-tests/OpenCL/benign_race_tests/pass/readafterwrite/kernel.cl,PASS,0.415,0.012,0.010,0.469,0.618,0.546,2.071
/datadrive/gpuverify-tests/OpenCL/benign_race_tests/pass/writetiddiv64/kernel.cl,PASS,0.416,0.016,0.006,0.456,0.548,0.541,1.983
/datadrive/gpuverify-tests/OpenCL/benign_race_tests/pass/writeinloop/kernel.cl,PASS,0.422,0.011,0.006,0.538,0.750,0.582,2.308
/datadrive/gpuverify-tests/OpenCL/benign_race_tests/pass/writewritearray/kernel.cl,PASS,0.418,0.009,0.005,0.455,0.584,0.544,2.015
/datadrive/gpuverify-tests/OpenCL/benign_race_tests/pass/writezero/kernel.cl,PASS,0.419,0.014,0.006,0.420,0.535,0.536,1.930
/datadrive/gpuverify-tests/OpenCL/bitand/kernel.cl,PASS,0.416,0.009,0.005,0.386,0.500,0.465,1.780
/datadrive/gpuverify-tests/OpenCL/bitnot/kernel.cl,PASS,0.416,0.009,0.006,0.385,0.497,0.459,1.771
/datadrive/gpuverify-tests/OpenCL/checkarrays/fail/arraydoesnotexist1/kernel.cl,FAIL(5),0.416,0.011,0.011,0.224,0.000,0.000,0.660
/datadrive/gpuverify-tests/OpenCL/bitor/kernel.cl,PASS,0.375,0.010,0.005,0.377,0.461,0.455,1.685
/datadrive/gpuverify-tests/OpenCL/bitxor/kernel.cl,PASS,0.416,0.010,0.009,0.379,0.497,0.498,1.809
/datadrive/gpuverify-tests/OpenCL/bool_bv_test/kernel.cl,PASS,0.377,0.017,0.015,0.376,0.496,0.455,1.736
/datadrive/gpuverify-tests/OpenCL/checkarrays/fail/arraydoesnotexist2/kernel.cl,FAIL(5),0.417,0.009,0.006,0.215,0.000,0.000,0.647
/datadrive/gpuverify-tests/OpenCL/casttofloat/kernel.cl,PASS,0.381,0.017,0.006,0.375,0.496,0.459,1.735
/datadrive/gpuverify-tests/OpenCL/break_test/kernel.cl,PASS,0.377,0.009,0.005,0.415,0.535,0.459,1.800
/datadrive/gpuverify-tests/OpenCL/booleanTests/kernel.cl,PASS,0.415,0.009,0.008,0.455,0.536,0.456,1.879
/datadrive/gpuverify-tests/OpenCL/bpl_integration/pass/kernel.cl,PASS,0.433,0.009,0.010,0.422,0.496,0.497,1.867
/datadrive/gpuverify-tests/OpenCL/ceil/kernel.cl,PASS,0.416,0.009,0.005,0.455,0.576,0.668,2.129
/datadrive/gpuverify-tests/OpenCL/conditional_int_test/kernel.cl,PASS,0.418,0.016,0.011,0.415,0.495,0.506,1.860
/datadrive/gpuverify-tests/OpenCL/checkarrays/pass/specifyall/kernel.cl,PASS,0.416,0.023,0.009,0.496,0.576,0.581,2.102
/datadrive/gpuverify-tests/OpenCL/checkarrays/pass/specifyone/kernel.cl,PASS,0.415,0.020,0.014,0.508,0.620,0.535,2.113
/datadrive/gpuverify-tests/OpenCL/constantnotparam/kernel.cl,PASS,0.459,0.020,0.011,0.498,0.544,0.536,2.068
/datadrive/gpuverify-tests/OpenCL/derived_from_uniformity_analysis_bug/kernel.cl,PASS,0.416,0.016,0.006,0.496,0.577,0.508,2.019
/datadrive/gpuverify-tests/CUDASamples/5_Simulations_nbody_nbody/kernel.cu,FAIL(6),0.150,0.017,0.016,0.656,47.581,23.300,71.719
/datadrive/gpuverify-tests/OpenCL/derivedfrombinomialoptions2/kernel.cl,PASS,0.431,0.009,0.006,0.459,0.536,0.579,2.020
/datadrive/gpuverify-tests/OpenCL/enabled/not_predicated/kernel.cl,PASS,0.415,0.011,0.008,0.417,0.535,0.537,1.924
/datadrive/gpuverify-tests/OpenCL/divergence/race_no_divergence/kernel.cl,PASS,0.417,0.014,0.006,0.457,0.536,0.540,1.969
/datadrive/gpuverify-tests/OpenCL/derivedfrombinomialoptions/kernel.cl,PASS,0.459,0.018,0.005,0.461,0.626,0.656,2.226
/datadrive/gpuverify-tests/OpenCL/divergence/race_and_divergence/kernel.cl,FAIL(6),0.420,0.009,0.005,0.464,0.542,0.632,2.073
/datadrive/gpuverify-tests/OpenCL/enabled/not_predicated_procedure/kernel.cl,PASS,0.386,0.016,0.012,0.461,0.590,0.538,2.002
/datadrive/gpuverify-tests/OpenCL/expression_simplification/and_test/kernel.cl,FAIL(6),0.417,0.023,0.011,0.537,0.580,0.622,2.191
/datadrive/gpuverify-tests/OpenCL/expression_simplification/basic_test/kernel.cl,FAIL(6),0.417,0.015,0.009,0.542,0.582,0.622,2.188
/datadrive/gpuverify-tests/OpenCL/expression_simplification/imp_antecedent/kernel.cl,FAIL(6),0.461,0.013,0.016,0.537,0.581,0.623,2.230
/datadrive/gpuverify-tests/OpenCL/expression_simplification/imp_bug/kernel.cl,FAIL(6),0.415,0.031,0.006,0.538,0.577,0.658,2.224
/datadrive/gpuverify-tests/OpenCL/float_constant_test/kernel.cl,PASS,0.415,0.008,0.005,0.386,0.498,0.497,1.810
/datadrive/gpuverify-tests/OpenCL/floatcastrequired/kernel.cl,PASS,0.375,0.009,0.005,0.375,0.496,0.498,1.760
/datadrive/gpuverify-tests/OpenCL/float_constant_test2/kernel.cl,PASS,0.417,0.010,0.023,0.376,0.496,0.458,1.779
/datadrive/gpuverify-tests/OpenCL/fail_bodiless_procedure/kernel.cl,FAIL(6),0.459,0.009,0.005,0.418,0.498,0.626,2.016
/datadrive/gpuverify-tests/OpenCL/floatrelationalop/kernel.cl,PASS,0.382,0.009,0.008,0.458,0.537,0.539,1.933
/datadrive/gpuverify-tests/OpenCL/expression_simplification/imp_consequent/kernel.cl,FAIL(6),0.375,0.015,0.009,0.537,0.616,0.659,2.212
/datadrive/gpuverify-tests/OpenCL/expression_simplification/or_test/kernel.cl,FAIL(6),0.419,0.019,0.005,0.577,0.619,0.621,2.259
/datadrive/gpuverify-tests/OpenCL/function_wide/fail/not_at_end_for/kernel.cl,FAIL(4),0.415,0.011,0.017,0.000,0.000,0.000,0.443
/datadrive/gpuverify-tests/OpenCL/function_wide/fail/uses_function/kernel.cl,FAIL(4),0.381,0.015,0.005,0.000,0.000,0.000,0.402
/datadrive/gpuverify-tests/OpenCL/function_wide/fail/not_at_end_if/kernel.cl,FAIL(4),0.422,0.009,0.006,0.000,0.000,0.000,0.437
/datadrive/gpuverify-tests/OpenCL/function_wide/fail/uses_params/kernel.cl,FAIL(4),0.421,0.009,0.009,0.000,0.000,0.000,0.439
/datadrive/gpuverify-tests/OpenCL/fresh_arrays/fail/global/kernel.cl,FAIL(6),0.375,0.009,0.011,0.467,0.620,0.662,2.144
/datadrive/gpuverify-tests/OpenCL/barrier_intervals/test4/kernel.cl,PASS,0.419,0.016,0.009,0.658,11.966,0.618,13.686
/datadrive/gpuverify-tests/OpenCL/function_wide/fail/assert_false/kernel.cl,FAIL(6),0.429,0.015,0.008,0.382,0.000,0.581,1.415
/datadrive/gpuverify-tests/OpenCL/fresh_arrays/pass/global/kernel.cl,PASS,0.419,0.009,0.013,0.468,0.535,0.497,1.941
/datadrive/gpuverify-tests/OpenCL/function_wide/pass/uses_uninterpreted_function/kernel.cl,PASS,0.415,0.009,0.006,0.379,0.000,0.456,1.265
/datadrive/gpuverify-tests/OpenCL/fresh_arrays/pass/local/kernel.cl,PASS,0.416,0.010,0.005,0.460,0.539,0.537,1.968
/datadrive/gpuverify-tests/OpenCL/get_work_dim/work_dim_1/kernel.cl,PASS,0.375,0.008,0.006,0.376,0.503,0.456,1.724
/datadrive/gpuverify-tests/OpenCL/get_global_offset/kernel.cl,PASS,0.420,0.009,0.006,0.376,0.496,0.455,1.761
/datadrive/gpuverify-tests/OpenCL/get_work_dim/work_dim_2/kernel.cl,PASS,0.424,0.008,0.010,0.375,0.499,0.461,1.776
/datadrive/gpuverify-tests/OpenCL/get_global_id/kernel.cl,PASS,0.419,0.009,0.005,0.455,0.537,0.581,2.006
/datadrive/gpuverify-tests/OpenCL/function_wide/pass/uses_array_element/kernel.cl,PASS,0.415,0.015,0.006,0.535,0.703,0.658,2.333
/datadrive/gpuverify-tests/OpenCL/function_wide/pass/as_candidates/kernel.cl,PASS,0.376,0.016,0.010,0.536,0.980,0.660,2.577
/datadrive/gpuverify-tests/OpenCL/function_wide/pass/candidates/kernel.cl,PASS,0.419,0.015,0.006,0.576,0.945,0.668,2.628
/datadrive/gpuverify-tests/OpenCL/get_work_dim/work_dim_3/kernel.cl,PASS,0.416,0.010,0.006,0.380,0.539,0.505,1.856
/datadrive/gpuverify-tests/OpenCL/global_size/simple/kernel.cl,PASS,0.376,0.017,0.007,0.456,0.580,0.542,1.978
/datadrive/gpuverify-tests/OpenCL/globalarray/fail/kernel.cl,FAIL(6),0.421,0.013,0.014,0.497,0.696,0.783,2.424
/datadrive/gpuverify-tests/OpenCL/globalarray/pass/kernel.cl,PASS,0.427,0.009,0.005,0.456,0.622,0.656,2.175
/datadrive/gpuverify-tests/OpenCL/globalarray/pass2/kernel.cl,PASS,0.420,0.018,0.005,0.457,0.592,0.584,2.076
/datadrive/gpuverify-tests/OpenCL/enabled/dominator/kernel.cl,PASS,0.415,0.019,0.006,0.617,5.998,0.660,7.714
/datadrive/gpuverify-tests/OpenCL/imagetests/fail2dimagecopy/kernel.cl,FAIL(6),0.416,0.017,0.006,0.545,0.578,0.784,2.346
/datadrive/gpuverify-tests/OpenCL/imagetests/testsampler/kernel.cl,PASS,0.418,0.015,0.018,0.498,0.496,0.460,1.905
/datadrive/gpuverify-tests/OpenCL/imagetests/testsampler3/kernel.cl,PASS,0.461,0.015,0.006,0.422,0.539,0.536,1.979
/datadrive/gpuverify-tests/OpenCL/imagetests/testsampler2/kernel.cl,PASS,0.421,0.015,0.012,0.496,0.536,0.577,2.057
/datadrive/gpuverify-tests/OpenCL/imagetests/test2dimagecopy/kernel.cl,PASS,0.422,0.016,0.006,0.504,0.577,0.739,2.264
/datadrive/gpuverify-tests/OpenCL/induction_variable/kernel.cl,PASS,0.422,0.012,0.007,0.550,0.706,0.545,2.242
/datadrive/gpuverify-tests/OpenCL/inference_tests/enabled_invariant/kernel.cl,PASS,0.379,0.017,0.006,0.581,0.820,0.537,2.341
/datadrive/gpuverify-tests/OpenCL/inference_tests/lower_bound/kernel.cl,PASS,0.415,0.009,0.006,0.496,0.625,0.495,2.046
/datadrive/gpuverify-tests/OpenCL/inference_tests/strided_invariant/kernel.cl,PASS,0.415,0.012,0.019,0.537,0.700,0.497,2.180
/datadrive/gpuverify-tests/OpenCL/inference_tests/strided_invariant_2/kernel.cl,PASS,0.418,0.011,0.015,0.576,0.739,0.551,2.310
/datadrive/gpuverify-tests/OpenCL/inter_group_and_barrier_flag_tests/fail/bad_read_then_write/kernel.cl,FAIL(6),0.496,0.009,0.008,0.505,0.617,0.667,2.301
/datadrive/gpuverify-tests/OpenCL/inter_group_and_barrier_flag_tests/fail/bad_write_then_read/kernel.cl,FAIL(6),0.415,0.009,0.009,0.547,0.622,0.660,2.263
/datadrive/gpuverify-tests/OpenCL/inter_group_and_barrier_flag_tests/fail/local_id/kernel.cl,FAIL(6),0.379,0.014,0.019,0.418,0.629,0.697,2.158
/datadrive/gpuverify-tests/OpenCL/inter_group_and_barrier_flag_tests/fail/missing_global_barrier_flag/kernel.cl,FAIL(6),0.422,0.009,0.006,0.496,0.585,0.703,2.221
/datadrive/gpuverify-tests/OpenCL/inter_group_and_barrier_flag_tests/fail/missing_local_barrier_flag/kernel.cl,FAIL(6),0.421,0.009,0.005,0.502,0.620,0.658,2.216
/datadrive/gpuverify-tests/OpenCL/inter_group_and_barrier_flag_tests/fail/no_barrier_flags/kernel.cl,FAIL(6),0.416,0.009,0.006,0.498,0.623,0.662,2.215
/datadrive/gpuverify-tests/OpenCL/inter_group_and_barrier_flag_tests/fail/sync/kernel.cl,FAIL(6),0.417,0.011,0.008,0.506,0.628,0.657,2.227
/datadrive/gpuverify-tests/OpenCL/inter_group_and_barrier_flag_tests/fail/sync_within_group_wrong_flag/kernel.cl,FAIL(6),0.459,0.011,0.006,0.455,0.585,0.623,2.140
/datadrive/gpuverify-tests/OpenCL/inter_group_and_barrier_flag_tests/pass/local_barrier_flag/kernel.cl,PASS,0.417,0.011,0.015,0.462,0.581,0.535,2.021
/datadrive/gpuverify-tests/OpenCL/inter_group_and_barrier_flag_tests/pass/global_barrier/kernel.cl,PASS,0.421,0.009,0.007,0.507,0.582,0.586,2.112
/datadrive/gpuverify-tests/OpenCL/inference_tests/access_means_enabled/kernel.cl,PASS,0.418,0.020,0.006,0.616,3.250,0.576,4.886
/datadrive/gpuverify-tests/OpenCL/inter_group_and_barrier_flag_tests/pass/local_id_benign_write_write/kernel.cl,PASS,0.430,0.010,0.011,0.419,0.541,0.546,1.957
/datadrive/gpuverify-tests/OpenCL/inter_group_and_barrier_flag_tests/pass/pass_due_to_intra_group_flag/kernel.cl,PASS,0.376,0.010,0.005,0.415,0.536,0.536,1.879
/datadrive/gpuverify-tests/OpenCL/k-induction/alldifferent/kernel.cl,PASS,0.375,0.015,0.010,0.462,0.000,0.541,1.403
/datadrive/gpuverify-tests/OpenCL/k-induction/alldifferent-k-too-small/kernel.cl,FAIL(6),0.461,0.009,0.006,0.457,0.000,0.629,1.562
/datadrive/gpuverify-tests/OpenCL/inter_group_and_barrier_flag_tests/pass/read_then_write/kernel.cl,PASS,0.423,0.015,0.010,0.499,0.577,0.543,2.067
/datadrive/gpuverify-tests/OpenCL/inter_group_and_barrier_flag_tests/pass/sync_within_group/kernel.cl,PASS,0.378,0.009,0.004,0.495,0.661,0.579,2.128
/datadrive/gpuverify-tests/OpenCL/k-induction/amazingreduction/kernel.cl,PASS,0.416,0.010,0.006,0.585,0.000,0.618,1.634
/datadrive/gpuverify-tests/OpenCL/inter_group_and_barrier_flag_tests/pass/write_then_read/kernel.cl,PASS,0.458,0.019,0.018,0.497,0.625,0.540,2.157
/datadrive/gpuverify-tests/OpenCL/leftshiftequals/kernel.cl,PASS,0.424,0.019,0.006,0.381,0.496,0.475,1.800
/datadrive/gpuverify-tests/OpenCL/localarrayaccess/kernel.cl,PASS,0.415,0.016,0.006,0.456,0.583,0.539,2.014
/datadrive/gpuverify-tests/OpenCL/localmultidimarraydecl/kernel.cl,PASS,0.417,0.010,0.005,0.343,0.510,0.417,1.703
/datadrive/gpuverify-tests/OpenCL/inference_tests/disabled_invariant/kernel.cl,PASS,0.417,0.009,0.006,0.619,4.891,0.578,6.519
/datadrive/gpuverify-tests/OpenCL/mem_fence/kernel.cl,PASS,0.456,0.016,0.008,0.380,0.537,0.503,1.899
/datadrive/gpuverify-tests/OpenCL/misc/fail/miscfail2/kernel.cl,FAIL(2),0.417,0.000,0.000,0.000,0.000,0.000,0.417
/datadrive/gpuverify-tests/OpenCL/misc/fail/miscfail4/kernel.cl,FAIL(2),0.375,0.000,0.000,0.000,0.000,0.000,0.375
/datadrive/gpuverify-tests/OpenCL/misc/fail/loop_abstraction_traces_1/kernel.cl,FAIL(6),0.420,0.013,0.013,0.495,0.616,0.000,1.557
/datadrive/gpuverify-tests/OpenCL/misc/fail/2d_array_race/kernel.cl,FAIL(6),0.417,0.021,0.006,0.495,0.581,0.777,2.298
/datadrive/gpuverify-tests/OpenCL/misc/fail/loop_abstraction_traces_2/kernel.cl,FAIL(6),0.383,0.009,0.009,0.506,0.754,0.000,1.660
/datadrive/gpuverify-tests/OpenCL/misc/fail/4d_array_of_structs_race/kernel.cl,FAIL(6),0.424,0.009,0.005,0.460,0.577,0.627,2.103
/datadrive/gpuverify-tests/OpenCL/misc/fail/miscfail11/kernel.cl,FAIL(6),0.415,0.009,0.009,0.535,0.587,0.000,1.556
/datadrive/gpuverify-tests/OpenCL/misc/fail/4d_array_race/kernel.cl,FAIL(6),0.420,0.010,0.010,0.455,0.578,0.660,2.132
/datadrive/gpuverify-tests/OpenCL/misc/fail/4d_array_of_vectors_race/kernel.cl,FAIL(6),0.423,0.023,0.006,0.418,0.577,0.816,2.263
/datadrive/gpuverify-tests/OpenCL/misc/fail/4d_array_with_casting/kernel.cl,FAIL(6),0.425,0.009,0.012,0.459,0.622,0.706,2.233
/datadrive/gpuverify-tests/OpenCL/misc/fail/miscfail1/kernel.cl,FAIL(6),0.384,0.009,0.006,0.458,0.588,0.664,2.109
/datadrive/gpuverify-tests/OpenCL/misc/fail/miscfail3/kernel.cl,FAIL(6),0.428,0.009,0.007,0.500,0.000,1.102,2.046
/datadrive/gpuverify-tests/OpenCL/misc/fail/miscfail10/kernel.cl,FAIL(6),0.462,0.009,0.009,0.577,0.778,1.019,2.854
/datadrive/gpuverify-tests/OpenCL/misc/fail/miscfail5/kernel.cl,FAIL(6),0.415,0.015,0.008,0.467,0.540,0.575,2.021
/datadrive/gpuverify-tests/OpenCL/misc/fail/miscfail7/kernel.cl,FAIL(6),0.456,0.015,0.006,0.422,0.495,0.616,2.011
/datadrive/gpuverify-tests/OpenCL/misc/fail/miscfail6/kernel.cl,FAIL(6),0.423,0.016,0.006,0.501,0.578,0.678,2.202
/datadrive/gpuverify-tests/OpenCL/misc/fail/miscfail8/kernel.cl,FAIL(6),0.415,0.009,0.006,0.460,0.535,0.618,2.043
/datadrive/gpuverify-tests/OpenCL/misc/pass/misc12/kernel.cl,PASS,0.419,0.009,0.005,0.495,0.000,0.539,1.468
/datadrive/gpuverify-tests/OpenCL/misc/fail/miscfail9/kernel.cl,FAIL(6),0.416,0.017,0.006,0.419,0.576,0.619,2.053
/datadrive/gpuverify-tests/OpenCL/misc/pass/misc13/kernel.cl,PASS,0.421,0.011,0.005,0.498,0.000,0.539,1.473
/datadrive/gpuverify-tests/OpenCL/misc/fail/struct_member_race/kernel.cl,FAIL(6),0.416,0.016,0.005,0.455,0.553,0.660,2.104
/datadrive/gpuverify-tests/OpenCL/misc/pass/misc1/kernel.cl,PASS,0.376,0.009,0.009,0.455,0.588,0.496,1.932
/datadrive/gpuverify-tests/OpenCL/misc/pass/misc11/kernel.cl,PASS,0.388,0.009,0.010,0.463,0.576,0.496,1.942
/datadrive/gpuverify-tests/OpenCL/misc/pass/misc10/kernel.cl,PASS,0.417,0.009,0.007,0.498,0.548,0.499,1.978
/datadrive/gpuverify-tests/OpenCL/misc/fail/vector_element_race/kernel.cl,FAIL(6),0.419,0.016,0.006,0.420,0.587,0.755,2.203
/datadrive/gpuverify-tests/OpenCL/misc/pass/misc15/kernel.cl,PASS,0.416,0.009,0.005,0.462,0.537,0.536,1.965
/datadrive/gpuverify-tests/OpenCL/misc/pass/misc16/kernel.cl,PASS,0.375,0.015,0.012,0.459,0.546,0.616,2.023
/datadrive/gpuverify-tests/OpenCL/misc/pass/misc14/kernel.cl,PASS,0.430,0.018,0.006,0.497,0.747,0.620,2.320
/datadrive/gpuverify-tests/OpenCL/misc/pass/misc19/kernel.cl,PASS,0.375,0.009,0.006,0.375,0.496,0.496,1.757
/datadrive/gpuverify-tests/OpenCL/misc/pass/misc4/kernel.cl,PASS,0.415,0.009,0.009,0.375,0.503,0.504,1.815
/datadrive/gpuverify-tests/OpenCL/misc/pass/misc17/kernel.cl,PASS,0.420,0.009,0.005,0.517,0.661,0.496,2.108
/datadrive/gpuverify-tests/OpenCL/misc/pass/misc18/kernel.cl,PASS,0.375,0.009,0.005,0.459,0.618,0.618,2.084
/datadrive/gpuverify-tests/OpenCL/misc/pass/misc6/kernel.cl,PASS,0.375,0.015,0.008,0.497,0.000,0.939,1.834
/datadrive/gpuverify-tests/OpenCL/misc/pass/misc5/kernel.cl,PASS,0.421,0.018,0.024,0.496,0.495,0.541,1.996
/datadrive/gpuverify-tests/OpenCL/misc/pass/misc2/kernel.cl,PASS,0.423,0.017,0.006,0.581,0.738,0.536,2.302
/datadrive/gpuverify-tests/OpenCL/misc/pass/misc3/kernel.cl,PASS,0.375,0.009,0.005,0.456,0.747,0.618,2.210
/datadrive/gpuverify-tests/OpenCL/misc/pass/misc7/kernel.cl,PASS,0.383,0.016,0.006,0.456,0.578,0.585,2.024
/datadrive/gpuverify-tests/OpenCL/misc/pass/misc9/kernel.cl,PASS,0.417,0.009,0.005,0.498,0.582,0.501,2.012
/datadrive/gpuverify-tests/OpenCL/misc/pass/misc8/kernel.cl,PASS,0.383,0.014,0.005,0.498,0.741,0.540,2.181
/datadrive/gpuverify-tests/OpenCL/modifyparam/kernel.cl,PASS,0.462,0.009,0.006,0.381,0.499,0.456,1.813
/datadrive/gpuverify-tests/OpenCL/multidimarrays/test1/kernel.cl,PASS,0.402,0.009,0.005,0.416,0.537,0.500,1.868
/datadrive/gpuverify-tests/OpenCL/multidimarrays/test2/kernel.cl,PASS,0.417,0.009,0.005,0.418,0.541,0.497,1.886
/datadrive/gpuverify-tests/OpenCL/multidimarrays/test3/kernel.cl,PASS,0.416,0.009,0.005,0.425,0.497,0.496,1.848
/datadrive/gpuverify-tests/OpenCL/multiplelocals/kernel.cl,PASS,0.419,0.009,0.009,0.375,0.495,0.502,1.809
/datadrive/gpuverify-tests/OpenCL/multidimarrays/test4/kernel.cl,PASS,0.417,0.011,0.005,0.418,0.541,0.539,1.931
/datadrive/gpuverify-tests/OpenCL/multidimarrays/test5/kernel.cl,PASS,0.418,0.009,0.006,0.455,0.583,0.541,2.012
/datadrive/gpuverify-tests/OpenCL/nonterminating/kernel.cl,PASS,0.375,0.009,0.005,0.378,0.539,0.499,1.805
/datadrive/gpuverify-tests/OpenCL/notunaryoptest/kernel.cl,PASS,0.387,0.009,0.006,0.334,0.498,0.503,1.738
/datadrive/gpuverify-tests/OpenCL/multiplelocals2/kernel.cl,PASS,0.423,0.019,0.015,0.456,0.539,0.537,1.990
/datadrive/gpuverify-tests/OpenCL/no_log/pass/kernel.cl,PASS,0.417,0.009,0.005,0.416,0.581,0.537,1.965
/datadrive/gpuverify-tests/OpenCL/no_log/fail/kernel.cl,FAIL(6),0.458,0.009,0.009,0.416,0.582,0.575,2.049
/datadrive/gpuverify-tests/OpenCL/notunaryoptest2/kernel.cl,PASS,0.375,0.019,0.005,0.378,0.535,0.458,1.771
/datadrive/gpuverify-tests/OpenCL/noraceduetoreturn/kernel.cl,PASS,0.415,0.009,0.005,0.541,0.794,0.580,2.344
/datadrive/gpuverify-tests/OpenCL/null_pointers/atomic_null/kernel.cl,FAIL(6),0.378,0.009,0.005,0.377,0.497,0.578,1.844
/datadrive/gpuverify-tests/OpenCL/null_pointers/load_from_null/kernel.cl,FAIL(6),0.421,0.011,0.011,0.378,0.501,0.617,1.939
/datadrive/gpuverify-tests/OpenCL/null_pointers/function_prototype/kernel.cl,FAIL(6),0.416,0.008,0.006,0.495,0.583,0.753,2.261
/datadrive/gpuverify-tests/OpenCL/null_pointers/non_null_pointer_assignment_2/kernel.cl,PASS,0.383,0.009,0.006,0.504,0.536,0.499,1.936
/datadrive/gpuverify-tests/OpenCL/null_pointers/function_prototype_or_local/kernel.cl,FAIL(6),0.378,0.022,0.010,0.538,0.587,0.823,2.358
/datadrive/gpuverify-tests/OpenCL/null_pointers/null_pointer_assignment/kernel.cl,FAIL(6),0.425,0.012,0.006,0.456,0.537,0.621,2.056
/datadrive/gpuverify-tests/OpenCL/null_pointers/non_null_pointer_assignment/kernel.cl,FAIL(6),0.458,0.015,0.005,0.502,0.575,0.706,2.263
/datadrive/gpuverify-tests/OpenCL/null_pointers/null_pointer_choice/kernel.cl,FAIL(6),0.379,0.015,0.012,0.455,0.537,0.589,1.986
/datadrive/gpuverify-tests/OpenCL/null_pointers/null_pointer_assignment_equal/kernel.cl,FAIL(6),0.415,0.009,0.005,0.495,0.575,0.665,2.165
/datadrive/gpuverify-tests/OpenCL/null_pointers/null_pointer_assignment_unequal/kernel.cl,FAIL(6),0.391,0.009,0.012,0.497,0.580,0.667,2.156
/datadrive/gpuverify-tests/OpenCL/null_pointers/null_pointer_assignment_function/kernel.cl,FAIL(6),0.417,0.009,0.006,0.510,0.579,0.663,2.184
/datadrive/gpuverify-tests/OpenCL/null_pointers/null_pointer_greater/kernel.cl,FAIL(6),0.383,0.011,0.009,0.499,0.576,0.656,2.135
/datadrive/gpuverify-tests/OpenCL/null_pointers/null_pointer_use_in_function/kernel.cl,FAIL(6),0.416,0.010,0.009,0.503,0.577,0.700,2.214
/datadrive/gpuverify-tests/OpenCL/null_pointers/null_pointer_use_in_function_inline/kernel.cl,FAIL(6),0.376,0.016,0.005,0.456,0.538,0.630,2.021
/datadrive/gpuverify-tests/OpenCL/null_pointers/store_to_null_and_non_null/kernel.cl,FAIL(6),0.418,0.024,0.012,0.466,0.587,0.581,2.089
/datadrive/gpuverify-tests/OpenCL/null_statement/kernel.cl,PASS,0.381,0.018,0.007,0.379,0.502,0.456,1.743
/datadrive/gpuverify-tests/OpenCL/pointeranalysistests/testbasicaliasing/kernel.cl,PASS,0.418,0.014,0.007,0.615,0.776,0.627,2.459
/datadrive/gpuverify-tests/OpenCL/pointeranalysistests/testbasicpointerarithmetic/kernel.cl,PASS,0.428,0.008,0.006,0.583,0.703,0.579,2.307
/datadrive/gpuverify-tests/OpenCL/pointertests/pointerarith/kernel.cl,PASS,0.421,0.010,0.005,0.377,0.500,0.507,1.821
/datadrive/gpuverify-tests/OpenCL/pointertests/param_addressof/kernel.cl,PASS,0.376,0.009,0.016,0.455,0.578,0.578,2.012
/datadrive/gpuverify-tests/OpenCL/pointeranalysistests/manyproceduresinlined/kernel.cl,PASS,0.419,0.016,0.009,0.495,0.656,1.024,2.619
/datadrive/gpuverify-tests/OpenCL/pointeranalysistests/testbasicaliasing2/kernel.cl,PASS,0.416,0.009,0.005,0.579,0.860,0.540,2.407
/datadrive/gpuverify-tests/OpenCL/pointeranalysistests/testbasicpointerarithmetic2/kernel.cl,PASS,0.417,0.009,0.005,0.542,0.741,0.537,2.250
/datadrive/gpuverify-tests/OpenCL/pointertests/test_copy_between_memory_spaces/kernel.cl,PASS,0.416,0.009,0.009,0.461,0.576,0.581,2.051
/datadrive/gpuverify-tests/OpenCL/pointeranalysistests/testinterprocedural_inlined/kernel.cl,PASS,0.423,0.009,0.006,0.579,0.901,0.584,2.501
/datadrive/gpuverify-tests/OpenCL/pointeranalysistests/testinterprocedural2/kernel.cl,PASS,0.415,0.009,0.006,0.579,0.977,0.669,2.654
/datadrive/gpuverify-tests/OpenCL/pointeranalysistests/testinterprocedural/kernel.cl,PASS,0.418,0.009,0.010,0.575,1.060,0.787,2.858
/datadrive/gpuverify-tests/OpenCL/pointertests/test_dereference_address_of/kernel.cl,PASS,0.418,0.032,0.009,0.375,0.498,0.503,1.835
/datadrive/gpuverify-tests/OpenCL/pointertests/test_copy_between_memory_spaces2/kernel.cl,PASS,0.426,0.018,0.016,0.535,0.625,0.535,2.156
/datadrive/gpuverify-tests/OpenCL/pointertests/test_opencl_local_array/kernel.cl,PASS,0.378,0.012,0.013,0.375,0.464,0.420,1.662
/datadrive/gpuverify-tests/OpenCL/pointertests/test_derived_from_binomial_opts/kernel.cl,PASS,0.419,0.016,0.008,0.384,0.535,0.504,1.866
/datadrive/gpuverify-tests/OpenCL/pointertests/test_opencl_local_param/kernel.cl,PASS,0.416,0.016,0.012,0.379,0.505,0.458,1.786
/datadrive/gpuverify-tests/OpenCL/pointertests/test_pass_value_from_array/kernel.cl,PASS,0.418,0.009,0.005,0.415,0.656,0.537,2.040
/datadrive/gpuverify-tests/OpenCL/pointertests/test_pass_address_of_local/kernel.cl,FAIL(6),0.467,0.009,0.009,0.417,0.581,0.616,2.099
/datadrive/gpuverify-tests/OpenCL/pointertests/test_return_pointer/kernel.cl,PASS,0.418,0.009,0.005,0.500,0.579,0.577,2.088
/datadrive/gpuverify-tests/OpenCL/pow2/64bit_loopcounter/kernel.cl,PASS,0.420,0.015,0.016,0.575,0.819,0.543,2.388
/datadrive/gpuverify-tests/OpenCL/predicated_undef/kernel.cl,PASS,0.416,0.015,0.014,0.462,0.576,0.544,2.027
/datadrive/gpuverify-tests/OpenCL/privatememoryaccess/privatevariabletest2/kernel.cl,PASS,0.416,0.013,0.005,0.379,0.497,0.455,1.766
/datadrive/gpuverify-tests/OpenCL/privatememoryaccess/privatearraytest/kernel.cl,PASS,0.498,0.010,0.006,0.495,0.547,0.500,2.056
/datadrive/gpuverify-tests/OpenCL/privatememoryaccess/privatevariabletest/kernel.cl,PASS,0.416,0.016,0.005,0.496,0.663,0.746,2.342
/datadrive/gpuverify-tests/OpenCL/pointeranalysistests/manyprocedures/kernel.cl,FAIL(6),0.423,0.013,0.010,0.548,3.759,1.271,6.024
/datadrive/gpuverify-tests/OpenCL/reducedstrength_generalised/kernel.cl,PASS,0.424,0.009,0.006,0.535,0.782,0.580,2.336
/datadrive/gpuverify-tests/OpenCL/report_global_id/test2/kernel.cl,FAIL(6),0.415,0.013,0.005,0.456,0.587,0.666,2.143
/datadrive/gpuverify-tests/OpenCL/report_global_id/test1/kernel.cl,FAIL(6),0.427,0.022,0.006,0.462,0.580,0.661,2.159
/datadrive/gpuverify-tests/OpenCL/return_tests/id_dependent_return/kernel.cl,PASS,0.376,0.015,0.004,0.415,0.617,0.455,1.883
/datadrive/gpuverify-tests/OpenCL/reducedstrengthnonloopbug/kernel.cl,FAIL(6),0.421,0.010,0.006,0.536,0.706,0.698,2.376
/datadrive/gpuverify-tests/OpenCL/return_tests/multiloop_return_simplified/kernel.cl,PASS,0.415,0.009,0.008,0.495,0.539,0.497,1.964
/datadrive/gpuverify-tests/OpenCL/rightshiftequals/kernel.cl,PASS,0.379,0.018,0.006,0.375,0.467,0.462,1.707
/datadrive/gpuverify-tests/OpenCL/return_tests/multiloop_return/kernel.cl,PASS,0.389,0.027,0.005,0.537,0.698,0.603,2.260
/datadrive/gpuverify-tests/OpenCL/return_tests/simple_return/kernel.cl,PASS,0.461,0.012,0.009,0.420,0.542,0.504,1.948
/datadrive/gpuverify-tests/OpenCL/saturate/sadd/kernel.cl,PASS,0.424,0.015,0.005,0.497,0.576,0.537,2.055
/datadrive/gpuverify-tests/OpenCL/saturate/ssub/kernel.cl,PASS,0.423,0.012,0.009,0.455,0.538,0.584,2.020
/datadrive/gpuverify-tests/OpenCL/saturate/usub/kernel.cl,PASS,0.433,0.009,0.005,0.455,0.544,0.535,1.981
/datadrive/gpuverify-tests/OpenCL/saturate/uadd/kernel.cl,PASS,0.382,0.012,0.006,0.455,0.576,0.738,2.167
/datadrive/gpuverify-tests/OpenCL/shared_int/kernel.cl,FAIL(6),0.375,0.013,0.018,0.425,0.537,0.617,1.985
/datadrive/gpuverify-tests/CUDASamples/6_Advanced_shfl_scan_shfl_intimage_rows/kernel.cu,FAIL(6),0.135,0.015,0.015,0.696,0.977,93.042,94.881
/datadrive/gpuverify-tests/OpenCL/simpleparampassing/kernel.cl,PASS,0.422,0.009,0.005,0.376,0.550,0.545,1.907
/datadrive/gpuverify-tests/OpenCL/simpleprocedurecall/kernel.cl,PASS,0.423,0.019,0.009,0.379,0.535,0.500,1.865
/datadrive/gpuverify-tests/OpenCL/shuffle/shuffle/kernel.cl,PASS,0.383,0.013,0.006,0.497,0.579,0.777,2.255
/datadrive/gpuverify-tests/OpenCL/skeletonbinomialoptions/kernel.cl,PASS,0.423,0.009,0.006,0.495,0.535,0.576,2.045
/datadrive/gpuverify-tests/OpenCL/shuffle/shuffle2/kernel.cl,PASS,0.420,0.015,0.010,0.621,0.670,0.822,2.558
/datadrive/gpuverify-tests/OpenCL/simplereturn/kernel.cl,PASS,0.423,0.016,0.007,0.465,0.698,0.545,2.155
/datadrive/gpuverify-tests/OpenCL/sourcelocation_tests/assert/kernel.cl,FAIL(6),0.415,0.018,0.006,0.495,0.659,0.575,2.170
/datadrive/gpuverify-tests/OpenCL/sourcelocation_tests/barrier_divergence/fail/kernel.cl,FAIL(6),0.418,0.009,0.005,0.500,0.581,0.659,2.172
/datadrive/gpuverify-tests/OpenCL/sourcelocation_tests/ensures/fail/kernel.cl,FAIL(6),0.415,0.014,0.016,0.461,0.658,0.000,1.564
/datadrive/gpuverify-tests/OpenCL/sourcelocation_tests/barrier_divergence/pass/kernel.cl,PASS,0.419,0.010,0.005,0.460,0.583,0.542,2.019
/datadrive/gpuverify-tests/OpenCL/sourcelocation_tests/ensures/pass/kernel.cl,PASS,0.384,0.020,0.009,0.458,0.535,0.542,1.948
/datadrive/gpuverify-tests/OpenCL/sourcelocation_tests/loop_invariant/fail/entry/kernel.cl,FAIL(6),0.420,0.014,0.008,0.501,0.577,0.000,1.518
/datadrive/gpuverify-tests/OpenCL/sourcelocation_tests/loop_invariant/fail/maintained/kernel.cl,FAIL(6),0.420,0.009,0.006,0.499,0.578,0.000,1.511
/datadrive/gpuverify-tests/OpenCL/sourcelocation_tests/loop_invariant/pass/kernel.cl,PASS,0.416,0.016,0.006,0.497,0.661,0.617,2.212
/datadrive/gpuverify-tests/OpenCL/sourcelocation_tests/needs_source_location_ensures/kernel.cl,PASS,0.415,0.009,0.006,0.536,0.702,0.620,2.289
/datadrive/gpuverify-tests/OpenCL/sourcelocation_tests/race_from_bodiless_call/kernel.cl,FAIL(6),0.420,0.009,0.006,0.457,0.576,0.661,2.128
/datadrive/gpuverify-tests/OpenCL/sourcelocation_tests/needs_source_location_requires/kernel.cl,PASS,0.380,0.010,0.009,0.535,0.743,0.589,2.266
/datadrive/gpuverify-tests/OpenCL/sourcelocation_tests/races/fail/read_write/kernel.cl,FAIL(6),0.416,0.014,0.008,0.418,0.580,0.663,2.098
/datadrive/gpuverify-tests/OpenCL/sourcelocation_tests/race_from_call/kernel.cl,FAIL(6),0.416,0.009,0.006,0.495,0.737,0.786,2.448
/datadrive/gpuverify-tests/OpenCL/sourcelocation_tests/race_with_loop/kernel.cl,FAIL(6),0.381,0.016,0.005,0.544,0.702,0.665,2.313
/datadrive/gpuverify-tests/OpenCL/sourcelocation_tests/race_from_call_in_loop/kernel.cl,FAIL(6),0.418,0.009,0.006,0.538,0.787,0.737,2.495
/datadrive/gpuverify-tests/OpenCL/sourcelocation_tests/races/fail/write_read/kernel.cl,FAIL(6),0.417,0.009,0.006,0.455,0.585,0.664,2.137
/datadrive/gpuverify-tests/OpenCL/sourcelocation_tests/races/fail/write_write/elem_width_16/kernel.cl,FAIL(6),0.416,0.010,0.005,0.459,0.616,0.619,2.126
/datadrive/gpuverify-tests/OpenCL/sourcelocation_tests/races/fail/write_write/normal/kernel.cl,FAIL(6),0.415,0.016,0.008,0.459,0.658,0.619,2.174
/datadrive/gpuverify-tests/OpenCL/sourcelocation_tests/races/fail/write_write/loop/kernel.cl,FAIL(6),0.429,0.017,0.005,0.585,0.822,0.761,2.620
/datadrive/gpuverify-tests/OpenCL/sourcelocation_tests/requires/kernel.cl,FAIL(6),0.416,0.015,0.009,0.460,0.619,0.000,1.519
/datadrive/gpuverify-tests/OpenCL/sourcelocation_tests/races/pass/no_race/kernel.cl,PASS,0.455,0.011,0.009,0.456,0.618,0.541,2.090
/datadrive/gpuverify-tests/OpenCL/sourcelocation_tests/races/pass/read_read/kernel.cl,PASS,0.417,0.012,0.010,0.457,0.576,0.539,2.011
/datadrive/gpuverify-tests/OpenCL/ternarytest/kernel.cl,PASS,0.379,0.009,0.006,0.496,0.542,0.542,1.973
/datadrive/gpuverify-tests/OpenCL/ternarytest2/kernel.cl,PASS,0.462,0.009,0.005,0.502,0.547,0.536,2.061
/datadrive/gpuverify-tests/OpenCL/test_address_of_bug/kernel.cl,PASS,0.417,0.009,0.005,0.335,0.497,0.466,1.729
/datadrive/gpuverify-tests/OpenCL/sourcelocation_tests/races_from_indirect_calls/kernel.cl,FAIL(6),0.416,0.009,0.010,0.512,1.022,0.821,2.790
/datadrive/gpuverify-tests/OpenCL/test_binary_stmt/kernel.cl,PASS,0.377,0.009,0.007,0.425,0.496,0.455,1.769
/datadrive/gpuverify-tests/OpenCL/test_2d_global_index_inference/kernel.cl,PASS,0.380,0.015,0.006,0.576,0.985,0.618,2.581
/datadrive/gpuverify-tests/OpenCL/test_2d_local_index_inference/kernel.cl,PASS,0.433,0.010,0.009,0.580,0.823,0.659,2.514
/datadrive/gpuverify-tests/OpenCL/test_2d_local_index_inference_2/kernel.cl,PASS,0.418,0.017,0.008,0.538,0.825,0.626,2.433
/datadrive/gpuverify-tests/OpenCL/test_float_neq/kernel.cl,PASS,0.420,0.009,0.005,0.455,0.500,0.500,1.888
/datadrive/gpuverify-tests/OpenCL/test_for_benign_read_write_bug/kernel.cl,FAIL(6),0.415,0.019,0.008,0.455,0.536,0.696,2.130
/datadrive/gpuverify-tests/OpenCL/test_for_get_group_id/kernel.cl,PASS,0.421,0.014,0.019,0.464,0.617,0.633,2.168
/datadrive/gpuverify-tests/OpenCL/test_for_ssa_bug/kernel.cl,PASS,0.381,0.009,0.008,0.620,0.747,0.536,2.301
/datadrive/gpuverify-tests/OpenCL/test_inline/kernel.cl,PASS,0.416,0.013,0.007,0.415,0.496,0.455,1.802
/datadrive/gpuverify-tests/OpenCL/test_for_uniformity_bug/kernel.cl,PASS,0.415,0.018,0.005,0.535,0.663,0.498,2.135
/datadrive/gpuverify-tests/OpenCL/test_global_id_inference/kernel.cl,PASS,0.415,0.019,0.010,0.580,0.740,0.585,2.347
/datadrive/gpuverify-tests/OpenCL/test_local_id_inference/kernel.cl,PASS,0.417,0.010,0.005,0.556,0.776,0.537,2.301
/datadrive/gpuverify-tests/OpenCL/pow2/64bit_relational/kernel.cl,PASS,0.375,0.009,0.006,0.618,12.333,0.537,13.877
/datadrive/gpuverify-tests/OpenCL/test_line_number_problem/kernel.cl,FAIL(6),0.418,0.018,0.005,0.577,0.868,0.745,2.631
/datadrive/gpuverify-tests/OpenCL/test_mod_invariants/local_direct/kernel.cl,PASS,0.415,0.020,0.011,0.545,0.838,0.575,2.405
/datadrive/gpuverify-tests/OpenCL/test_mod_invariants/global_direct/kernel.cl,PASS,0.415,0.021,0.009,0.576,0.858,0.576,2.456
/datadrive/gpuverify-tests/OpenCL/test_nooverflowing_add/kernel.cl,PASS,0.419,0.020,0.010,0.500,0.540,0.498,1.986
/datadrive/gpuverify-tests/OpenCL/simplebinomialoptions2/kernel.cl,PASS,0.375,0.009,0.005,0.782,8.788,0.783,10.742
/datadrive/gpuverify-tests/OpenCL/test_mod_invariants/global_reduce_strength/kernel.cl,PASS,0.455,0.009,0.005,0.615,1.099,0.618,2.802
/datadrive/gpuverify-tests/OpenCL/test_nooverflowing_add_predicate/kernel.cl,PASS,0.415,0.011,0.005,0.458,0.583,0.577,2.049
/datadrive/gpuverify-tests/OpenCL/test_nooverflowing_add_signed/kernel.cl,PASS,0.417,0.013,0.012,0.476,0.579,0.545,2.042
/datadrive/gpuverify-tests/OpenCL/test_part_load_store/load_ptr_and_int/kernel.cl,PASS,0.421,0.010,0.009,0.463,0.579,0.536,2.018
/datadrive/gpuverify-tests/OpenCL/test_mod_invariants/local_reduce_strength/kernel.cl,PASS,0.416,0.011,0.005,0.580,1.500,0.537,3.048
/datadrive/gpuverify-tests/OpenCL/test_part_load_store/load_ptr_and_short2/kernel.cl,PASS,0.428,0.016,0.011,0.458,0.538,0.577,2.028
/datadrive/gpuverify-tests/OpenCL/test_part_load_store/load_ptr_array_and_int/kernel.cl,PASS,0.420,0.018,0.018,0.460,0.587,0.830,2.333
/datadrive/gpuverify-tests/OpenCL/simplebinomialoptions/kernel.cl,PASS,0.382,0.010,0.009,0.696,10.389,0.696,12.182
/datadrive/gpuverify-tests/OpenCL/test_part_load_store/store_int_and_short/kernel.cl,PASS,0.416,0.016,0.006,0.457,0.536,0.587,2.016
/datadrive/gpuverify-tests/OpenCL/test_part_load_store/store_ptr_and_int/kernel.cl,PASS,0.417,0.043,0.013,0.456,0.617,0.541,2.087
/datadrive/gpuverify-tests/OpenCL/test_part_load_store/store_ptr_and_short/kernel.cl,PASS,0.432,0.009,0.005,0.504,0.542,0.535,2.028
/datadrive/gpuverify-tests/OpenCL/test_part_load_store/store_ptr_and_short2/kernel.cl,PASS,0.387,0.014,0.006,0.496,0.578,0.578,2.058
/datadrive/gpuverify-tests/OpenCL/test_part_load_store/store_ptr_array_and_int/kernel.cl,PASS,0.401,0.009,0.008,0.459,0.577,0.664,2.118
/datadrive/gpuverify-tests/OpenCL/test_structs/requires/kernel.cl,PASS,0.380,0.009,0.010,0.424,0.495,0.460,1.778
/datadrive/gpuverify-tests/OpenCL/test_structs/requires_with_store/kernel.cl,PASS,0.376,0.018,0.020,0.415,0.536,0.497,1.862
/datadrive/gpuverify-tests/OpenCL/test_structs/store_array_element/kernel.cl,PASS,0.418,0.010,0.010,0.415,0.497,0.499,1.850
/datadrive/gpuverify-tests/OpenCL/test_structs/store_element/kernel.cl,PASS,0.419,0.009,0.008,0.467,0.540,0.498,1.940
/datadrive/gpuverify-tests/OpenCL/test_structs/store_ptr_array_element/kernel.cl,PASS,0.376,0.009,0.006,0.420,0.588,0.539,1.937
/datadrive/gpuverify-tests/OpenCL/test_structs/store_struct_element/kernel.cl,PASS,0.415,0.016,0.006,0.419,0.552,0.495,1.903
/datadrive/gpuverify-tests/OpenCL/test_structs/store_ptr_element/kernel.cl,PASS,0.422,0.009,0.011,0.456,0.618,0.621,2.136
/datadrive/gpuverify-tests/OpenCL/test_structs/use_array_element/kernel.cl,PASS,0.427,0.015,0.012,0.466,0.546,0.578,2.044
/datadrive/gpuverify-tests/OpenCL/test_structs/use_element/kernel.cl,PASS,0.416,0.015,0.006,0.456,0.539,0.537,1.968
/datadrive/gpuverify-tests/OpenCL/test_structs/use_ptr_array_element/kernel.cl,PASS,0.385,0.022,0.007,0.468,0.590,0.619,2.091
/datadrive/gpuverify-tests/OpenCL/test_structs/use_struct_element/kernel.cl,PASS,0.423,0.010,0.005,0.417,0.536,0.537,1.929
/datadrive/gpuverify-tests/OpenCL/test_relational_inference/kernel.cl,PASS,0.416,0.022,0.005,0.577,1.949,0.697,3.665
/datadrive/gpuverify-tests/OpenCL/test_structs/use_ptr_element/kernel.cl,PASS,0.425,0.017,0.016,0.497,0.617,0.578,2.149
/datadrive/gpuverify-tests/OpenCL/typestest/kernel.cl,PASS,0.378,0.009,0.005,0.421,0.543,0.500,1.855
/datadrive/gpuverify-tests/OpenCL/unconstrained_sizes/global_size/kernel.cl,PASS,0.420,0.011,0.008,0.427,0.511,0.498,1.876
/datadrive/gpuverify-tests/OpenCL/unconstrained_sizes/local_size/kernel.cl,PASS,0.415,0.021,0.015,0.423,0.540,0.743,2.157
/datadrive/gpuverify-tests/OpenCL/unconstrained_sizes/num_groups/kernel.cl,PASS,0.376,0.009,0.005,0.417,0.507,0.496,1.810
/datadrive/gpuverify-tests/OpenCL/transitiveclosuresimplified/kernel.cl,PASS,0.416,0.016,0.009,0.576,0.896,0.659,2.571
/datadrive/gpuverify-tests/OpenCL/undef_tests/uninitialised_local_int/kernel.cl,FAIL(6),0.457,0.009,0.006,0.375,0.498,0.541,1.884
/datadrive/gpuverify-tests/OpenCL/transitiveclosuresimplified2/kernel.cl,PASS,0.415,0.017,0.006,0.618,0.858,0.703,2.617
/datadrive/gpuverify-tests/OpenCL/undef_tests/uninitialised_local_ptr/kernel.cl,FAIL(6),0.428,0.016,0.006,0.415,0.503,0.543,1.911
/datadrive/gpuverify-tests/OpenCL/unreachable/kernel.cl,FAIL(6),0.375,0.009,0.007,0.428,0.598,0.736,2.153
/datadrive/gpuverify-tests/OpenCL/unusedreturn/kernel.cl,PASS,0.457,0.015,0.004,0.415,0.535,0.498,1.924
/datadrive/gpuverify-tests/OpenCL/vectortests/addressofvector/kernel.cl,PASS,0.424,0.009,0.009,0.415,0.537,0.497,1.890
/datadrive/gpuverify-tests/OpenCL/vectortests/double2simpleaccess/kernel.cl,PASS,0.380,0.009,0.006,0.376,0.496,0.459,1.725
/datadrive/gpuverify-tests/OpenCL/vectortests/double4simpleaccess/kernel.cl,PASS,0.382,0.011,0.005,0.377,0.498,0.455,1.729
/datadrive/gpuverify-tests/OpenCL/vectortests/double8simpleaccess/kernel.cl,PASS,0.415,0.009,0.016,0.340,0.456,0.456,1.692
/datadrive/gpuverify-tests/OpenCL/vectortests/float16simpleaccess/kernel.cl,PASS,0.416,0.009,0.005,0.379,0.501,0.497,1.807
/datadrive/gpuverify-tests/OpenCL/vectortests/float2simpleaccess/kernel.cl,PASS,0.459,0.015,0.006,0.377,0.495,0.459,1.811
/datadrive/gpuverify-tests/OpenCL/vectortests/float4simpleaccess/kernel.cl,PASS,0.375,0.009,0.005,0.381,0.458,0.461,1.688
/datadrive/gpuverify-tests/OpenCL/vectortests/float8simpleaccess/kernel.cl,PASS,0.381,0.011,0.021,0.337,0.497,0.461,1.708
/datadrive/gpuverify-tests/OpenCL/vectortests/int2simpleaccess/kernel.cl,PASS,0.425,0.015,0.011,0.375,0.503,0.415,1.744
/datadrive/gpuverify-tests/OpenCL/vectortests/float4arrayaccess/kernel.cl,PASS,0.420,0.010,0.008,0.500,0.698,0.621,2.257
/datadrive/gpuverify-tests/OpenCL/vectortests/int3load/kernel.cl,PASS,0.425,0.009,0.006,0.416,0.536,0.468,1.859
/datadrive/gpuverify-tests/OpenCL/vectortests/float4initialisation/kernel.cl,PASS,0.416,0.030,0.028,0.914,0.737,0.737,2.861
/datadrive/gpuverify-tests/OpenCL/vectortests/int3arrayaccess/kernel.cl,PASS,0.418,0.010,0.006,0.502,0.616,0.741,2.292
/datadrive/gpuverify-tests/OpenCL/vectortests/int_vectors_big_test/kernel.cl,PASS,0.422,0.009,0.005,0.376,0.539,0.456,1.808
/datadrive/gpuverify-tests/OpenCL/vectortests/int3store/kernel.cl,PASS,0.418,0.007,0.010,0.416,0.545,0.500,1.896
/datadrive/gpuverify-tests/OpenCL/vectortests/int4initialisation/kernel.cl,PASS,0.458,0.015,0.006,0.375,0.500,0.497,1.851
/datadrive/gpuverify-tests/OpenCL/vectortests/float4arithmetic/kernel.cl,PASS,0.415,0.015,0.009,0.577,0.745,1.659,3.420
/datadrive/gpuverify-tests/OpenCL/vectortests/select/kernel.cl,PASS,0.426,0.011,0.005,0.417,0.538,0.779,2.177
/datadrive/gpuverify-tests/OpenCL/vectortests/test_paren/kernel.cl,PASS,0.376,0.009,0.005,0.455,0.586,0.500,1.932
/datadrive/gpuverify-tests/OpenCL/vectortests/test_mul_add/kernel.cl,PASS,0.388,0.016,0.009,0.497,0.583,0.584,2.075
/datadrive/gpuverify-tests/OpenCL/vectortests/vectorops/kernel.cl,PASS,0.377,0.010,0.006,0.419,0.460,0.457,1.729
/datadrive/gpuverify-tests/OpenCL/vectortests/vectorops2/kernel.cl,PASS,0.418,0.011,0.008,0.416,0.547,0.455,1.857
/datadrive/gpuverify-tests/OpenCL/vectortests/vectorreturn/kernel.cl,PASS,0.430,0.016,0.006,0.455,0.539,0.496,1.941
/datadrive/gpuverify-tests/OpenCL/vectortests/vectorsplat/kernel.cl,PASS,0.425,0.018,0.006,0.378,0.499,0.456,1.782
/datadrive/gpuverify-tests/OpenCL/vectortests/vectorswizzle/kernel.cl,PASS,0.417,0.010,0.005,0.380,0.496,0.496,1.803
/datadrive/gpuverify-tests/OpenCL/warpsync/broken_shuffle/kernel.cl,FAIL(6),0.377,0.008,0.005,0.456,0.536,0.701,2.083
/datadrive/gpuverify-tests/OpenCL/vectortests/double2arithmetic/kernel.cl,PASS,0.389,0.015,0.009,0.581,0.744,4.119,5.857
/datadrive/gpuverify-tests/OpenCL/warpsync/shuffle/kernel.cl,PASS,0.415,0.009,0.005,0.496,0.576,0.576,2.077
/datadrive/gpuverify-tests/OpenCL/warpsync/2d/kernel.cl,PASS,0.464,0.009,0.005,0.495,0.656,0.736,2.366
/datadrive/gpuverify-tests/OpenCL/warpsync/scan_warp/kernel.cl,PASS,0.415,0.009,0.006,0.495,0.616,0.857,2.399
/datadrive/gpuverify-tests/OpenCL/warpsync/intragroup_scan/kernel.cl,PASS,0.417,0.010,0.006,0.576,0.817,1.299,3.123
/datadrive/gpuverify-tests/CUDASamples/6_Advanced_eigenvalues_bisect_kernel_large_onei/kernel.cu,FAIL(6),0.134,0.018,0.014,1.097,132.810,7.721,141.794
