kernel,status,clang,opt,bugle,instrumentation,vcgen,cruncher,repair,total
/datadrive/gpurepair/Toolchain/testsuite/CUDA/always_inline/kernel.cu,PASS,0.137,0.009,0.006,0.255,0.377,0.496,0.626,1.906
/datadrive/gpurepair/Toolchain/testsuite/CUDA/annotation_tests/test_all/kernel.cu,PASS,0.143,0.009,0.007,0.256,0.415,0.496,0.618,1.944
/datadrive/gpurepair/Toolchain/testsuite/CUDA/annotation_tests/test_at_most_one/kernel.cu,PASS,0.136,0.009,0.006,0.255,0.415,0.498,0.618,1.937
/datadrive/gpurepair/Toolchain/testsuite/CUDA/annotation_tests/test_assume/kernel.cu,PASS,0.140,0.009,0.004,0.257,0.375,0.501,0.661,1.948
/datadrive/gpurepair/Toolchain/testsuite/CUDA/annotation_tests/test_assert/kernel.cu,PASS,0.136,0.009,0.006,0.297,0.376,0.535,0.626,1.985
/datadrive/gpurepair/Toolchain/testsuite/CUDA/annotation_tests/test_contract/kernel.cu,PASS,0.137,0.011,0.006,0.259,0.415,0.618,0.656,2.101
/datadrive/gpurepair/Toolchain/testsuite/CUDA/align/kernel.cu,PASS,0.139,0.009,0.005,0.295,0.496,0.535,0.696,2.174
/datadrive/gpurepair/Toolchain/testsuite/CUDA/annotation_tests/test_axiom/kernel.cu,PASS,0.140,0.022,0.010,0.297,0.456,0.576,0.696,2.197
/datadrive/gpurepair/Toolchain/testsuite/Bugged/unnecessary_barrier/kernel.cu,PASS,0.139,0.009,0.006,0.296,0.537,0.577,0.777,2.341
/datadrive/gpurepair/Toolchain/testsuite/CUDA/annotation_tests/test_distinct/kernel.cu,PASS,0.175,0.017,0.012,0.257,0.496,0.736,0.634,2.327
/datadrive/gpurepair/Toolchain/testsuite/Bugged/single_line_race/kernel.cu,PASS,0.136,0.009,0.007,0.296,0.496,0.576,0.897,2.417
/datadrive/gpurepair/Toolchain/testsuite/Bugged/race_writeread/kernel.cu,PASS,0.138,0.009,0.005,0.295,0.536,0.576,0.866,2.425
/datadrive/gpurepair/Toolchain/testsuite/Bugged/race/kernel.cu,PASS,0.136,0.009,0.005,0.294,0.536,0.576,0.897,2.453
/datadrive/gpurepair/Toolchain/testsuite/Bugged/divergence/kernel.cu,FAIL(202),0.136,0.009,0.005,0.295,0.495,0.576,1.142,2.659
/datadrive/gpurepair/Toolchain/testsuite/Bugged/multiple_race/kernel.cu,PASS,0.100,0.009,0.006,0.294,0.496,0.576,1.193,2.673
/datadrive/gpurepair/Toolchain/testsuite/Bugged/unrepairable/kernel.cu,FAIL(202),0.137,0.009,0.005,0.335,0.536,0.621,1.058,2.700
/datadrive/gpurepair/Toolchain/testsuite/CUDA/annotation_tests/test_no_readwrite/kernel.cu,PASS,0.139,0.013,0.008,0.258,0.497,0.617,0.616,2.147
/datadrive/gpurepair/Toolchain/testsuite/CUDA/annotation_tests/test_for_loop_invariant/kernel.cu,PASS,0.142,0.012,0.006,0.257,0.495,0.622,0.616,2.150
/datadrive/gpurepair/Toolchain/testsuite/CUDA/annotation_tests/test_enabled_and_uniform/kernel.cu,PASS,0.139,0.023,0.007,0.307,0.500,0.616,0.618,2.209
/datadrive/gpurepair/Toolchain/testsuite/CUDA/annotation_tests/test_ensures/kernel.cu,PASS,0.147,0.015,0.007,0.271,0.456,0.656,0.666,2.217
/datadrive/gpurepair/Toolchain/testsuite/CUDA/annotation_tests/test_norace/kernel.cu,PASS,0.144,0.017,0.019,0.299,0.537,0.656,0.676,2.347
/datadrive/gpurepair/Toolchain/testsuite/CUDA/annotation_tests/test_while_loop_invariant/kernel.cu,PASS,0.142,0.009,0.008,0.257,0.496,0.658,0.616,2.187
/datadrive/gpurepair/Toolchain/testsuite/CUDA/annotation_tests/test_requires/kernel.cu,PASS,0.137,0.010,0.005,0.300,0.537,0.667,0.656,2.312
/datadrive/gpurepair/Toolchain/testsuite/CUDA/argument_promotion/kernel.cu,PASS,0.148,0.012,0.013,0.306,0.455,0.595,0.710,2.239
/datadrive/gpurepair/Toolchain/testsuite/CUDA/atomics/device_global/kernel.cu,PASS,0.136,0.009,0.005,0.262,0.415,0.536,0.668,2.031
/datadrive/gpurepair/Toolchain/testsuite/CUDA/atomics/add_one/kernel.cu,PASS,0.137,0.009,0.006,0.295,0.459,0.581,0.701,2.188
/datadrive/gpurepair/Toolchain/testsuite/CUDA/atomics/add_zero/kernel.cu,FAIL(202),0.162,0.010,0.004,0.300,0.456,0.583,0.739,2.255
/datadrive/gpurepair/Toolchain/testsuite/CUDA/atomics/pointer_add/kernel.cu,PASS,0.136,0.009,0.006,0.257,0.456,0.578,0.656,2.098
/datadrive/gpurepair/Toolchain/testsuite/CUDA/barrierconditionalkernelparam/kernel.cu,PASS,0.136,0.009,0.005,0.295,0.419,0.536,0.658,2.057
/datadrive/gpurepair/Toolchain/testsuite/CUDA/atomics/add_tid/kernel.cu,FAIL(202),0.143,0.027,0.006,0.294,0.456,0.747,0.784,2.458
/datadrive/gpurepair/Toolchain/testsuite/CUDA/atomics/definitions/kernel.cu,PASS,0.141,0.009,0.005,0.297,0.536,0.897,0.982,2.866
/datadrive/gpurepair/Toolchain/testsuite/CUDA/atomics/test_abstraction_enforced/kernel.cu,FAIL(201),0.136,0.016,0.006,0.298,0.496,0.657,1.223,2.832
/datadrive/gpurepair/Toolchain/testsuite/CUDA/basic1/kernel.cu,PASS,0.138,0.023,0.006,0.258,0.336,0.497,0.577,1.834
/datadrive/gpurepair/Toolchain/testsuite/CUDA/casttofloat/kernel.cu,PASS,0.136,0.010,0.018,0.259,0.335,0.538,0.626,1.921
/datadrive/gpurepair/Toolchain/testsuite/CUDA/basicbarrier/kernel.cu,PASS,0.142,0.009,0.005,0.256,0.457,0.540,0.663,2.073
/datadrive/gpurepair/Toolchain/testsuite/CUDA/cuda_arch/kernel.cu,PASS,0.137,0.009,0.004,0.255,0.346,0.460,0.616,1.826
/datadrive/gpurepair/Toolchain/testsuite/CUDA/basicglobalarray/kernel.cu,PASS,0.136,0.009,0.005,0.297,0.457,0.593,0.659,2.156
/datadrive/gpurepair/Toolchain/testsuite/CUDA/ctimeslid/kernel.cu,PASS,0.144,0.010,0.009,0.297,0.580,0.776,0.699,2.516
/datadrive/gpurepair/Toolchain/testsuite/CUDA/curand_tests/pass/curand/kernel.cu,PASS,0.137,0.009,0.006,0.295,0.496,0.616,0.701,2.260
/datadrive/gpurepair/Toolchain/testsuite/CUDA/fail_tests/race_on_shared/kernel.cu,FAIL(202),0.136,0.009,0.008,0.300,0.458,0.578,0.739,2.227
/datadrive/gpurepair/Toolchain/testsuite/CUDA/curand_tests/pass/curand_mtgp32/kernel.cu,PASS,0.136,0.009,0.005,0.294,0.543,0.671,0.702,2.360
/datadrive/gpurepair/Toolchain/testsuite/CUDA/ctimesgid/kernel.cu,PASS,0.143,0.009,0.010,0.298,0.583,1.057,0.740,2.840
/datadrive/gpurepair/Toolchain/testsuite/CUDA/floatcastrequired/kernel.cu,PASS,0.146,0.009,0.006,0.258,0.376,0.496,0.619,1.910
/datadrive/gpurepair/Toolchain/testsuite/CUDA/curand_tests/fail/curand_mtgp32_block_race/kernel.cu,FAIL(202),0.138,0.009,0.008,0.304,0.537,0.661,1.344,3.002
/datadrive/gpurepair/Toolchain/testsuite/CUDA/fail_tests/shared_int/kernel.cu,FAIL(202),0.145,0.009,0.013,0.300,0.500,0.576,0.699,2.244
/datadrive/gpurepair/Toolchain/testsuite/CUDA/curand_tests/fail/curand_race/kernel.cu,FAIL(202),0.142,0.016,0.007,0.295,0.495,0.583,1.550,3.088
/datadrive/gpurepair/Toolchain/testsuite/CUDA/floatrelationalop/kernel.cu,PASS,0.142,0.009,0.006,0.260,0.377,0.544,0.585,1.923
/datadrive/gpurepair/Toolchain/testsuite/CUDA/curand_tests/fail/curand_mtgp32_race/kernel.cu,FAIL(202),0.136,0.014,0.010,0.301,0.500,0.619,2.303,3.882
/datadrive/gpurepair/Toolchain/testsuite/CUDA/fresh_arrays/fail/array/kernel.cu,FAIL(202),0.136,0.012,0.006,0.297,0.458,0.584,0.736,2.230
/datadrive/gpurepair/Toolchain/testsuite/CUDA/fresh_arrays/fail/inherit/kernel.cu,FAIL(202),0.138,0.009,0.005,0.300,0.498,0.579,0.741,2.270
/datadrive/gpurepair/Toolchain/testsuite/CUDA/fresh_arrays/fail/struct_float/kernel.cu,FAIL(202),0.149,0.010,0.005,0.294,0.459,0.580,0.776,2.274
/datadrive/gpurepair/Toolchain/testsuite/CUDA/fresh_arrays/fail/struct_char/kernel.cu,FAIL(202),0.139,0.009,0.005,0.294,0.510,0.897,0.780,2.635
/datadrive/gpurepair/Toolchain/testsuite/CUDA/fresh_arrays/fail/struct_nested/kernel.cu,FAIL(202),0.140,0.009,0.008,0.300,0.461,0.576,0.787,2.280
/datadrive/gpurepair/Toolchain/testsuite/CUDA/fresh_arrays/pass/array/kernel.cu,PASS,0.150,0.016,0.012,0.295,0.467,0.577,0.659,2.176
/datadrive/gpurepair/Toolchain/testsuite/CUDA/fresh_arrays/pass/inherit/kernel.cu,PASS,0.143,0.014,0.007,0.296,0.457,0.576,0.702,2.196
/datadrive/gpurepair/Toolchain/testsuite/CUDA/fresh_arrays/pass/struct_char/kernel.cu,PASS,0.136,0.011,0.010,0.302,0.458,0.584,0.696,2.197
/datadrive/gpurepair/Toolchain/testsuite/CUDA/fresh_arrays/pass/struct_float/kernel.cu,PASS,0.142,0.010,0.006,0.303,0.455,0.583,0.661,2.160
/datadrive/gpurepair/Toolchain/testsuite/CUDA/function_pointers/basic_argument_fail/kernel.cu,FAIL(201),0.143,0.011,0.005,0.295,0.496,0.818,1.023,2.790
/datadrive/gpurepair/Toolchain/testsuite/CUDA/function_pointers/basic_argument_pass/kernel.cu,PASS,0.147,0.016,0.006,0.295,0.540,0.868,0.898,2.768
/datadrive/gpurepair/Toolchain/testsuite/CUDA/function_pointers/basic_assignment_pass/kernel.cu,PASS,0.136,0.009,0.005,0.294,0.536,0.902,0.937,2.819
/datadrive/gpurepair/Toolchain/testsuite/CUDA/function_pointers/unknown_function/kernel.cu,FAIL(4),0.138,0.010,0.005,0.000,0.000,0.000,0.000,0.153
/datadrive/gpurepair/Toolchain/testsuite/CUDA/function_pointers/basic_assignment_fail/kernel.cu,FAIL(201),0.136,0.009,0.009,0.296,0.535,0.857,1.097,2.939
/datadrive/gpurepair/Toolchain/testsuite/CUDA/function_pointers/basic_statement/kernel.cu,PASS,0.137,0.016,0.009,0.355,0.536,0.989,0.823,2.864
/datadrive/gpurepair/Toolchain/testsuite/CUDA/curand_tests/fail/init_race/kernel.cu,FAIL(202),0.136,0.016,0.011,0.298,0.500,0.620,4.802,6.382
/datadrive/gpurepair/Toolchain/testsuite/CUDA/function_pointers/constant_value/kernel.cu,FAIL(201),0.142,0.026,0.010,0.307,0.496,0.741,0.860,2.582
/datadrive/gpurepair/Toolchain/testsuite/CUDA/function_pointers/pass_struct/requires/kernel.cu,PASS,0.136,0.009,0.005,0.255,0.415,0.539,0.656,2.016
/datadrive/gpurepair/Toolchain/testsuite/CUDA/function_pointers/funcptr_lt/kernel.cu,PASS,0.139,0.019,0.006,0.303,0.497,0.858,0.950,2.773
/datadrive/gpurepair/Toolchain/testsuite/CUDA/function_pointers/funcptr_to_ptr/kernel.cu,PASS,0.136,0.009,0.006,0.295,0.537,0.939,0.941,2.862
/datadrive/gpurepair/Toolchain/testsuite/CUDA/function_pointers/check_return_value/kernel.cu,PASS,0.144,0.009,0.006,0.302,0.541,0.980,1.313,3.294
/datadrive/gpurepair/Toolchain/testsuite/CUDA/function_pointers/funcptr_to_ptr_add/kernel.cu,FAIL(201),0.139,0.010,0.010,0.300,0.540,0.982,1.099,3.080
/datadrive/gpurepair/Toolchain/testsuite/CUDA/function_pointers/return_value/kernel.cu,PASS,0.136,0.009,0.005,0.295,0.512,0.818,0.988,2.763
/datadrive/gpurepair/Toolchain/testsuite/CUDA/inheritance_struct_simplify/indirect/kernel.cu,PASS,0.139,0.016,0.006,0.257,0.396,0.498,0.576,1.887
/datadrive/gpurepair/Toolchain/testsuite/CUDA/inheritance_struct_simplify/direct/kernel.cu,PASS,0.139,0.009,0.005,0.296,0.376,0.497,0.578,1.901
/datadrive/gpurepair/Toolchain/testsuite/CUDA/function_pointers/pass_struct/requires_call/kernel.cu,PASS,0.136,0.012,0.005,0.295,0.539,0.939,1.228,3.155
/datadrive/gpurepair/Toolchain/testsuite/CUDA/function_pointers/pass_struct/call/kernel.cu,FAIL(201),0.149,0.009,0.005,0.295,0.537,0.959,1.424,3.378
/datadrive/gpurepair/Toolchain/testsuite/CUDA/function_pointers/soundness_issue/kernel.cu,FAIL(201),0.135,0.016,0.005,0.296,0.540,1.069,1.140,3.201
/datadrive/gpurepair/Toolchain/testsuite/CUDA/large_constant_array/kernel.cu,PASS,0.136,0.022,0.008,0.295,0.462,0.576,0.666,2.165
/datadrive/gpurepair/Toolchain/testsuite/CUDA/globalarray/fail/kernel.cu,FAIL(202),0.136,0.009,0.005,0.295,0.468,0.576,0.939,2.429
/datadrive/gpurepair/Toolchain/testsuite/CUDA/memcpy/unhandled_varlen/kernel.cu,FAIL(4),0.137,0.009,0.006,0.000,0.000,0.000,0.000,0.151
/datadrive/gpurepair/Toolchain/testsuite/CUDA/local2darrayaccess/kernel.cu,PASS,0.147,0.019,0.008,0.306,0.503,0.577,0.703,2.263
/datadrive/gpurepair/Toolchain/testsuite/CUDA/loop_unwind/kernel.cu,FAIL(202),0.140,0.010,0.005,0.298,0.538,0.619,0.736,2.347
/datadrive/gpurepair/Toolchain/testsuite/CUDA/localarrayaccess/kernel.cu,PASS,0.144,0.010,0.006,0.339,0.516,0.583,0.857,2.455
/datadrive/gpurepair/Toolchain/testsuite/CUDA/memcpy/arrayofstruct/kernel.cu,PASS,0.138,0.011,0.006,0.337,0.459,0.577,0.696,2.223
/datadrive/gpurepair/Toolchain/testsuite/CUDA/memcpy/fail_arrayofstruct/kernel.cu,FAIL(202),0.136,0.011,0.004,0.295,0.496,0.629,1.097,2.668
/datadrive/gpurepair/Toolchain/testsuite/CUDA/memcpy/lentoosmall/kernel.cu,PASS,0.147,0.012,0.005,0.296,0.495,0.619,0.736,2.311
/datadrive/gpurepair/Toolchain/testsuite/CUDA/memcpy/null_dst/kernel.cu,FAIL(201),0.143,0.009,0.008,0.256,0.376,0.495,0.739,2.026
/datadrive/gpurepair/Toolchain/testsuite/CUDA/memcpy/lentoobig/kernel.cu,PASS,0.136,0.018,0.017,0.298,0.500,0.657,1.178,2.804
/datadrive/gpurepair/Toolchain/testsuite/CUDA/memcpy/mismatch/kernel.cu,PASS,0.111,0.016,0.013,0.300,0.496,0.618,0.778,2.332
/datadrive/gpurepair/Toolchain/testsuite/CUDA/memcpy/null_src/kernel.cu,FAIL(201),0.139,0.010,0.009,0.255,0.417,0.537,0.658,2.023
/datadrive/gpurepair/Toolchain/testsuite/CUDA/memset/unhandled_varlen/kernel.cu,FAIL(4),0.140,0.009,0.006,0.000,0.000,0.000,0.000,0.155
/datadrive/gpurepair/Toolchain/testsuite/CUDA/memcpy_simplification/array_element_passed_to_call1/kernel.cu,PASS,0.139,0.010,0.005,0.254,0.457,0.536,0.658,2.060
/datadrive/gpurepair/Toolchain/testsuite/CUDA/memset/unhandled_varval/kernel.cu,FAIL(4),0.146,0.011,0.009,0.000,0.000,0.000,0.000,0.166
/datadrive/gpurepair/Toolchain/testsuite/CUDA/misc/fail/miscfail1/kernel.cu,FAIL(2),0.149,0.000,0.000,0.000,0.000,0.000,0.000,0.149
/datadrive/gpurepair/Toolchain/testsuite/CUDA/memcpy_simplification/array_element_passed_to_call2/kernel.cu,PASS,0.139,0.015,0.005,0.294,0.456,0.578,0.664,2.152
/datadrive/gpurepair/Toolchain/testsuite/CUDA/memcpy_simplification/global_passed_to_call/kernel.cu,PASS,0.135,0.010,0.008,0.295,0.458,0.591,0.661,2.157
/datadrive/gpurepair/Toolchain/testsuite/CUDA/memcpy_simplification/i8_element_global_passed_to_call1/kernel.cu,PASS,0.135,0.012,0.008,0.303,0.455,0.537,0.660,2.111
/datadrive/gpurepair/Toolchain/testsuite/CUDA/memcpy_simplification/i8_element_global_passed_to_call2/kernel.cu,PASS,0.136,0.016,0.006,0.298,0.456,0.584,0.663,2.159
/datadrive/gpurepair/Toolchain/testsuite/CUDA/memcpy_simplification/i8_element_parameter_passed_to_call/kernel.cu,PASS,0.147,0.009,0.006,0.254,0.378,0.542,0.618,1.953
/datadrive/gpurepair/Toolchain/testsuite/CUDA/memcpy_simplification/parameter_passed_to_call/kernel.cu,PASS,0.139,0.017,0.006,0.263,0.381,0.549,0.619,1.975
/datadrive/gpurepair/Toolchain/testsuite/CUDA/memcpy_simplification/shared_element_passed_to_call/kernel.cu,PASS,0.136,0.009,0.006,0.296,0.456,0.624,0.656,2.183
/datadrive/gpurepair/Toolchain/testsuite/CUDA/memcpy/notexactdiv/kernel.cu,PASS,0.150,0.015,0.006,0.295,0.501,0.661,1.859,3.487
/datadrive/gpurepair/Toolchain/testsuite/CUDA/memset/initstruct/kernel.cu,PASS,0.136,0.009,0.006,0.348,0.506,0.617,0.696,2.318
/datadrive/gpurepair/Toolchain/testsuite/CUDA/memset/null_dst/kernel.cu,FAIL(201),0.137,0.023,0.014,0.258,0.376,0.495,0.703,2.006
/datadrive/gpurepair/Toolchain/testsuite/CUDA/misc/fail/miscfail2/kernel.cu,FAIL(6),0.137,0.015,0.005,0.307,0.581,0.820,0.000,1.865
/datadrive/gpurepair/Toolchain/testsuite/CUDA/memset_simplification/kernel.cu,PASS,0.137,0.020,0.005,0.295,0.455,0.616,0.745,2.273
/datadrive/gpurepair/Toolchain/testsuite/CUDA/misc/fail/miscfail8/kernel.cu,FAIL(201),0.139,0.009,0.005,0.258,0.376,0.496,0.703,1.986
/datadrive/gpurepair/Toolchain/testsuite/CUDA/misc/fail/miscfail5/kernel.cu,FAIL(201),0.145,0.009,0.006,0.295,0.498,0.537,0.785,2.274
/datadrive/gpurepair/Toolchain/testsuite/CUDA/misc/fail/miscfail6/kernel.cu,FAIL(202),0.136,0.016,0.010,0.296,0.464,0.585,0.738,2.245
/datadrive/gpurepair/Toolchain/testsuite/CUDA/misc/fail/miscfail4/kernel.cu,PASS,0.149,0.016,0.006,0.295,0.467,0.579,0.945,2.458
/datadrive/gpurepair/Toolchain/testsuite/CUDA/misc/fail/miscfail3/kernel.cu,PASS,0.138,0.009,0.006,0.297,0.458,0.745,0.982,2.636
/datadrive/gpurepair/Toolchain/testsuite/CUDA/misc/fail/miscfail7/kernel.cu,FAIL(201),0.136,0.009,0.007,0.295,0.538,0.619,1.071,2.674
/datadrive/gpurepair/Toolchain/testsuite/CUDA/misc/pass/misc2/kernel.cu,PASS,0.136,0.023,0.009,0.298,0.468,0.585,0.702,2.222
/datadrive/gpurepair/Toolchain/testsuite/CUDA/misc/pass/misc3/kernel.cu,FAIL(201),0.137,0.009,0.006,0.295,0.469,0.583,0.782,2.281
/datadrive/gpurepair/Toolchain/testsuite/CUDA/misc/pass/misc5/kernel.cu,PASS,0.139,0.020,0.012,0.316,0.459,0.540,0.622,2.108
/datadrive/gpurepair/Toolchain/testsuite/CUDA/misc/pass/misc1/kernel.cu,PASS,0.143,0.021,0.011,0.295,0.627,0.778,0.995,2.870
/datadrive/gpurepair/Toolchain/testsuite/CUDA/misc/pass/misc4/kernel.cu,PASS,0.136,0.009,0.006,0.257,0.539,0.925,0.656,2.527
/datadrive/gpurepair/Toolchain/testsuite/CUDA/misc/pass/misc7/kernel.cu,PASS,0.138,0.009,0.005,0.258,0.394,0.539,0.582,1.924
/datadrive/gpurepair/Toolchain/testsuite/CUDA/misc/pass/misc6/kernel.cu,PASS,0.139,0.012,0.006,0.295,0.463,0.576,0.628,2.117
/datadrive/gpurepair/Toolchain/testsuite/CUDA/multiplelocals/kernel.cu,PASS,0.149,0.012,0.007,0.259,0.376,0.498,0.586,1.887
/datadrive/gpurepair/Toolchain/testsuite/CUDA/nestedinline/kernel.cu,PASS,0.137,0.011,0.006,0.269,0.382,0.496,0.579,1.879
/datadrive/gpurepair/Toolchain/testsuite/CUDA/nonpointerparameter1/kernel.cu,PASS,0.138,0.009,0.006,0.255,0.382,0.503,0.587,1.880
/datadrive/gpurepair/Toolchain/testsuite/CUDA/misc/pass/misc8/kernel.cu,PASS,0.136,0.020,0.018,0.298,0.535,0.658,0.859,2.526
/datadrive/gpurepair/Toolchain/testsuite/CUDA/mul24/kernel.cu,PASS,0.149,0.011,0.005,0.298,0.536,0.618,0.698,2.316
/datadrive/gpurepair/Toolchain/testsuite/CUDA/nonpointerparameter2/kernel.cu,PASS,0.137,0.016,0.013,0.261,0.386,0.537,0.621,1.970
/datadrive/gpurepair/Toolchain/testsuite/CUDA/notunaryoptest/kernel.cu,PASS,0.142,0.012,0.006,0.255,0.349,0.458,0.578,1.801
/datadrive/gpurepair/Toolchain/testsuite/CUDA/noraceduetoreturn/kernel.cu,PASS,0.136,0.018,0.006,0.303,0.536,0.740,0.898,2.637
/datadrive/gpurepair/Toolchain/testsuite/CUDA/param_values/value_in_assert/kernel.cu,FAIL(201),0.136,0.009,0.006,0.266,0.426,0.495,0.980,2.318
/datadrive/gpurepair/Toolchain/testsuite/CUDA/param_values/value_causing_race/kernel.cu,PASS,0.142,0.009,0.005,0.296,0.496,0.623,1.098,2.669
/datadrive/gpurepair/Toolchain/testsuite/CUDA/pointeranalysistests/testinterprocedural/kernel.cu,PASS,0.137,0.011,0.006,0.295,0.415,0.583,0.696,2.144
/datadrive/gpurepair/Toolchain/testsuite/CUDA/pointeranalysistests/testinterprocedural2/kernel.cu,PASS,0.137,0.018,0.005,0.295,0.503,0.616,0.737,2.311
/datadrive/gpurepair/Toolchain/testsuite/CUDA/pointers_in_structs/test1/kernel.cu,PASS,0.136,0.016,0.013,0.303,0.456,0.576,0.698,2.197
/datadrive/gpurepair/Toolchain/testsuite/CUDA/memcpy/fail_overstep/kernel.cu,PASS,0.106,0.018,0.005,0.298,0.576,0.781,7.651,9.435
/datadrive/gpurepair/Toolchain/testsuite/CUDA/pointeranalysistests/testinterprocedural3/kernel.cu,PASS,0.136,0.015,0.006,0.336,0.500,0.708,0.759,2.460
/datadrive/gpurepair/Toolchain/testsuite/CUDA/pointers_in_structs/test2/kernel.cu,PASS,0.143,0.009,0.005,0.299,0.538,0.619,0.781,2.393
/datadrive/gpurepair/Toolchain/testsuite/CUDA/pointers_in_structs/test3/kernel.cu,PASS,0.105,0.010,0.005,0.299,0.540,0.616,0.795,2.370
/datadrive/gpurepair/Toolchain/testsuite/CUDA/pointertests/scanlargelike/kernel.cu,PASS,0.138,0.009,0.006,0.296,0.469,0.617,0.699,2.234
/datadrive/gpurepair/Toolchain/testsuite/CUDA/pointertests/test1/kernel.cu,PASS,0.136,0.010,0.008,0.296,0.496,0.581,0.701,2.227
/datadrive/gpurepair/Toolchain/testsuite/CUDA/pointertests/test10/kernel.cu,PASS,0.136,0.009,0.005,0.295,0.467,0.621,0.748,2.282
/datadrive/gpurepair/Toolchain/testsuite/CUDA/pointeranalysistests/testbasicaliasing/kernel.cu,FAIL(202),0.142,0.020,0.012,0.297,0.541,0.638,2.107,3.757
/datadrive/gpurepair/Toolchain/testsuite/CUDA/pointertests/test14/kernel.cu,PASS,0.137,0.017,0.009,0.260,0.379,0.579,0.622,2.003
/datadrive/gpurepair/Toolchain/testsuite/CUDA/pointertests/test11/kernel.cu,PASS,0.151,0.019,0.009,0.295,0.500,0.697,0.743,2.414
/datadrive/gpurepair/Toolchain/testsuite/CUDA/pointertests/test13/kernel.cu,PASS,0.138,0.021,0.007,0.336,0.455,0.617,0.658,2.233
/datadrive/gpurepair/Toolchain/testsuite/CUDA/pointers_in_structs/test4/kernel.cu,PASS,0.136,0.011,0.008,0.335,0.703,0.986,1.635,3.815
/datadrive/gpurepair/Toolchain/testsuite/CUDA/pointertests/test12/kernel.cu,PASS,0.140,0.023,0.016,0.342,0.544,0.911,0.791,2.766
/datadrive/gpurepair/Toolchain/testsuite/CUDA/pointertests/test2/kernel.cu,PASS,0.143,0.009,0.007,0.295,0.500,0.578,0.698,2.230
/datadrive/gpurepair/Toolchain/testsuite/CUDA/pointertests/test3/kernel.cu,PASS,0.146,0.009,0.005,0.295,0.462,0.587,0.698,2.201
/datadrive/gpurepair/Toolchain/testsuite/CUDA/return_val/char/kernel.cu,FAIL(4),0.140,0.011,0.012,0.000,0.000,0.000,0.000,0.163
/datadrive/gpurepair/Toolchain/testsuite/CUDA/pointertests/test4/kernel.cu,PASS,0.144,0.019,0.006,0.297,0.503,0.698,0.706,2.372
/datadrive/gpurepair/Toolchain/testsuite/CUDA/pointertests/test5/kernel.cu,PASS,0.136,0.016,0.009,0.340,0.553,0.625,0.701,2.378
/datadrive/gpurepair/Toolchain/testsuite/CUDA/pointertests/test7/kernel.cu,PASS,0.136,0.018,0.006,0.259,0.381,0.496,0.625,1.921
/datadrive/gpurepair/Toolchain/testsuite/CUDA/return_val/longlong/kernel.cu,FAIL(4),0.138,0.011,0.009,0.000,0.000,0.000,0.000,0.157
/datadrive/gpurepair/Toolchain/testsuite/CUDA/pointertests/test8/kernel.cu,PASS,0.141,0.010,0.007,0.297,0.458,0.590,0.662,2.166
/datadrive/gpurepair/Toolchain/testsuite/CUDA/pointertests/test6/kernel.cu,PASS,0.140,0.015,0.016,0.297,0.497,0.617,0.699,2.280
/datadrive/gpurepair/Toolchain/testsuite/CUDA/pointertests/test9/kernel.cu,PASS,0.137,0.009,0.020,0.295,0.474,0.617,0.700,2.254
/datadrive/gpurepair/Toolchain/testsuite/CUDA/pointertests/test_bad_pointer_procedure_call/kernel.cu,PASS,0.144,0.009,0.005,0.296,0.418,0.578,0.659,2.108
/datadrive/gpurepair/Toolchain/testsuite/CUDA/pointertests/test_copy_between_memory_spaces/kernel.cu,PASS,0.140,0.009,0.006,0.297,0.456,0.617,0.661,2.186
/datadrive/gpurepair/Toolchain/testsuite/CUDA/pointertests/test_copy_between_pointers/kernel.cu,PASS,0.137,0.015,0.006,0.299,0.457,0.579,0.666,2.159
/datadrive/gpurepair/Toolchain/testsuite/CUDA/predication/test1/kernel.cu,PASS,0.137,0.012,0.005,0.270,0.457,0.540,0.616,2.037
/datadrive/gpurepair/Toolchain/testsuite/CUDA/pointertests/test_pass_value_from_array/kernel.cu,PASS,0.138,0.037,0.009,0.305,0.462,0.663,0.657,2.271
/datadrive/gpurepair/Toolchain/testsuite/CUDA/predication/test2/kernel.cu,PASS,0.143,0.009,0.011,0.298,0.496,0.701,0.617,2.275
/datadrive/gpurepair/Toolchain/testsuite/CUDA/simpleparampassing/kernel.cu,PASS,0.136,0.016,0.011,0.262,0.386,0.495,0.575,1.881
/datadrive/gpurepair/Toolchain/testsuite/CUDA/struct/kernel.cu,PASS,0.142,0.017,0.006,0.256,0.337,0.458,0.536,1.752
/datadrive/gpurepair/Toolchain/testsuite/CUDA/simplereturn/kernel.cu,PASS,0.137,0.017,0.005,0.298,0.460,0.536,0.618,2.071
/datadrive/gpurepair/Toolchain/testsuite/CUDA/ternarytest/kernel.cu,PASS,0.141,0.014,0.007,0.297,0.496,0.545,0.656,2.155
/datadrive/gpurepair/Toolchain/testsuite/CUDA/store_in_byval_function/kernel.cu,PASS,0.142,0.009,0.005,0.336,0.538,0.627,0.742,2.401
/datadrive/gpurepair/Toolchain/testsuite/CUDA/threadfence/kernel.cu,PASS,0.138,0.011,0.005,0.255,0.381,0.496,0.578,1.863
/datadrive/gpurepair/Toolchain/testsuite/CUDA/ternarytest2/kernel.cu,PASS,0.140,0.015,0.008,0.295,0.495,0.535,0.659,2.148
/datadrive/gpurepair/Toolchain/testsuite/CUDA/reduced_strength_with_requires/kernel.cu,PASS,0.102,0.020,0.006,0.299,0.622,1.306,0.738,3.092
/datadrive/gpurepair/Toolchain/testsuite/CUDA/test_for_get_group_id/kernel.cu,PASS,0.136,0.009,0.005,0.295,0.457,0.537,0.656,2.096
/datadrive/gpurepair/Toolchain/testsuite/CUDA/unusedreturn/kernel.cu,PASS,0.136,0.009,0.013,0.255,0.418,0.536,0.656,2.023
/datadrive/gpurepair/Toolchain/testsuite/CUDA/warpsize/kernel.cu,PASS,0.136,0.016,0.008,0.256,0.459,0.537,0.656,2.069
/datadrive/gpurepair/Toolchain/testsuite/CUDA/warpsync/bad_inter_group/kernel.cu,FAIL(202),0.139,0.009,0.005,0.297,0.511,0.577,0.780,2.318
/datadrive/gpurepair/Toolchain/testsuite/CUDA/warpsync/2d/kernel.cu,PASS,0.143,0.010,0.006,0.296,0.497,0.617,0.899,2.467
/datadrive/gpurepair/Toolchain/testsuite/CUDA/warpsync/broken_shuffle/kernel.cu,PASS,0.137,0.015,0.005,0.300,0.500,0.576,1.022,2.556
/datadrive/gpurepair/Toolchain/testsuite/CUDA/warpsync/equality_abstraction_issue/kernel.cu,FAIL(201),0.136,0.009,0.005,0.295,0.497,0.656,1.101,2.700
/datadrive/gpurepair/Toolchain/testsuite/CUDA/warpsync/shuffle/kernel.cu,PASS,0.142,0.015,0.006,0.298,0.459,0.577,0.744,2.240
/datadrive/gpurepair/Toolchain/testsuite/CUDA/warpsync/refined_equality_abstraction/kernel.cu,PASS,0.137,0.019,0.006,0.297,0.536,0.657,1.148,2.800
/datadrive/gpurepair/Toolchain/testsuite/CUDA/reduced_strength_blockwise/kernel.cu,PASS,0.137,0.020,0.013,0.296,0.622,3.628,1.280,5.996
/datadrive/gpurepair/Toolchain/testsuite/CUDA/scope/kernel.cu,PASS,0.137,0.019,0.014,0.295,0.664,3.390,1.586,6.105
/datadrive/gpurepair/Toolchain/testsuite/CUDASamples/2_Graphics_marchingCubes_compactVoxels/kernel.cu,PASS,0.139,0.009,0.009,0.296,0.538,0.619,1.182,2.792
/datadrive/gpurepair/Toolchain/testsuite/CUDA/transitiveclosure/kernel.cu,PASS,0.136,0.009,0.005,0.295,0.620,1.220,2.956,5.239
/datadrive/gpurepair/Toolchain/testsuite/CUDASamples/2_Graphics_marchingCubes_classifyVoxel/kernel.cu,PASS,0.176,0.016,0.015,0.335,0.617,0.827,2.547,4.533
/datadrive/gpurepair/Toolchain/testsuite/CUDASamples/3_Imaging_dct8x8_CUDAkernelQuantizationFloat/kernel.cu,PASS,0.145,0.015,0.005,0.302,0.506,0.619,0.777,2.371
/datadrive/gpurepair/Toolchain/testsuite/CUDASamples/3_Imaging_dct8x8_CUDAkernelQuantizationShort/kernel.cu,PASS,0.138,0.016,0.009,0.301,0.497,0.627,0.857,2.444
/datadrive/gpurepair/Toolchain/testsuite/CUDASamples/3_Imaging_recursiveGaussian_d_transpose/kernel.cu,PASS,0.143,0.012,0.009,0.296,0.538,0.616,1.300,2.914
/datadrive/gpurepair/Toolchain/testsuite/CUDA/warpsync/scan_warp/kernel.cu,PASS,0.136,0.010,0.013,0.305,0.576,0.817,5.978,7.835
/datadrive/gpurepair/Toolchain/testsuite/CUDASamples/3_Imaging_histogram_mergeHistogram64Kernel/kernel.cu,PASS,0.142,0.013,0.009,0.295,0.699,3.679,3.189,8.026
/datadrive/gpurepair/Toolchain/testsuite/CUDASamples/3_Imaging_histogram_mergeHistogram256Kernel/kernel.cu,PASS,0.139,0.009,0.009,0.306,0.662,4.152,3.766,9.044
/datadrive/gpurepair/Toolchain/testsuite/CUDASamples/6_Advanced_reduction_reduce0/kernel.cu,PASS,0.137,0.011,0.005,0.295,0.657,1.428,2.704,5.237
/datadrive/gpurepair/Toolchain/testsuite/CUDASamples/6_Advanced_concurrentKernels_sum/kernel.cu,PASS,0.136,0.009,0.006,0.301,0.656,4.468,7.173,12.750
/datadrive/gpurepair/Toolchain/testsuite/CUDASamples/6_Advanced_reduction_reduce1/kernel.cu,PASS,0.136,0.010,0.005,0.336,0.661,2.430,3.195,6.773
/datadrive/gpurepair/Toolchain/testsuite/CUDASamples/6_Advanced_reduction_reduce3/kernel.cu,PASS,0.142,0.009,0.006,0.335,0.665,1.299,4.852,7.307
/datadrive/gpurepair/Toolchain/testsuite/CUDASamples/0_Simple_matrixMul_matrixMul/kernel.cu,PASS,0.137,0.016,0.009,0.295,0.697,9.501,12.195,22.850
/datadrive/gpurepair/Toolchain/testsuite/CUDA/pointertests/cast/kernel.cu,FAIL(202),0.137,0.012,0.009,0.295,0.617,1.307,29.964,32.341
/datadrive/gpurepair/Toolchain/testsuite/CUDASamples/6_Advanced_reduction_reduce2/kernel.cu,PASS,0.136,0.009,0.006,0.295,0.664,1.924,13.886,16.921
/datadrive/gpurepair/Toolchain/testsuite/CUDASamples/6_Advanced_scan_uniformUpdate/kernel.cu,PASS,0.136,0.009,0.008,0.296,0.576,0.736,5.045,6.805
/datadrive/gpurepair/Toolchain/testsuite/CUDASamples/6_Advanced_mergeSort_mergeRanksAndIndicesKernel/kernel.cu,PASS,0.145,0.010,0.009,0.341,0.857,19.480,3.911,24.753
/datadrive/gpurepair/Toolchain/testsuite/CUDASamples/6_Advanced_shfl_scan_uniform_add/kernel.cu,PASS,0.136,0.009,0.006,0.306,0.582,0.658,1.550,3.246
/datadrive/gpurepair/Toolchain/testsuite/CUDASamples/6_Advanced_sortingNetworks_bitonicMergeGlobal/kernel.cu,PASS,0.149,0.016,0.006,0.297,0.577,0.656,0.980,2.682
/datadrive/gpurepair/Toolchain/testsuite/CUDASamples/6_Advanced_sortingNetworks_oddEvenMergeGlobal/kernel.cu,PASS,0.136,0.016,0.009,0.347,0.625,0.817,1.259,3.209
/datadrive/gpurepair/Toolchain/testsuite/CUDASamples/6_Advanced_mergeSort_generateSampleRanksKernel/kernel.cu,PASS,0.136,0.015,0.011,0.339,0.857,24.483,8.227,34.069
/datadrive/gpurepair/Toolchain/testsuite/CUDASamples/6_Advanced_simpleHyperQ_sum/kernel.cu,PASS,0.139,0.016,0.006,0.303,0.696,4.439,6.764,12.363
/datadrive/gpurepair/Toolchain/testsuite/CUDASamples/6_Advanced_transpose_copy/kernel.cu,PASS,0.140,0.009,0.006,0.299,0.616,3.511,0.856,5.439
/datadrive/gpurepair/Toolchain/testsuite/CUDASamples/6_Advanced_transpose_copySharedMem/kernel.cu,PASS,0.137,0.009,0.006,0.295,0.696,1.941,0.977,4.061
/datadrive/gpurepair/Toolchain/testsuite/CUDASamples/3_Imaging_convolutionSeparable_convolutionRowsKernel/kernel.cu,PASS,0.140,0.016,0.009,0.299,0.746,22.200,18.801,42.210
/datadrive/gpurepair/Toolchain/testsuite/CUDASamples/3_Imaging_dct8x8_CUDAkernel1IDCT/kernel.cu,PASS,0.140,0.008,0.005,0.295,0.705,6.722,40.375,48.250
/datadrive/gpurepair/Toolchain/testsuite/CUDASamples/6_Advanced_transpose_transposeDiagonal/kernel.cu,PASS,0.137,0.015,0.009,0.295,0.697,3.749,3.147,8.049
/datadrive/gpurepair/Toolchain/testsuite/CUDASamples/6_Advanced_transpose_transposeCoalesced/kernel.cu,PASS,0.136,0.016,0.006,0.295,0.696,8.285,2.503,11.936
/datadrive/gpurepair/Toolchain/testsuite/CUDASamples/6_Advanced_transpose_transposeNaive/kernel.cu,PASS,0.136,0.015,0.006,0.295,0.616,3.507,1.142,5.718
/datadrive/gpurepair/Toolchain/testsuite/CUDASamples/7_CUDALibraries_MC_EstimatePiInlineP_initRNG/kernel.cu,PASS,0.152,0.011,0.015,0.296,0.457,0.576,0.656,2.163
/datadrive/gpurepair/Toolchain/testsuite/CUDASamples/6_Advanced_transpose_transposeCoarseGrained/kernel.cu,PASS,0.136,0.009,0.005,0.295,0.656,17.474,2.143,20.719
/datadrive/gpurepair/Toolchain/testsuite/CUDASamples/7_CUDALibraries_MC_SingleAsianOptionP_initRNG/kernel.cu,PASS,0.136,0.015,0.006,0.295,0.458,0.576,0.672,2.158
/datadrive/gpurepair/Toolchain/testsuite/CUDASamples/6_Advanced_transpose_transposeFineGrained/kernel.cu,PASS,0.137,0.009,0.005,0.295,0.697,20.199,2.356,23.698
/datadrive/gpurepair/Toolchain/testsuite/CUDASamples/3_Imaging_convolutionSeparable_convolutionColumnsKernel/kernel.cu,PASS,0.138,0.016,0.009,0.295,0.784,35.890,30.513,67.644
/datadrive/gpurepair/Toolchain/testsuite/MicroBenchmarks/1-1-If/kernel.cu,PASS,0.136,0.015,0.006,0.295,0.536,0.616,1.259,2.862
/datadrive/gpurepair/Toolchain/testsuite/MicroBenchmarks/1-1-loop-inter/kernel.cu,PASS,0.136,0.016,0.006,0.295,0.496,0.616,1.264,2.828
/datadrive/gpurepair/Toolchain/testsuite/CUDASamples/7_CUDALibraries_MC_SingleAsianOptionP_computeValue/kernel.cu,PASS,0.136,0.015,0.009,0.295,0.776,9.455,1.583,12.269
/datadrive/gpurepair/Toolchain/testsuite/CUDASamples/6_Advanced_transpose_transposeNoBankConflicts/kernel.cu,PASS,0.139,0.016,0.005,0.335,0.696,16.077,2.704,19.972
/datadrive/gpurepair/Toolchain/testsuite/MicroBenchmarks/1-1-main/kernel.cu,PASS,0.136,0.009,0.006,0.295,0.455,0.584,0.897,2.381
/datadrive/gpurepair/Toolchain/testsuite/MicroBenchmarks/1-1-loop-intra/kernel.cu,PASS,0.136,0.009,0.007,0.295,0.616,1.265,1.261,3.589
/datadrive/gpurepair/Toolchain/testsuite/MicroBenchmarks/2-1-main/kernel.cu,PASS,0.136,0.009,0.005,0.297,0.496,0.658,1.097,2.698
/datadrive/gpurepair/Toolchain/testsuite/MicroBenchmarks/2-2-loop-both/kernel.cu,PASS,0.137,0.015,0.005,0.295,0.579,0.777,0.937,2.746
/datadrive/gpurepair/Toolchain/testsuite/MicroBenchmarks/2-1-loop-d2-intra/kernel.cu,PASS,0.137,0.015,0.006,0.296,0.620,1.304,1.180,3.557
/datadrive/gpurepair/Toolchain/testsuite/OpenCL/abstract_add/associativity/kernel.cl,PASS,0.417,0.009,0.007,0.255,0.375,0.580,0.581,2.224
/datadrive/gpurepair/Toolchain/testsuite/CUDASamples/7_CUDALibraries_MC_EstimatePiInlineP_computeValue/kernel.cu,PASS,0.136,0.010,0.006,0.296,0.697,9.572,10.468,21.185
/datadrive/gpurepair/Toolchain/testsuite/OpenCL/abstract_add/associativity_char/kernel.cl,PASS,0.457,0.015,0.005,0.254,0.375,0.696,0.589,2.393
/datadrive/gpurepair/Toolchain/testsuite/MicroBenchmarks/2-2-loop-d2-both/kernel.cu,PASS,0.137,0.009,0.006,0.297,0.619,1.586,1.860,4.515
/datadrive/gpurepair/Toolchain/testsuite/OpenCL/abstract_add/associativity_short/kernel.cl,PASS,0.457,0.009,0.005,0.256,0.375,0.496,0.577,2.174
/datadrive/gpurepair/Toolchain/testsuite/OpenCL/abstract_add/fail_decreasing/kernel.cl,FAIL(201),0.377,0.009,0.005,0.255,0.375,0.496,0.617,2.133
/datadrive/gpurepair/Toolchain/testsuite/CUDASamples/4_Finance_SobolQRNG_sobol/kernel.cu,PASS,0.136,0.010,0.006,0.298,0.704,45.651,25.160,71.966
/datadrive/gpurepair/Toolchain/testsuite/OpenCL/abstract_add/increasing/kernel.cl,PASS,0.377,0.010,0.005,0.255,0.456,0.536,0.617,2.255
/datadrive/gpurepair/Toolchain/testsuite/OpenCL/abstract_add/zero/kernel.cl,PASS,0.377,0.009,0.006,0.255,0.422,0.496,0.576,2.140
/datadrive/gpurepair/Toolchain/testsuite/OpenCL/addressofinit/kernel.cl,PASS,0.377,0.009,0.006,0.297,0.455,0.576,0.656,2.376
/datadrive/gpurepair/Toolchain/testsuite/OpenCL/addressofread/kernel.cl,PASS,0.417,0.010,0.006,0.335,0.495,0.696,0.656,2.616
/datadrive/gpurepair/Toolchain/testsuite/OpenCL/alignment/initialisation/kernel.cl,PASS,0.457,0.009,0.006,0.296,0.458,0.576,0.656,2.458
/datadrive/gpurepair/Toolchain/testsuite/OpenCL/alignment/int3int4/kernel.cl,PASS,0.417,0.015,0.005,0.295,0.536,0.576,0.737,2.581
/datadrive/gpurepair/Toolchain/testsuite/OpenCL/always_inline/kernel.cl,PASS,0.417,0.009,0.006,0.254,0.416,0.456,0.576,2.133
/datadrive/gpurepair/Toolchain/testsuite/OpenCL/alignment/race_location/kernel.cl,FAIL(202),0.418,0.010,0.006,0.295,0.536,0.576,1.061,2.901
/datadrive/gpurepair/Toolchain/testsuite/OpenCL/annotation_tests/fail_assert_false/kernel.cl,FAIL(201),0.376,0.009,0.005,0.255,0.375,0.496,0.617,2.134
/datadrive/gpurepair/Toolchain/testsuite/OpenCL/annotation_tests/fail_assume_true/kernel.cl,FAIL(201),0.377,0.009,0.006,0.255,0.378,0.455,0.816,2.296
/datadrive/gpurepair/Toolchain/testsuite/OpenCL/annotation_tests/fail_ptr_offset/kernel.cl,FAIL(6),0.497,0.009,0.005,0.255,0.456,0.701,0.000,1.923
/datadrive/gpurepair/Toolchain/testsuite/OpenCL/annotation_tests/fail_function_wide_invariant/kernel.cl,FAIL(6),0.419,0.021,0.008,0.295,0.576,0.897,0.000,2.216
/datadrive/gpurepair/Toolchain/testsuite/OpenCL/annotation_tests/global_ensures/fail/kernel.cl,FAIL(6),0.378,0.016,0.006,0.295,0.496,0.776,0.000,1.967
/datadrive/gpurepair/Toolchain/testsuite/OpenCL/annotation_tests/fail_read_offset_global/kernel.cl,FAIL(201),0.378,0.009,0.006,0.255,0.415,0.497,0.697,2.256
/datadrive/gpurepair/Toolchain/testsuite/OpenCL/annotation_tests/global_requires/fail/kernel.cl,FAIL(6),0.376,0.009,0.005,0.295,0.496,0.656,0.000,1.837
/datadrive/gpurepair/Toolchain/testsuite/OpenCL/annotation_tests/invariant_specification_mistakes/nowhere_near_loop_head/kernel.cl,FAIL(5),0.417,0.009,0.006,0.295,0.255,0.000,0.000,0.981
/datadrive/gpurepair/Toolchain/testsuite/OpenCL/annotation_tests/invariant_specification_mistakes/short_circuit_and/kernel.cl,FAIL(5),0.377,0.009,0.005,0.255,0.215,0.000,0.000,0.861
/datadrive/gpurepair/Toolchain/testsuite/OpenCL/annotation_tests/invariant_specification_mistakes/short_circuit_or/kernel.cl,FAIL(5),0.417,0.009,0.005,0.256,0.255,0.000,0.000,0.943
/datadrive/gpurepair/Toolchain/testsuite/OpenCL/annotation_tests/global_ensures/pass/kernel.cl,PASS,0.417,0.009,0.005,0.295,0.456,0.656,0.616,2.454
/datadrive/gpurepair/Toolchain/testsuite/OpenCL/annotation_tests/invariant_specification_mistakes/short_circuit_ternary/kernel.cl,FAIL(5),0.456,0.012,0.006,0.295,0.256,0.000,0.000,1.025
/datadrive/gpurepair/Toolchain/testsuite/OpenCL/annotation_tests/global_requires/pass/kernel.cl,PASS,0.417,0.010,0.006,0.296,0.415,0.656,0.616,2.415
/datadrive/gpurepair/Toolchain/testsuite/OpenCL/annotation_tests/no_annotations/kernel.cl,PASS,0.459,0.009,0.005,0.255,0.496,0.496,0.617,2.336
/datadrive/gpurepair/Toolchain/testsuite/OpenCL/annotation_tests/invariants_as_candidates/kernel.cl,PASS,0.417,0.009,0.006,0.255,0.495,0.616,0.617,2.414
/datadrive/gpurepair/Toolchain/testsuite/OpenCL/annotation_tests/ite/kernel.cl,PASS,0.417,0.009,0.005,0.295,0.576,0.778,0.746,2.826
/datadrive/gpurepair/Toolchain/testsuite/OpenCL/annotation_tests/only_requires/kernel.cl,PASS,0.417,0.009,0.005,0.296,0.576,0.783,0.697,2.781
/datadrive/gpurepair/Toolchain/testsuite/OpenCL/annotation_tests/shared_state_invariant_tests/simple_shared_state_invariant/kernel.cl,PASS,0.377,0.009,0.005,0.295,0.577,1.097,0.697,3.057
/datadrive/gpurepair/Toolchain/testsuite/OpenCL/annotation_tests/specification_tests/fail/bad_write/kernel.cl,FAIL(202),0.458,0.010,0.007,0.296,0.455,0.536,0.697,2.459
/datadrive/gpurepair/Toolchain/testsuite/OpenCL/annotation_tests/specification_tests/pass/simple_spec/kernel.cl,PASS,0.377,0.014,0.006,0.295,0.455,0.576,0.696,2.418
/datadrive/gpurepair/Toolchain/testsuite/OpenCL/annotation_tests/specification_tests/pass/vacuous_spec/kernel.cl,PASS,0.377,0.015,0.006,0.295,0.456,0.576,0.656,2.381
/datadrive/gpurepair/Toolchain/testsuite/OpenCL/annotation_tests/test_all/kernel.cl,PASS,0.417,0.016,0.006,0.255,0.416,0.496,0.577,2.181
/datadrive/gpurepair/Toolchain/testsuite/OpenCL/annotation_tests/specification_tests/pass/value_related_spec/kernel.cl,PASS,0.457,0.009,0.006,0.296,0.456,0.576,0.697,2.496
/datadrive/gpurepair/Toolchain/testsuite/OpenCL/annotation_tests/shared_state_invariant_tests/shared_state_two_arrays/kernel.cl,FAIL(6),0.377,0.009,0.006,0.295,0.617,3.870,0.000,5.173
/datadrive/gpurepair/Toolchain/testsuite/OpenCL/annotation_tests/test_assert/kernel.cl,PASS,0.422,0.009,0.005,0.255,0.417,0.497,0.616,2.221
/datadrive/gpurepair/Toolchain/testsuite/OpenCL/annotation_tests/test_assert_true/kernel.cl,PASS,0.417,0.009,0.005,0.255,0.375,0.496,0.576,2.133
/datadrive/gpurepair/Toolchain/testsuite/OpenCL/annotation_tests/test_assume_false/kernel.cl,PASS,0.417,0.009,0.007,0.255,0.375,0.496,0.577,2.135
/datadrive/gpurepair/Toolchain/testsuite/OpenCL/annotation_tests/test_assume/kernel.cl,PASS,0.417,0.015,0.005,0.255,0.415,0.621,0.618,2.346
/datadrive/gpurepair/Toolchain/testsuite/OpenCL/annotation_tests/test_axiom/kernel.cl,PASS,0.417,0.009,0.005,0.295,0.455,0.617,0.656,2.455
/datadrive/gpurepair/Toolchain/testsuite/OpenCL/annotation_tests/test_candidate_invariant/kernel.cl,PASS,0.377,0.010,0.005,0.255,0.496,0.657,0.577,2.377
/datadrive/gpurepair/Toolchain/testsuite/OpenCL/annotation_tests/test_candidate_global_invariant/kernel.cl,PASS,0.417,0.009,0.005,0.296,0.576,0.737,0.696,2.736
/datadrive/gpurepair/Toolchain/testsuite/OpenCL/annotation_tests/test_contract/kernel.cl,PASS,0.418,0.009,0.005,0.297,0.416,0.617,0.616,2.378
/datadrive/gpurepair/Toolchain/testsuite/OpenCL/annotation_tests/test_distinct/kernel.cl,PASS,0.377,0.009,0.005,0.295,0.496,0.698,0.616,2.495
/datadrive/gpurepair/Toolchain/testsuite/OpenCL/annotation_tests/test_enabled_and_uniform/kernel.cl,PASS,0.418,0.009,0.006,0.295,0.536,0.616,0.617,2.496
/datadrive/gpurepair/Toolchain/testsuite/OpenCL/annotation_tests/test_ensures/kernel.cl,PASS,0.424,0.016,0.006,0.255,0.455,0.656,0.617,2.428
/datadrive/gpurepair/Toolchain/testsuite/OpenCL/annotation_tests/test_exclusive/kernel.cl,PASS,0.421,0.009,0.006,0.254,0.415,0.496,0.581,2.182
/datadrive/gpurepair/Toolchain/testsuite/OpenCL/annotation_tests/test_for_loop_invariant/kernel.cl,PASS,0.458,0.009,0.005,0.257,0.497,0.616,0.577,2.419
/datadrive/gpurepair/Toolchain/testsuite/OpenCL/annotation_tests/test_loop_invariant_then_assert/kernel.cl,PASS,0.417,0.009,0.006,0.254,0.496,0.616,0.576,2.374
/datadrive/gpurepair/Toolchain/testsuite/OpenCL/annotation_tests/test_function_wide_invariant/kernel.cl,PASS,0.418,0.009,0.008,0.295,0.535,0.664,0.858,2.787
/datadrive/gpurepair/Toolchain/testsuite/OpenCL/annotation_tests/test_loop_invariant_then_assert2/kernel.cl,PASS,0.376,0.015,0.005,0.255,0.495,0.617,0.616,2.381
/datadrive/gpurepair/Toolchain/testsuite/OpenCL/annotation_tests/test_old/kernel.cl,PASS,0.377,0.009,0.006,0.257,0.415,0.496,0.616,2.176
/datadrive/gpurepair/Toolchain/testsuite/OpenCL/annotation_tests/test_precondition_on_kernel/kernel.cl,PASS,0.381,0.009,0.006,0.256,0.415,0.496,0.616,2.179
/datadrive/gpurepair/Toolchain/testsuite/OpenCL/annotation_tests/test_ptr_offset/kernel.cl,PASS,0.417,0.009,0.005,0.298,0.536,0.697,0.698,2.660
/datadrive/gpurepair/Toolchain/testsuite/OpenCL/annotation_tests/test_read_global/kernel.cl,PASS,0.416,0.009,0.006,0.295,0.496,0.577,0.698,2.497
/datadrive/gpurepair/Toolchain/testsuite/OpenCL/annotation_tests/test_read_global_fail/kernel.cl,FAIL(201),0.378,0.009,0.005,0.295,0.456,0.617,0.817,2.578
/datadrive/gpurepair/Toolchain/testsuite/OpenCL/annotation_tests/test_read_local/kernel.cl,PASS,0.417,0.009,0.005,0.295,0.497,0.618,0.656,2.496
/datadrive/gpurepair/Toolchain/testsuite/OpenCL/annotation_tests/test_read_local_fail/kernel.cl,FAIL(201),0.421,0.009,0.005,0.336,0.497,0.616,0.817,2.702
/datadrive/gpurepair/Toolchain/testsuite/OpenCL/annotation_tests/test_read_offset/kernel.cl,PASS,0.382,0.009,0.006,0.255,0.415,0.499,0.577,2.143
/datadrive/gpurepair/Toolchain/testsuite/OpenCL/annotation_tests/test_read_offset_global/kernel.cl,PASS,0.422,0.009,0.006,0.298,0.457,0.576,0.857,2.624
/datadrive/gpurepair/Toolchain/testsuite/OpenCL/annotation_tests/test_requires/kernel.cl,PASS,0.379,0.009,0.005,0.296,0.535,0.658,0.657,2.540
/datadrive/gpurepair/Toolchain/testsuite/OpenCL/annotation_tests/test_while_loop_invariant/kernel.cl,PASS,0.378,0.009,0.005,0.255,0.496,0.616,0.618,2.377
/datadrive/gpurepair/Toolchain/testsuite/OpenCL/annotation_tests/test_write_global/kernel.cl,PASS,0.417,0.015,0.009,0.295,0.455,0.578,0.696,2.466
/datadrive/gpurepair/Toolchain/testsuite/OpenCL/annotation_tests/test_write_local/kernel.cl,PASS,0.376,0.009,0.005,0.294,0.496,0.576,0.656,2.413
/datadrive/gpurepair/Toolchain/testsuite/OpenCL/annotation_tests/test_write_global_fail/kernel.cl,FAIL(201),0.420,0.009,0.006,0.299,0.456,0.576,0.903,2.669
/datadrive/gpurepair/Toolchain/testsuite/OpenCL/annotation_tests/test_write_local_fail/kernel.cl,FAIL(201),0.417,0.009,0.011,0.297,0.455,0.578,0.821,2.588
/datadrive/gpurepair/Toolchain/testsuite/OpenCL/array_bounds_tests/array_in_array/kernel.cl,FAIL(201),0.427,0.009,0.006,0.296,0.499,0.580,0.820,2.636
/datadrive/gpurepair/Toolchain/testsuite/OpenCL/array_bounds_tests/array_in_array_2/kernel.cl,PASS,0.417,0.009,0.005,0.296,0.495,0.577,0.737,2.537
/datadrive/gpurepair/Toolchain/testsuite/OpenCL/array_bounds_tests/array_in_array_param/kernel.cl,FAIL(201),0.418,0.010,0.010,0.295,0.496,0.576,0.817,2.621
/datadrive/gpurepair/Toolchain/testsuite/CUDASamples/3_Imaging_stereoDisparity_stereoDisparity/kernel.cu,FAIL(6),0.136,0.015,0.009,0.336,1.139,94.657,0.000,96.293
/datadrive/gpurepair/Toolchain/testsuite/OpenCL/array_bounds_tests/multi_dim_array/kernel.cl,PASS,0.386,0.009,0.010,0.295,0.457,0.536,0.656,2.348
/datadrive/gpurepair/Toolchain/testsuite/OpenCL/array_bounds_tests/negative_index_multi_dim/kernel.cl,PASS,0.418,0.009,0.009,0.295,0.456,0.578,0.656,2.421
/datadrive/gpurepair/Toolchain/testsuite/OpenCL/array_bounds_tests/multi_dim_array_fail_upper/kernel.cl,FAIL(201),0.417,0.009,0.005,0.296,0.459,0.576,0.777,2.539
/datadrive/gpurepair/Toolchain/testsuite/OpenCL/array_bounds_tests/negative_index_multi_dim_fail/kernel.cl,FAIL(201),0.376,0.009,0.005,0.295,0.495,0.581,0.779,2.540
/datadrive/gpurepair/Toolchain/testsuite/CUDA/warpsync/intragroup_scan/kernel.cu,PASS,0.136,0.015,0.009,0.300,0.739,1.178,99.137,101.514
/datadrive/gpurepair/Toolchain/testsuite/OpenCL/array_bounds_tests/private_array/kernel.cl,PASS,0.377,0.009,0.006,0.295,0.495,0.542,0.617,2.341
/datadrive/gpurepair/Toolchain/testsuite/OpenCL/array_bounds_tests/realign_simple/kernel.cl,PASS,0.417,0.009,0.005,0.295,0.456,0.536,0.657,2.375
/datadrive/gpurepair/Toolchain/testsuite/OpenCL/array_bounds_tests/realign_simple_fail/kernel.cl,FAIL(201),0.421,0.009,0.006,0.295,0.497,0.616,0.777,2.620
/datadrive/gpurepair/Toolchain/testsuite/OpenCL/array_bounds_tests/simple_array/kernel.cl,PASS,0.417,0.009,0.005,0.295,0.503,0.616,0.657,2.502
/datadrive/gpurepair/Toolchain/testsuite/OpenCL/array_bounds_tests/simple_array_fail_lower/kernel.cl,FAIL(201),0.417,0.009,0.005,0.295,0.456,0.576,0.781,2.537
/datadrive/gpurepair/Toolchain/testsuite/OpenCL/array_bounds_tests/simple_array_fail_upper/kernel.cl,FAIL(201),0.418,0.009,0.006,0.295,0.456,0.536,0.777,2.496
/datadrive/gpurepair/Toolchain/testsuite/OpenCL/array_bounds_tests/simple_array_fail_var/kernel.cl,FAIL(201),0.417,0.009,0.006,0.295,0.536,0.576,0.817,2.655
/datadrive/gpurepair/Toolchain/testsuite/OpenCL/asymmetric_asserts/fail/kernel.cl,FAIL(201),0.417,0.016,0.005,0.254,0.496,0.617,0.657,2.462
/datadrive/gpurepair/Toolchain/testsuite/OpenCL/arraycopy/kernel.cl,PASS,0.417,0.009,0.005,0.295,0.577,1.017,0.739,3.059
/datadrive/gpurepair/Toolchain/testsuite/OpenCL/asymmetric_asserts/pass/kernel.cl,PASS,0.417,0.009,0.005,0.259,0.536,0.897,0.616,2.739
/datadrive/gpurepair/Toolchain/testsuite/OpenCL/async_work_group_copy/fail/test12/kernel.cl,FAIL(6),0.377,0.009,0.006,0.295,0.576,0.816,0.000,2.079
/datadrive/gpurepair/Toolchain/testsuite/OpenCL/async_work_group_copy/fail/test1/kernel.cl,FAIL(202),0.420,0.009,0.005,0.298,0.495,0.577,1.097,2.902
/datadrive/gpurepair/Toolchain/testsuite/OpenCL/async_work_group_copy/fail/test8/kernel.cl,FAIL(4),0.377,0.009,0.005,0.000,0.000,0.000,0.000,0.391
/datadrive/gpurepair/Toolchain/testsuite/OpenCL/async_work_group_copy/fail/test6/kernel.cl,FAIL(6),0.419,0.016,0.009,0.296,0.496,0.616,0.000,1.851
/datadrive/gpurepair/Toolchain/testsuite/OpenCL/async_work_group_copy/fail/test13/kernel.cl,FAIL(202),0.377,0.009,0.005,0.295,0.536,0.657,1.058,2.937
/datadrive/gpurepair/Toolchain/testsuite/OpenCL/async_work_group_copy/fail/test11/kernel.cl,FAIL(201),0.461,0.009,0.007,0.295,0.576,0.698,1.580,3.626
/datadrive/gpurepair/Toolchain/testsuite/OpenCL/async_work_group_copy/fail/test7/kernel.cl,FAIL(6),0.417,0.016,0.006,0.301,0.497,0.698,0.000,1.935
/datadrive/gpurepair/Toolchain/testsuite/CUDASamples/6_Advanced_scan_scanExclusiveShared/kernel.cu,FAIL(202),0.141,0.010,0.009,0.301,0.657,2.984,85.509,89.611
/datadrive/gpurepair/Toolchain/testsuite/OpenCL/async_work_group_copy/fail/test14/kernel.cl,PASS,0.418,0.015,0.005,0.295,0.618,0.738,2.027,4.118
/datadrive/gpurepair/Toolchain/testsuite/OpenCL/async_work_group_copy/pass/test1/kernel.cl,PASS,0.378,0.009,0.011,0.299,0.576,0.618,1.101,2.992
/datadrive/gpurepair/Toolchain/testsuite/OpenCL/async_work_group_copy/fail/test9/kernel.cl,FAIL(201),0.417,0.017,0.006,0.297,0.579,0.696,1.541,3.554
/datadrive/gpurepair/Toolchain/testsuite/OpenCL/atomics/atomic_read_race/kernel.cl,FAIL(202),0.420,0.009,0.005,0.295,0.496,0.536,0.857,2.616
/datadrive/gpurepair/Toolchain/testsuite/OpenCL/async_work_group_copy/pass/test5/kernel.cl,PASS,0.376,0.009,0.005,0.295,0.577,0.657,1.740,3.660
/datadrive/gpurepair/Toolchain/testsuite/OpenCL/async_work_group_copy/pass/test2/kernel.cl,PASS,0.429,0.009,0.005,0.295,0.576,0.778,1.944,4.036
/datadrive/gpurepair/Toolchain/testsuite/OpenCL/atomics/counter/kernel.cl,PASS,0.376,0.015,0.009,0.295,0.456,0.576,0.937,2.664
/datadrive/gpurepair/Toolchain/testsuite/OpenCL/async_work_group_copy/pass/test3/kernel.cl,PASS,0.426,0.009,0.006,0.295,0.581,0.736,2.424,4.477
/datadrive/gpurepair/Toolchain/testsuite/OpenCL/atomics/definitions_float/kernel.cl,PASS,0.417,0.009,0.006,0.255,0.456,0.538,0.656,2.336
/datadrive/gpurepair/Toolchain/testsuite/OpenCL/atomics/equality_fail/kernel.cl,FAIL(5),0.377,0.009,0.005,0.254,0.215,0.000,0.000,0.860
/datadrive/gpurepair/Toolchain/testsuite/OpenCL/atomics/definitions_atom_int/kernel.cl,PASS,0.417,0.015,0.006,0.295,0.617,1.018,1.137,3.505
/datadrive/gpurepair/Toolchain/testsuite/OpenCL/atomics/displaced/kernel.cl,PASS,0.423,0.009,0.005,0.295,0.455,0.576,0.977,2.741
/datadrive/gpurepair/Toolchain/testsuite/OpenCL/atomics/forloop/kernel.cl,PASS,0.416,0.015,0.005,0.294,0.576,0.656,0.857,2.821
/datadrive/gpurepair/Toolchain/testsuite/OpenCL/atomics/definitions_long/kernel.cl,PASS,0.421,0.015,0.005,0.295,0.616,0.978,1.139,3.469
/datadrive/gpurepair/Toolchain/testsuite/OpenCL/atomics/definitions_int/kernel.cl,PASS,0.458,0.015,0.009,0.295,0.616,1.018,1.137,3.548
/datadrive/gpurepair/Toolchain/testsuite/OpenCL/atomics/histo/kernel.cl,PASS,0.417,0.010,0.006,0.295,0.496,0.536,0.656,2.415
/datadrive/gpurepair/Toolchain/testsuite/OpenCL/atomics/mismatched_types/int_add_with_float/kernel.cl,PASS,0.417,0.015,0.006,0.295,0.456,0.536,0.658,2.383
/datadrive/gpurepair/Toolchain/testsuite/OpenCL/async_work_group_copy/fail/test10/kernel.cl,FAIL(202),0.377,0.010,0.005,0.295,0.576,0.622,9.249,11.134
/datadrive/gpurepair/Toolchain/testsuite/CUDASamples/3_Imaging_dct8x8_CUDAkernel1DCT/kernel.cu,PASS,0.137,0.009,0.007,0.296,0.656,2.640,108.842,112.587
/datadrive/gpurepair/Toolchain/testsuite/OpenCL/atomics/mismatched_types/int_add_with_long/kernel.cl,PASS,0.417,0.009,0.006,0.295,0.496,0.618,0.821,2.662
/datadrive/gpurepair/Toolchain/testsuite/OpenCL/atomics/mismatched_types/int_add_with_short/kernel.cl,PASS,0.417,0.009,0.005,0.296,0.496,0.578,0.657,2.458
/datadrive/gpurepair/Toolchain/testsuite/OpenCL/atomics/refined_atomic_abstraction/check_used_treated_ok/kernel.cl,PASS,0.417,0.013,0.005,0.295,0.456,0.540,0.656,2.383
/datadrive/gpurepair/Toolchain/testsuite/OpenCL/atomics/refined_atomic_abstraction/bad_local_counters/kernel.cl,FAIL(202),0.417,0.009,0.006,0.299,0.496,0.576,0.736,2.538
/datadrive/gpurepair/Toolchain/testsuite/OpenCL/atomics/refined_atomic_abstraction/intra_local_counters/kernel.cl,PASS,0.419,0.009,0.006,0.297,0.496,0.581,0.696,2.504
/datadrive/gpurepair/Toolchain/testsuite/OpenCL/atomics/pointers/kernel.cl,PASS,0.386,0.008,0.010,0.295,0.536,0.577,0.942,2.753
/datadrive/gpurepair/Toolchain/testsuite/OpenCL/atomics/refined_atomic_abstraction/one_access/kernel.cl,PASS,0.417,0.018,0.006,0.295,0.497,0.664,0.740,2.637
/datadrive/gpurepair/Toolchain/testsuite/OpenCL/atomics/refined_atomic_abstraction/many_accesses/kernel.cl,PASS,0.417,0.016,0.010,0.295,0.576,0.857,1.179,3.349
/datadrive/gpurepair/Toolchain/testsuite/OpenCL/atomics/refined_atomic_abstraction/intra_access_in_loop/kernel.cl,PASS,0.417,0.015,0.007,0.296,0.616,1.307,1.183,3.842
/datadrive/gpurepair/Toolchain/testsuite/OpenCL/atomics/refined_atomic_abstraction/access_in_loop/kernel.cl,PASS,0.425,0.009,0.005,0.295,0.616,1.873,1.147,4.371
/datadrive/gpurepair/Toolchain/testsuite/OpenCL/atomics/refined_atomic_abstraction/predication/kernel.cl,FAIL(202),0.418,0.014,0.007,0.350,0.583,0.617,0.939,2.928
/datadrive/gpurepair/Toolchain/testsuite/OpenCL/barrier_intervals/test1/kernel.cl,PASS,0.426,0.009,0.005,0.296,0.499,0.656,0.740,2.631
/datadrive/gpurepair/Toolchain/testsuite/OpenCL/barrier_intervals/test2/kernel.cl,PASS,0.419,0.011,0.006,0.335,0.497,0.616,0.938,2.822
/datadrive/gpurepair/Toolchain/testsuite/OpenCL/barrier_invariants/all_different_loop/kernel.cl,FAIL(6),0.417,0.015,0.006,0.295,0.624,1.137,0.000,2.494
/datadrive/gpurepair/Toolchain/testsuite/OpenCL/barrier_invariants/fail/kernel.cl,FAIL(201),0.417,0.015,0.006,0.295,0.541,0.621,0.865,2.760
/datadrive/gpurepair/Toolchain/testsuite/OpenCL/barrier_invariants/conditional_barrier_invariant/kernel.cl,PASS,0.420,0.009,0.005,0.295,0.511,0.700,1.465,3.405
/datadrive/gpurepair/Toolchain/testsuite/OpenCL/barrier_invariants/ghost_array/kernel.cl,FAIL(6),0.417,0.031,0.006,0.339,0.621,1.306,0.000,2.720
/datadrive/gpurepair/Toolchain/testsuite/OpenCL/barrier_invariants/global_array/kernel.cl,PASS,0.419,0.028,0.020,0.297,0.496,0.577,0.782,2.618
/datadrive/gpurepair/Toolchain/testsuite/OpenCL/barrier_invariants/jeroen_bug/kernel.cl,FAIL(201),0.390,0.009,0.006,0.308,0.495,0.661,1.018,2.887
/datadrive/gpurepair/Toolchain/testsuite/OpenCL/async_work_group_copy/fail/test4/kernel.cl,FAIL(202),0.417,0.009,0.005,0.295,0.656,0.898,17.588,19.868
/datadrive/gpurepair/Toolchain/testsuite/OpenCL/barrier_invariants/no_access_check/kernel.cl,PASS,0.421,0.016,0.016,0.296,0.498,0.576,0.708,2.530
/datadrive/gpurepair/Toolchain/testsuite/OpenCL/barrier_invariants/all_different/kernel.cl,PASS,0.417,0.009,0.005,0.295,0.588,0.737,4.403,6.454
/datadrive/gpurepair/Toolchain/testsuite/OpenCL/barrier_invariants/tid_barrier_invariant/kernel.cl,PASS,0.418,0.009,0.008,0.295,0.496,0.540,0.704,2.470
/datadrive/gpurepair/Toolchain/testsuite/OpenCL/basic1/kernel.cl,PASS,0.417,0.009,0.005,0.255,0.375,0.496,0.576,2.134
/datadrive/gpurepair/Toolchain/testsuite/OpenCL/barrierconditionalkernelparam/kernel.cl,PASS,0.387,0.009,0.005,0.255,0.461,0.537,0.656,2.311
/datadrive/gpurepair/Toolchain/testsuite/OpenCL/barrier_invariants/add_zero/kernel.cl,PASS,0.419,0.009,0.006,0.296,0.495,0.697,7.319,9.240
/datadrive/gpurepair/Toolchain/testsuite/OpenCL/barrier_invariants/wrap_around/kernel.cl,PASS,0.418,0.009,0.005,0.295,0.495,0.622,1.339,3.184
/datadrive/gpurepair/Toolchain/testsuite/OpenCL/barrier_invariants/ternary/kernel.cl,PASS,0.425,0.022,0.006,0.296,0.539,0.657,3.676,5.621
/datadrive/gpurepair/Toolchain/testsuite/OpenCL/barrier_invariants/test_all_unary_high/kernel.cl,PASS,0.460,0.015,0.006,0.295,0.576,0.868,3.466,5.687
/datadrive/gpurepair/Toolchain/testsuite/OpenCL/basicbarrier/kernel.cl,PASS,0.380,0.009,0.006,0.312,0.415,0.616,0.662,2.400
/datadrive/gpurepair/Toolchain/testsuite/CUDASamples/6_Advanced_scan_scanExclusiveShared2/kernel.cu,FAIL(202),0.137,0.031,0.025,0.348,0.658,3.911,103.056,108.166
/datadrive/gpurepair/Toolchain/testsuite/OpenCL/basicglobalarray/kernel.cl,PASS,0.417,0.009,0.005,0.295,0.455,0.539,0.748,2.468
/datadrive/gpurepair/Toolchain/testsuite/OpenCL/benign_race_tests/fail/writeafterread_addition/kernel.cl,PASS,0.377,0.009,0.006,0.298,0.500,0.575,0.901,2.665
/datadrive/gpurepair/Toolchain/testsuite/OpenCL/benign_race_tests/fail/writeafterread_otherval/kernel.cl,PASS,0.457,0.009,0.005,0.295,0.461,0.619,0.942,2.787
/datadrive/gpurepair/Toolchain/testsuite/OpenCL/benign_race_tests/fail/writereadarray_equality/kernel.cl,PASS,0.417,0.009,0.005,0.295,0.497,0.624,0.857,2.704
/datadrive/gpurepair/Toolchain/testsuite/OpenCL/benign_race_tests/fail/writetiddiv64_offbyone/kernel.cl,FAIL(202),0.379,0.009,0.006,0.296,0.456,0.587,0.702,2.436
/datadrive/gpurepair/Toolchain/testsuite/OpenCL/barrier_invariants/test_all_unary_low/kernel.cl,PASS,0.470,0.009,0.013,0.337,0.577,0.858,5.624,7.888
/datadrive/gpurepair/Toolchain/testsuite/OpenCL/benign_race_tests/fail/writewritearray_adversarial/kernel.cl,FAIL(202),0.377,0.016,0.009,0.296,0.457,0.583,0.736,2.473
/datadrive/gpurepair/Toolchain/testsuite/OpenCL/barrier_intervals/test3/kernel.cl,PASS,0.379,0.010,0.006,0.335,0.617,1.625,10.805,13.777
/datadrive/gpurepair/Toolchain/testsuite/OpenCL/benign_race_tests/fail/writezero_nobenign/kernel.cl,FAIL(202),0.419,0.009,0.006,0.301,0.457,0.576,0.776,2.543
/datadrive/gpurepair/Toolchain/testsuite/OpenCL/benign_race_tests/pass/readafterwrite/kernel.cl,PASS,0.386,0.016,0.006,0.296,0.456,0.626,0.697,2.482
/datadrive/gpurepair/Toolchain/testsuite/OpenCL/benign_race_tests/pass/writeafterread/kernel.cl,PASS,0.388,0.016,0.006,0.296,0.456,0.577,0.698,2.437
/datadrive/gpurepair/Toolchain/testsuite/OpenCL/bitand/kernel.cl,PASS,0.377,0.009,0.006,0.258,0.379,0.495,0.580,2.104
/datadrive/gpurepair/Toolchain/testsuite/OpenCL/benign_race_tests/pass/writeinloop/kernel.cl,PASS,0.422,0.009,0.007,0.297,0.583,0.822,0.697,2.836
/datadrive/gpurepair/Toolchain/testsuite/OpenCL/bitnot/kernel.cl,PASS,0.419,0.009,0.005,0.255,0.376,0.456,0.577,2.098
/datadrive/gpurepair/Toolchain/testsuite/OpenCL/benign_race_tests/pass/writetiddiv64/kernel.cl,PASS,0.423,0.012,0.006,0.294,0.456,0.577,0.697,2.464
/datadrive/gpurepair/Toolchain/testsuite/OpenCL/benign_race_tests/pass/writewritearray/kernel.cl,PASS,0.385,0.009,0.006,0.298,0.497,0.619,0.697,2.511
/datadrive/gpurepair/Toolchain/testsuite/OpenCL/benign_race_tests/pass/writezero/kernel.cl,PASS,0.419,0.010,0.005,0.300,0.500,0.577,0.657,2.468
/datadrive/gpurepair/Toolchain/testsuite/OpenCL/bitor/kernel.cl,PASS,0.416,0.009,0.006,0.259,0.377,0.456,0.576,2.099
/datadrive/gpurepair/Toolchain/testsuite/CUDASamples/6_Advanced_reduction_reduce4/kernel.cu,PASS,0.153,0.021,0.015,0.335,0.743,1.705,112.158,115.131
/datadrive/gpurepair/Toolchain/testsuite/OpenCL/bitxor/kernel.cl,PASS,0.418,0.013,0.005,0.255,0.377,0.505,0.578,2.151
/datadrive/gpurepair/Toolchain/testsuite/OpenCL/checkarrays/fail/arraydoesnotexist2/kernel.cl,FAIL(5),0.417,0.009,0.006,0.255,0.216,0.000,0.000,0.902
/datadrive/gpurepair/Toolchain/testsuite/OpenCL/checkarrays/fail/arraydoesnotexist1/kernel.cl,FAIL(5),0.417,0.010,0.006,0.255,0.215,0.000,0.000,0.902
/datadrive/gpurepair/Toolchain/testsuite/OpenCL/bool_bv_test/kernel.cl,PASS,0.425,0.016,0.010,0.255,0.380,0.541,0.540,2.167
/datadrive/gpurepair/Toolchain/testsuite/OpenCL/booleanTests/kernel.cl,PASS,0.467,0.016,0.006,0.295,0.497,0.497,0.616,2.394
/datadrive/gpurepair/Toolchain/testsuite/OpenCL/casttofloat/kernel.cl,PASS,0.419,0.010,0.009,0.256,0.336,0.456,0.577,2.063
/datadrive/gpurepair/Toolchain/testsuite/OpenCL/bpl_integration/pass/kernel.cl,PASS,0.417,0.016,0.005,0.296,0.376,0.495,0.576,2.181
/datadrive/gpurepair/Toolchain/testsuite/OpenCL/break_test/kernel.cl,PASS,0.419,0.009,0.006,0.299,0.415,0.500,0.577,2.226
/datadrive/gpurepair/Toolchain/testsuite/OpenCL/ceil/kernel.cl,PASS,0.385,0.017,0.009,0.297,0.501,0.616,0.860,2.686
/datadrive/gpurepair/Toolchain/testsuite/OpenCL/checkarrays/pass/specifyall/kernel.cl,PASS,0.418,0.015,0.005,0.295,0.578,0.658,0.823,2.793
/datadrive/gpurepair/Toolchain/testsuite/OpenCL/checkarrays/pass/specifyone/kernel.cl,PASS,0.418,0.009,0.006,0.295,0.581,0.618,0.828,2.754
/datadrive/gpurepair/Toolchain/testsuite/OpenCL/conditional_int_test/kernel.cl,PASS,0.420,0.011,0.006,0.259,0.419,0.576,0.576,2.266
/datadrive/gpurepair/Toolchain/testsuite/OpenCL/derived_from_uniformity_analysis_bug/kernel.cl,PASS,0.417,0.009,0.006,0.261,0.536,0.510,0.622,2.361
/datadrive/gpurepair/Toolchain/testsuite/OpenCL/constantnotparam/kernel.cl,PASS,0.416,0.015,0.005,0.297,0.549,0.576,0.657,2.516
/datadrive/gpurepair/Toolchain/testsuite/OpenCL/derivedfrombinomialoptions/kernel.cl,PASS,0.377,0.009,0.012,0.297,0.496,0.616,0.740,2.547
/datadrive/gpurepair/Toolchain/testsuite/OpenCL/derivedfrombinomialoptions2/kernel.cl,PASS,0.417,0.009,0.006,0.296,0.456,0.536,0.664,2.383
/datadrive/gpurepair/Toolchain/testsuite/OpenCL/divergence/race_no_divergence/kernel.cl,PASS,0.421,0.009,0.005,0.295,0.458,0.548,0.696,2.433
/datadrive/gpurepair/Toolchain/testsuite/OpenCL/divergence/race_and_divergence/kernel.cl,PASS,0.419,0.009,0.006,0.335,0.456,0.576,0.823,2.624
/datadrive/gpurepair/Toolchain/testsuite/OpenCL/enabled/not_predicated/kernel.cl,PASS,0.386,0.009,0.008,0.261,0.417,0.498,0.588,2.168
/datadrive/gpurepair/Toolchain/testsuite/OpenCL/enabled/not_predicated_procedure/kernel.cl,PASS,0.428,0.009,0.005,0.295,0.462,0.579,0.660,2.438
/datadrive/gpurepair/Toolchain/testsuite/OpenCL/expression_simplification/basic_test/kernel.cl,FAIL(201),0.377,0.016,0.005,0.295,0.576,0.737,0.817,2.823
/datadrive/gpurepair/Toolchain/testsuite/OpenCL/expression_simplification/and_test/kernel.cl,FAIL(201),0.422,0.009,0.010,0.306,0.621,0.741,0.857,2.966
/datadrive/gpurepair/Toolchain/testsuite/OpenCL/expression_simplification/imp_bug/kernel.cl,FAIL(201),0.383,0.010,0.012,0.296,0.577,0.736,0.817,2.831
/datadrive/gpurepair/Toolchain/testsuite/OpenCL/expression_simplification/imp_consequent/kernel.cl,FAIL(201),0.459,0.015,0.011,0.295,0.622,0.696,0.821,2.919
/datadrive/gpurepair/Toolchain/testsuite/OpenCL/expression_simplification/imp_antecedent/kernel.cl,FAIL(201),0.428,0.015,0.009,0.296,0.583,0.697,1.219,3.247
/datadrive/gpurepair/Toolchain/testsuite/OpenCL/fail_bodiless_procedure/kernel.cl,FAIL(201),0.417,0.016,0.006,0.263,0.417,0.497,0.657,2.272
/datadrive/gpurepair/Toolchain/testsuite/OpenCL/float_constant_test/kernel.cl,PASS,0.417,0.009,0.006,0.255,0.375,0.504,0.577,2.143
/datadrive/gpurepair/Toolchain/testsuite/OpenCL/expression_simplification/or_test/kernel.cl,FAIL(201),0.457,0.010,0.007,0.296,0.576,0.699,0.937,2.980
/datadrive/gpurepair/Toolchain/testsuite/OpenCL/float_constant_test2/kernel.cl,PASS,0.457,0.009,0.005,0.255,0.376,0.496,0.537,2.135
/datadrive/gpurepair/Toolchain/testsuite/OpenCL/function_wide/fail/not_at_end_for/kernel.cl,FAIL(4),0.417,0.009,0.005,0.000,0.000,0.000,0.000,0.431
/datadrive/gpurepair/Toolchain/testsuite/OpenCL/function_wide/fail/not_at_end_if/kernel.cl,FAIL(4),0.377,0.010,0.006,0.000,0.000,0.000,0.000,0.393
/datadrive/gpurepair/Toolchain/testsuite/OpenCL/floatcastrequired/kernel.cl,PASS,0.377,0.010,0.006,0.258,0.335,0.456,0.542,1.984
/datadrive/gpurepair/Toolchain/testsuite/OpenCL/function_wide/fail/uses_params/kernel.cl,FAIL(4),0.377,0.009,0.006,0.000,0.000,0.000,0.000,0.391
/datadrive/gpurepair/Toolchain/testsuite/OpenCL/function_wide/fail/uses_function/kernel.cl,FAIL(4),0.416,0.009,0.006,0.000,0.000,0.000,0.000,0.431
/datadrive/gpurepair/Toolchain/testsuite/OpenCL/floatrelationalop/kernel.cl,PASS,0.383,0.009,0.005,0.255,0.422,0.462,0.576,2.111
/datadrive/gpurepair/Toolchain/testsuite/OpenCL/fresh_arrays/fail/global/kernel.cl,FAIL(202),0.418,0.015,0.005,0.295,0.496,0.536,0.697,2.463
/datadrive/gpurepair/Toolchain/testsuite/OpenCL/function_wide/fail/assert_false/kernel.cl,FAIL(201),0.418,0.009,0.005,0.256,0.375,0.458,0.617,2.139
/datadrive/gpurepair/Toolchain/testsuite/OpenCL/fresh_arrays/pass/global/kernel.cl,PASS,0.458,0.010,0.007,0.302,0.455,0.576,0.658,2.466
/datadrive/gpurepair/Toolchain/testsuite/OpenCL/fresh_arrays/pass/local/kernel.cl,PASS,0.418,0.009,0.006,0.295,0.496,0.577,0.700,2.501
/datadrive/gpurepair/Toolchain/testsuite/OpenCL/function_wide/pass/uses_uninterpreted_function/kernel.cl,PASS,0.377,0.010,0.006,0.256,0.378,0.536,0.577,2.141
/datadrive/gpurepair/Toolchain/testsuite/OpenCL/get_global_id/kernel.cl,PASS,0.377,0.010,0.006,0.296,0.456,0.616,0.658,2.418
/datadrive/gpurepair/Toolchain/testsuite/OpenCL/get_global_offset/kernel.cl,PASS,0.381,0.009,0.005,0.255,0.377,0.460,0.577,2.064
/datadrive/gpurepair/Toolchain/testsuite/OpenCL/function_wide/pass/uses_array_element/kernel.cl,PASS,0.418,0.010,0.006,0.296,0.578,0.822,0.982,3.111
/datadrive/gpurepair/Toolchain/testsuite/OpenCL/get_work_dim/work_dim_1/kernel.cl,PASS,0.427,0.011,0.006,0.263,0.375,0.462,0.577,2.121
/datadrive/gpurepair/Toolchain/testsuite/OpenCL/function_wide/pass/candidates/kernel.cl,FAIL(6),0.417,0.011,0.008,0.297,0.617,2.187,0.000,3.537
/datadrive/gpurepair/Toolchain/testsuite/OpenCL/enabled/dominator/kernel.cl,FAIL(6),0.418,0.009,0.009,0.309,0.710,7.483,0.000,8.938
/datadrive/gpurepair/Toolchain/testsuite/OpenCL/get_work_dim/work_dim_2/kernel.cl,PASS,0.461,0.009,0.008,0.259,0.375,0.496,0.576,2.185
/datadrive/gpurepair/Toolchain/testsuite/OpenCL/get_work_dim/work_dim_3/kernel.cl,PASS,0.418,0.015,0.011,0.255,0.415,0.496,0.576,2.186
/datadrive/gpurepair/Toolchain/testsuite/OpenCL/global_size/simple/kernel.cl,PASS,0.419,0.009,0.005,0.295,0.536,0.576,0.696,2.536
/datadrive/gpurepair/Toolchain/testsuite/OpenCL/globalarray/pass/kernel.cl,PASS,0.378,0.010,0.005,0.296,0.495,0.577,0.783,2.544
/datadrive/gpurepair/Toolchain/testsuite/OpenCL/globalarray/pass2/kernel.cl,PASS,0.421,0.009,0.005,0.295,0.498,0.669,0.709,2.605
/datadrive/gpurepair/Toolchain/testsuite/OpenCL/imagetests/testsampler/kernel.cl,PASS,0.417,0.015,0.005,0.297,0.495,0.576,0.708,2.514
/datadrive/gpurepair/Toolchain/testsuite/OpenCL/imagetests/testsampler3/kernel.cl,PASS,0.419,0.009,0.006,0.295,0.415,0.539,0.659,2.341
/datadrive/gpurepair/Toolchain/testsuite/OpenCL/imagetests/test2dimagecopy/kernel.cl,PASS,0.377,0.009,0.006,0.297,0.576,0.657,0.898,2.819
/datadrive/gpurepair/Toolchain/testsuite/OpenCL/imagetests/testsampler2/kernel.cl,PASS,0.429,0.009,0.005,0.295,0.540,0.631,0.698,2.607
/datadrive/gpurepair/Toolchain/testsuite/OpenCL/induction_variable/kernel.cl,PASS,0.417,0.010,0.006,0.295,0.578,0.781,0.703,2.789
/datadrive/gpurepair/Toolchain/testsuite/OpenCL/function_wide/pass/as_candidates/kernel.cl,FAIL(201),0.379,0.016,0.015,0.297,0.657,3.870,2.185,7.418
/datadrive/gpurepair/Toolchain/testsuite/OpenCL/inference_tests/enabled_invariant/kernel.cl,PASS,0.384,0.010,0.007,0.257,0.539,0.860,0.667,2.724
/datadrive/gpurepair/Toolchain/testsuite/OpenCL/inference_tests/lower_bound/kernel.cl,PASS,0.420,0.009,0.006,0.297,0.496,0.749,0.626,2.602
/datadrive/gpurepair/Toolchain/testsuite/OpenCL/inference_tests/strided_invariant/kernel.cl,PASS,0.417,0.009,0.006,0.301,0.580,0.666,0.616,2.595
/datadrive/gpurepair/Toolchain/testsuite/OpenCL/inference_tests/strided_invariant_2/kernel.cl,PASS,0.419,0.018,0.011,0.304,0.580,0.702,0.616,2.650
/datadrive/gpurepair/Toolchain/testsuite/OpenCL/inter_group_and_barrier_flag_tests/fail/local_id/kernel.cl,FAIL(202),0.465,0.027,0.009,0.297,0.458,0.538,0.696,2.490
/datadrive/gpurepair/Toolchain/testsuite/OpenCL/inter_group_and_barrier_flag_tests/fail/bad_read_then_write/kernel.cl,PASS,0.421,0.038,0.016,0.306,0.541,0.636,1.259,3.217
/datadrive/gpurepair/Toolchain/testsuite/OpenCL/inter_group_and_barrier_flag_tests/fail/bad_write_then_read/kernel.cl,PASS,0.417,0.009,0.011,0.300,0.593,0.617,1.179,3.126
/datadrive/gpurepair/Toolchain/testsuite/OpenCL/inference_tests/access_means_enabled/kernel.cl,FAIL(6),0.499,0.009,0.005,0.295,0.701,4.712,0.000,6.222
/datadrive/gpurepair/Toolchain/testsuite/OpenCL/inter_group_and_barrier_flag_tests/fail/missing_local_barrier_flag/kernel.cl,FAIL(202),0.417,0.009,0.006,0.297,0.496,0.543,0.868,2.635
/datadrive/gpurepair/Toolchain/testsuite/OpenCL/inter_group_and_barrier_flag_tests/fail/no_barrier_flags/kernel.cl,FAIL(202),0.417,0.009,0.009,0.295,0.456,0.577,0.901,2.663
/datadrive/gpurepair/Toolchain/testsuite/OpenCL/inter_group_and_barrier_flag_tests/fail/missing_global_barrier_flag/kernel.cl,FAIL(202),0.421,0.009,0.005,0.294,0.455,0.656,1.781,3.621
/datadrive/gpurepair/Toolchain/testsuite/OpenCL/globalarray/fail/kernel.cl,FAIL(202),0.418,0.010,0.005,0.294,0.536,0.697,6.847,8.807
/datadrive/gpurepair/Toolchain/testsuite/OpenCL/inter_group_and_barrier_flag_tests/fail/sync/kernel.cl,FAIL(202),0.427,0.016,0.006,0.297,0.457,0.618,1.057,2.877
/datadrive/gpurepair/Toolchain/testsuite/OpenCL/inter_group_and_barrier_flag_tests/pass/local_id_benign_write_write/kernel.cl,PASS,0.462,0.009,0.006,0.255,0.460,0.577,0.703,2.473
/datadrive/gpurepair/Toolchain/testsuite/OpenCL/inter_group_and_barrier_flag_tests/pass/local_barrier_flag/kernel.cl,PASS,0.417,0.011,0.006,0.297,0.459,0.578,0.903,2.671
/datadrive/gpurepair/Toolchain/testsuite/OpenCL/inter_group_and_barrier_flag_tests/pass/global_barrier/kernel.cl,PASS,0.463,0.012,0.005,0.295,0.459,0.577,1.268,3.079
/datadrive/gpurepair/Toolchain/testsuite/OpenCL/inter_group_and_barrier_flag_tests/fail/sync_within_group_wrong_flag/kernel.cl,FAIL(202),0.418,0.016,0.006,0.295,0.458,0.577,1.824,3.593
/datadrive/gpurepair/Toolchain/testsuite/OpenCL/inter_group_and_barrier_flag_tests/pass/pass_due_to_intra_group_flag/kernel.cl,PASS,0.417,0.009,0.009,0.296,0.457,0.536,0.656,2.379
/datadrive/gpurepair/Toolchain/testsuite/OpenCL/k-induction/alldifferent-k-too-small/kernel.cl,FAIL(6),0.418,0.016,0.018,0.299,0.497,0.617,0.000,1.866
/datadrive/gpurepair/Toolchain/testsuite/OpenCL/k-induction/alldifferent/kernel.cl,PASS,0.398,0.029,0.017,0.255,0.500,0.497,0.622,2.319
/datadrive/gpurepair/Toolchain/testsuite/OpenCL/inter_group_and_barrier_flag_tests/pass/sync_within_group/kernel.cl,PASS,0.425,0.011,0.017,0.295,0.497,0.580,1.222,3.046
/datadrive/gpurepair/Toolchain/testsuite/OpenCL/inter_group_and_barrier_flag_tests/pass/read_then_write/kernel.cl,PASS,0.420,0.009,0.006,0.296,0.536,0.620,1.380,3.267
/datadrive/gpurepair/Toolchain/testsuite/OpenCL/inter_group_and_barrier_flag_tests/pass/write_then_read/kernel.cl,PASS,0.386,0.025,0.006,0.339,0.580,0.623,1.185,3.144
/datadrive/gpurepair/Toolchain/testsuite/OpenCL/leftshiftequals/kernel.cl,PASS,0.449,0.011,0.006,0.256,0.378,0.505,0.594,2.198
/datadrive/gpurepair/Toolchain/testsuite/OpenCL/localmultidimarraydecl/kernel.cl,PASS,0.417,0.016,0.006,0.256,0.377,0.536,0.580,2.189
/datadrive/gpurepair/Toolchain/testsuite/OpenCL/mem_fence/kernel.cl,PASS,0.383,0.009,0.006,0.257,0.380,0.542,0.619,2.196
/datadrive/gpurepair/Toolchain/testsuite/OpenCL/localarrayaccess/kernel.cl,PASS,0.418,0.009,0.006,0.295,0.455,0.617,0.899,2.700
/datadrive/gpurepair/Toolchain/testsuite/OpenCL/inference_tests/disabled_invariant/kernel.cl,FAIL(6),0.416,0.017,0.010,0.297,0.656,9.033,0.000,10.430
/datadrive/gpurepair/Toolchain/testsuite/OpenCL/misc/fail/miscfail2/kernel.cl,FAIL(2),0.417,0.000,0.000,0.000,0.000,0.000,0.000,0.417
/datadrive/gpurepair/Toolchain/testsuite/OpenCL/misc/fail/miscfail4/kernel.cl,FAIL(2),0.417,0.000,0.000,0.000,0.000,0.000,0.000,0.417
/datadrive/gpurepair/Toolchain/testsuite/OpenCL/misc/fail/loop_abstraction_traces_1/kernel.cl,FAIL(6),0.417,0.016,0.005,0.299,0.496,0.696,0.000,1.929
/datadrive/gpurepair/Toolchain/testsuite/OpenCL/misc/fail/loop_abstraction_traces_2/kernel.cl,FAIL(6),0.376,0.011,0.009,0.256,0.496,0.738,0.000,1.885
/datadrive/gpurepair/Toolchain/testsuite/OpenCL/misc/fail/4d_array_of_structs_race/kernel.cl,FAIL(202),0.419,0.009,0.005,0.296,0.457,0.577,0.697,2.460
/datadrive/gpurepair/Toolchain/testsuite/OpenCL/misc/fail/4d_array_race/kernel.cl,FAIL(202),0.418,0.016,0.005,0.303,0.457,0.578,0.696,2.473
/datadrive/gpurepair/Toolchain/testsuite/OpenCL/misc/fail/miscfail11/kernel.cl,FAIL(6),0.418,0.009,0.005,0.255,0.536,0.616,0.000,1.839
/datadrive/gpurepair/Toolchain/testsuite/OpenCL/misc/fail/2d_array_race/kernel.cl,PASS,0.460,0.009,0.008,0.304,0.540,0.616,2.702,4.639
/datadrive/gpurepair/Toolchain/testsuite/OpenCL/misc/fail/miscfail3/kernel.cl,FAIL(202),0.418,0.009,0.006,0.303,0.539,0.616,1.261,3.150
/datadrive/gpurepair/Toolchain/testsuite/OpenCL/misc/fail/4d_array_with_casting/kernel.cl,FAIL(202),0.417,0.009,0.007,0.300,0.501,0.696,2.466,4.397
/datadrive/gpurepair/Toolchain/testsuite/OpenCL/barrier_intervals/test4/kernel.cl,PASS,0.418,0.016,0.009,0.336,0.700,9.133,31.468,42.078
/datadrive/gpurepair/Toolchain/testsuite/OpenCL/misc/fail/miscfail7/kernel.cl,FAIL(201),0.420,0.017,0.009,0.255,0.417,0.537,0.744,2.399
/datadrive/gpurepair/Toolchain/testsuite/OpenCL/misc/fail/miscfail5/kernel.cl,FAIL(201),0.417,0.009,0.005,0.295,0.580,0.623,0.919,2.848
/datadrive/gpurepair/Toolchain/testsuite/OpenCL/misc/fail/miscfail9/kernel.cl,FAIL(202),0.423,0.009,0.006,0.302,0.495,0.584,0.700,2.518
/datadrive/gpurepair/Toolchain/testsuite/OpenCL/misc/fail/miscfail6/kernel.cl,PASS,0.421,0.010,0.006,0.296,0.540,0.621,0.926,2.819
/datadrive/gpurepair/Toolchain/testsuite/OpenCL/misc/fail/miscfail8/kernel.cl,PASS,0.377,0.009,0.009,0.295,0.496,0.624,0.874,2.683
/datadrive/gpurepair/Toolchain/testsuite/OpenCL/misc/fail/struct_member_race/kernel.cl,FAIL(202),0.420,0.016,0.018,0.298,0.467,0.582,0.753,2.553
/datadrive/gpurepair/Toolchain/testsuite/OpenCL/async_work_group_copy/pass/test4/kernel.cl,PASS,0.377,0.009,0.005,0.295,0.656,0.939,50.831,53.113
/datadrive/gpurepair/Toolchain/testsuite/OpenCL/misc/pass/misc1/kernel.cl,PASS,0.418,0.012,0.009,0.296,0.529,0.580,0.697,2.542
/datadrive/gpurepair/Toolchain/testsuite/OpenCL/misc/pass/misc10/kernel.cl,PASS,0.422,0.016,0.005,0.298,0.496,0.578,0.660,2.474
/datadrive/gpurepair/Toolchain/testsuite/OpenCL/misc/pass/misc11/kernel.cl,PASS,0.382,0.009,0.009,0.295,0.455,0.536,0.659,2.345
/datadrive/gpurepair/Toolchain/testsuite/OpenCL/misc/pass/misc12/kernel.cl,PASS,0.378,0.009,0.005,0.295,0.495,0.537,0.777,2.495
/datadrive/gpurepair/Toolchain/testsuite/OpenCL/misc/pass/misc13/kernel.cl,PASS,0.419,0.009,0.005,0.301,0.499,0.579,0.698,2.511
/datadrive/gpurepair/Toolchain/testsuite/OpenCL/misc/pass/misc15/kernel.cl,PASS,0.381,0.009,0.005,0.260,0.456,0.576,0.656,2.343
/datadrive/gpurepair/Toolchain/testsuite/OpenCL/misc/pass/misc17/kernel.cl,PASS,0.417,0.017,0.009,0.295,0.495,0.618,0.577,2.429
/datadrive/gpurepair/Toolchain/testsuite/OpenCL/misc/pass/misc18/kernel.cl,PASS,0.424,0.009,0.009,0.295,0.462,0.618,0.737,2.553
/datadrive/gpurepair/Toolchain/testsuite/OpenCL/misc/pass/misc16/kernel.cl,PASS,0.384,0.016,0.005,0.313,0.495,0.656,0.872,2.741
/datadrive/gpurepair/Toolchain/testsuite/OpenCL/misc/pass/misc19/kernel.cl,PASS,0.417,0.009,0.005,0.256,0.415,0.496,0.576,2.175
/datadrive/gpurepair/Toolchain/testsuite/OpenCL/misc/pass/misc14/kernel.cl,PASS,0.417,0.009,0.007,0.300,0.576,0.939,1.057,3.303
/datadrive/gpurepair/Toolchain/testsuite/OpenCL/misc/pass/misc4/kernel.cl,PASS,0.418,0.009,0.006,0.256,0.375,0.496,0.576,2.136
/datadrive/gpurepair/Toolchain/testsuite/OpenCL/misc/pass/misc3/kernel.cl,PASS,0.376,0.013,0.006,0.295,0.456,0.657,0.658,2.462
/datadrive/gpurepair/Toolchain/testsuite/OpenCL/misc/pass/misc5/kernel.cl,PASS,0.417,0.016,0.006,0.297,0.537,0.576,0.696,2.545
/datadrive/gpurepair/Toolchain/testsuite/OpenCL/misc/pass/misc2/kernel.cl,PASS,0.417,0.010,0.005,0.294,0.621,0.817,1.340,3.504
/datadrive/gpurepair/Toolchain/testsuite/OpenCL/modifyparam/kernel.cl,PASS,0.417,0.010,0.006,0.254,0.335,0.496,0.576,2.094
/datadrive/gpurepair/Toolchain/testsuite/OpenCL/misc/fail/miscfail1/kernel.cl,PASS,0.378,0.009,0.006,0.296,0.496,0.619,7.729,9.534
/datadrive/gpurepair/Toolchain/testsuite/OpenCL/multidimarrays/test1/kernel.cl,PASS,0.417,0.009,0.005,0.297,0.460,0.544,0.617,2.348
/datadrive/gpurepair/Toolchain/testsuite/OpenCL/misc/pass/misc9/kernel.cl,PASS,0.417,0.009,0.006,0.295,0.456,0.537,0.660,2.378
/datadrive/gpurepair/Toolchain/testsuite/OpenCL/misc/pass/misc8/kernel.cl,PASS,0.380,0.009,0.005,0.294,0.536,0.738,0.659,2.622
/datadrive/gpurepair/Toolchain/testsuite/OpenCL/misc/pass/misc6/kernel.cl,PASS,0.417,0.012,0.006,0.297,0.576,0.696,1.019,3.023
/datadrive/gpurepair/Toolchain/testsuite/OpenCL/multidimarrays/test2/kernel.cl,PASS,0.418,0.009,0.005,0.295,0.457,0.576,0.666,2.425
/datadrive/gpurepair/Toolchain/testsuite/OpenCL/misc/pass/misc7/kernel.cl,PASS,0.421,0.009,0.007,0.295,0.537,0.699,1.744,3.712
/datadrive/gpurepair/Toolchain/testsuite/OpenCL/multidimarrays/test3/kernel.cl,PASS,0.417,0.009,0.008,0.296,0.455,0.576,0.661,2.422
/datadrive/gpurepair/Toolchain/testsuite/OpenCL/multidimarrays/test4/kernel.cl,PASS,0.417,0.009,0.006,0.295,0.463,0.537,0.702,2.429
/datadrive/gpurepair/Toolchain/testsuite/OpenCL/multiplelocals/kernel.cl,PASS,0.421,0.009,0.005,0.255,0.379,0.500,0.576,2.145
/datadrive/gpurepair/Toolchain/testsuite/OpenCL/multiplelocals2/kernel.cl,PASS,0.421,0.016,0.006,0.255,0.502,0.537,0.578,2.314
/datadrive/gpurepair/Toolchain/testsuite/OpenCL/multidimarrays/test5/kernel.cl,PASS,0.418,0.009,0.005,0.298,0.497,0.585,0.660,2.473
/datadrive/gpurepair/Toolchain/testsuite/OpenCL/notunaryoptest/kernel.cl,PASS,0.380,0.009,0.006,0.255,0.378,0.496,0.576,2.100
/datadrive/gpurepair/Toolchain/testsuite/OpenCL/nonterminating/kernel.cl,PASS,0.461,0.009,0.005,0.256,0.376,0.537,0.576,2.220
/datadrive/gpurepair/Toolchain/testsuite/OpenCL/no_log/pass/kernel.cl,PASS,0.380,0.010,0.008,0.295,0.466,0.538,0.696,2.392
/datadrive/gpurepair/Toolchain/testsuite/OpenCL/no_log/fail/kernel.cl,FAIL(201),0.423,0.009,0.005,0.301,0.460,0.578,0.980,2.756
/datadrive/gpurepair/Toolchain/testsuite/OpenCL/notunaryoptest2/kernel.cl,PASS,0.424,0.009,0.012,0.295,0.418,0.498,0.616,2.272
/datadrive/gpurepair/Toolchain/testsuite/OpenCL/k-induction/amazingreduction/kernel.cl,PASS,0.420,0.009,0.011,0.335,0.538,0.703,13.271,15.287
/datadrive/gpurepair/Toolchain/testsuite/OpenCL/noraceduetoreturn/kernel.cl,PASS,0.417,0.009,0.007,0.340,0.536,0.751,0.899,2.958
/datadrive/gpurepair/Toolchain/testsuite/OpenCL/null_pointers/atomic_null/kernel.cl,FAIL(201),0.499,0.009,0.006,0.221,0.377,0.501,0.660,2.273
/datadrive/gpurepair/Toolchain/testsuite/OpenCL/null_pointers/load_from_null/kernel.cl,FAIL(201),0.418,0.011,0.007,0.261,0.421,0.496,0.696,2.311
/datadrive/gpurepair/Toolchain/testsuite/OpenCL/null_pointers/non_null_pointer_assignment_2/kernel.cl,PASS,0.380,0.009,0.006,0.302,0.547,0.577,0.701,2.522
/datadrive/gpurepair/Toolchain/testsuite/OpenCL/null_pointers/function_prototype/kernel.cl,FAIL(201),0.426,0.009,0.005,0.298,0.578,0.656,1.703,3.675
/datadrive/gpurepair/Toolchain/testsuite/OpenCL/null_pointers/null_pointer_assignment/kernel.cl,FAIL(201),0.417,0.009,0.005,0.339,0.496,0.618,0.786,2.670
/datadrive/gpurepair/Toolchain/testsuite/OpenCL/null_pointers/non_null_pointer_assignment/kernel.cl,FAIL(202),0.434,0.016,0.018,0.295,0.536,0.616,0.977,2.892
/datadrive/gpurepair/Toolchain/testsuite/OpenCL/null_pointers/null_pointer_assignment_function/kernel.cl,FAIL(201),0.421,0.011,0.006,0.295,0.536,0.656,0.822,2.747
/datadrive/gpurepair/Toolchain/testsuite/OpenCL/null_pointers/null_pointer_choice/kernel.cl,FAIL(201),0.429,0.009,0.005,0.298,0.459,0.576,0.749,2.526
/datadrive/gpurepair/Toolchain/testsuite/OpenCL/null_pointers/null_pointer_assignment_unequal/kernel.cl,FAIL(202),0.417,0.015,0.010,0.336,0.538,0.618,0.978,2.913
/datadrive/gpurepair/Toolchain/testsuite/OpenCL/null_pointers/null_pointer_use_in_function_inline/kernel.cl,FAIL(201),0.417,0.009,0.006,0.294,0.459,0.509,0.776,2.470
/datadrive/gpurepair/Toolchain/testsuite/OpenCL/null_pointers/null_pointer_use_in_function/kernel.cl,FAIL(201),0.383,0.009,0.006,0.295,0.496,0.617,0.901,2.706
/datadrive/gpurepair/Toolchain/testsuite/OpenCL/null_pointers/null_pointer_greater/kernel.cl,FAIL(202),0.417,0.011,0.005,0.297,0.536,0.656,0.990,2.912
/datadrive/gpurepair/Toolchain/testsuite/CUDASamples/6_Advanced_shfl_scan_shfl_scan_test/kernel.cu,PASS,0.136,0.015,0.009,0.296,0.737,6.525,137.498,145.217
/datadrive/gpurepair/Toolchain/testsuite/OpenCL/null_pointers/null_pointer_assignment_equal/kernel.cl,FAIL(202),0.420,0.020,0.009,0.295,0.506,0.622,2.191,4.062
/datadrive/gpurepair/Toolchain/testsuite/OpenCL/null_statement/kernel.cl,PASS,0.427,0.012,0.005,0.258,0.336,0.500,0.580,2.119
/datadrive/gpurepair/Toolchain/testsuite/OpenCL/null_pointers/store_to_null_and_non_null/kernel.cl,FAIL(201),0.430,0.020,0.010,0.300,0.464,0.576,0.860,2.660
/datadrive/gpurepair/Toolchain/testsuite/OpenCL/null_pointers/function_prototype_or_local/kernel.cl,FAIL(201),0.380,0.009,0.009,0.296,0.579,0.742,3.469,5.484
/datadrive/gpurepair/Toolchain/testsuite/OpenCL/pointeranalysistests/testbasicpointerarithmetic2/kernel.cl,PASS,0.417,0.009,0.005,0.295,0.601,0.826,0.744,2.898
/datadrive/gpurepair/Toolchain/testsuite/OpenCL/pointeranalysistests/testbasicpointerarithmetic/kernel.cl,PASS,0.391,0.047,0.020,0.306,0.617,0.833,0.782,2.995
/datadrive/gpurepair/Toolchain/testsuite/OpenCL/pointeranalysistests/testbasicaliasing/kernel.cl,PASS,0.420,0.018,0.009,0.338,0.618,1.098,0.898,3.399
/datadrive/gpurepair/Toolchain/testsuite/OpenCL/pointertests/pointerarith/kernel.cl,PASS,0.417,0.013,0.007,0.254,0.380,0.536,0.621,2.229
/datadrive/gpurepair/Toolchain/testsuite/OpenCL/pointeranalysistests/testbasicaliasing2/kernel.cl,PASS,0.385,0.009,0.011,0.302,0.618,1.342,0.859,3.525
/datadrive/gpurepair/Toolchain/testsuite/OpenCL/pointeranalysistests/manyproceduresinlined/kernel.cl,PASS,0.417,0.015,0.014,0.336,0.621,0.901,1.389,3.694
/datadrive/gpurepair/Toolchain/testsuite/OpenCL/pointertests/param_addressof/kernel.cl,PASS,0.417,0.009,0.005,0.296,0.496,0.624,0.979,2.826
/datadrive/gpurepair/Toolchain/testsuite/OpenCL/pointertests/test_dereference_address_of/kernel.cl,PASS,0.427,0.014,0.006,0.268,0.380,0.544,0.579,2.218
/datadrive/gpurepair/Toolchain/testsuite/OpenCL/pointeranalysistests/testinterprocedural/kernel.cl,PASS,0.387,0.010,0.013,0.295,0.620,1.392,0.858,3.574
/datadrive/gpurepair/Toolchain/testsuite/OpenCL/pointertests/test_derived_from_binomial_opts/kernel.cl,PASS,0.424,0.012,0.010,0.255,0.417,0.549,0.618,2.284
/datadrive/gpurepair/Toolchain/testsuite/OpenCL/pointeranalysistests/testinterprocedural_inlined/kernel.cl,PASS,0.381,0.009,0.007,0.298,0.616,1.388,0.786,3.486
/datadrive/gpurepair/Toolchain/testsuite/OpenCL/pointertests/test_copy_between_memory_spaces/kernel.cl,PASS,0.421,0.015,0.020,0.343,0.500,0.622,1.102,3.023
/datadrive/gpurepair/Toolchain/testsuite/OpenCL/pointeranalysistests/testinterprocedural2/kernel.cl,PASS,0.421,0.009,0.006,0.335,0.625,1.388,0.902,3.685
/datadrive/gpurepair/Toolchain/testsuite/OpenCL/pointertests/test_copy_between_memory_spaces2/kernel.cl,PASS,0.430,0.014,0.020,0.310,0.498,0.662,0.985,2.919
/datadrive/gpurepair/Toolchain/testsuite/OpenCL/pointertests/test_opencl_local_array/kernel.cl,PASS,0.417,0.009,0.006,0.254,0.376,0.536,0.579,2.177
/datadrive/gpurepair/Toolchain/testsuite/OpenCL/pointertests/test_opencl_local_param/kernel.cl,PASS,0.419,0.015,0.006,0.259,0.389,0.506,0.619,2.212
/datadrive/gpurepair/Toolchain/testsuite/OpenCL/pointertests/test_pass_address_of_local/kernel.cl,FAIL(201),0.417,0.009,0.005,0.295,0.465,0.631,0.897,2.720
/datadrive/gpurepair/Toolchain/testsuite/OpenCL/pointertests/test_pass_value_from_array/kernel.cl,PASS,0.427,0.015,0.006,0.299,0.459,0.656,0.699,2.562
/datadrive/gpurepair/Toolchain/testsuite/OpenCL/pointertests/test_return_pointer/kernel.cl,PASS,0.417,0.014,0.006,0.307,0.495,0.618,0.736,2.593
/datadrive/gpurepair/Toolchain/testsuite/OpenCL/privatememoryaccess/privatevariabletest2/kernel.cl,PASS,0.417,0.015,0.005,0.258,0.383,0.498,0.585,2.160
/datadrive/gpurepair/Toolchain/testsuite/OpenCL/pow2/64bit_loopcounter/kernel.cl,PASS,0.427,0.019,0.012,0.295,0.588,0.856,0.739,2.936
/datadrive/gpurepair/Toolchain/testsuite/OpenCL/privatememoryaccess/privatearraytest/kernel.cl,PASS,0.425,0.022,0.006,0.303,0.497,0.539,0.700,2.493
/datadrive/gpurepair/Toolchain/testsuite/OpenCL/predicated_undef/kernel.cl,PASS,0.421,0.018,0.006,0.295,0.457,0.617,0.908,2.721
/datadrive/gpurepair/Toolchain/testsuite/OpenCL/privatememoryaccess/privatevariabletest/kernel.cl,PASS,0.417,0.009,0.005,0.298,0.495,0.616,0.705,2.544
/datadrive/gpurepair/Toolchain/testsuite/OpenCL/reducedstrengthnonloopbug/kernel.cl,FAIL(201),0.417,0.009,0.015,0.303,0.536,0.703,0.746,2.729
/datadrive/gpurepair/Toolchain/testsuite/OpenCL/reducedstrength_generalised/kernel.cl,PASS,0.418,0.011,0.007,0.302,0.594,0.897,0.697,2.926
/datadrive/gpurepair/Toolchain/testsuite/OpenCL/return_tests/id_dependent_return/kernel.cl,PASS,0.417,0.009,0.006,0.303,0.425,0.499,0.581,2.240
/datadrive/gpurepair/Toolchain/testsuite/OpenCL/report_global_id/test1/kernel.cl,FAIL(202),0.418,0.010,0.006,0.298,0.496,0.659,1.143,3.029
/datadrive/gpurepair/Toolchain/testsuite/OpenCL/report_global_id/test2/kernel.cl,FAIL(202),0.386,0.010,0.007,0.303,0.497,0.617,1.179,3.000
/datadrive/gpurepair/Toolchain/testsuite/OpenCL/return_tests/simple_return/kernel.cl,PASS,0.403,0.018,0.006,0.255,0.420,0.537,0.621,2.260
/datadrive/gpurepair/Toolchain/testsuite/OpenCL/return_tests/multiloop_return_simplified/kernel.cl,PASS,0.420,0.010,0.008,0.272,0.495,0.539,0.616,2.361
/datadrive/gpurepair/Toolchain/testsuite/OpenCL/rightshiftequals/kernel.cl,PASS,0.421,0.017,0.011,0.258,0.377,0.497,0.592,2.172
/datadrive/gpurepair/Toolchain/testsuite/OpenCL/return_tests/multiloop_return/kernel.cl,PASS,0.424,0.016,0.009,0.296,0.553,0.698,0.701,2.698
/datadrive/gpurepair/Toolchain/testsuite/OpenCL/saturate/sadd/kernel.cl,PASS,0.420,0.021,0.006,0.307,0.547,0.675,0.743,2.719
/datadrive/gpurepair/Toolchain/testsuite/OpenCL/saturate/ssub/kernel.cl,PASS,0.419,0.015,0.017,0.297,0.539,0.616,0.699,2.601
/datadrive/gpurepair/Toolchain/testsuite/OpenCL/saturate/uadd/kernel.cl,PASS,0.419,0.011,0.010,0.299,0.501,0.581,0.697,2.516
/datadrive/gpurepair/Toolchain/testsuite/OpenCL/saturate/usub/kernel.cl,PASS,0.423,0.016,0.010,0.296,0.499,0.658,0.705,2.609
/datadrive/gpurepair/Toolchain/testsuite/OpenCL/shared_int/kernel.cl,FAIL(202),0.379,0.015,0.012,0.302,0.461,0.620,0.819,2.607
/datadrive/gpurepair/Toolchain/testsuite/OpenCL/simpleparampassing/kernel.cl,PASS,0.417,0.018,0.019,0.261,0.418,0.544,0.624,2.302
/datadrive/gpurepair/Toolchain/testsuite/OpenCL/shuffle/shuffle/kernel.cl,PASS,0.417,0.009,0.009,0.339,0.497,0.671,0.947,2.888
/datadrive/gpurepair/Toolchain/testsuite/OpenCL/simpleprocedurecall/kernel.cl,PASS,0.385,0.015,0.006,0.255,0.416,0.543,0.617,2.236
/datadrive/gpurepair/Toolchain/testsuite/OpenCL/simplereturn/kernel.cl,PASS,0.420,0.009,0.005,0.296,0.456,0.545,0.621,2.352
/datadrive/gpurepair/Toolchain/testsuite/OpenCL/sourcelocation_tests/ensures/fail/kernel.cl,FAIL(6),0.419,0.009,0.005,0.295,0.456,0.617,0.000,1.800
/datadrive/gpurepair/Toolchain/testsuite/OpenCL/sourcelocation_tests/assert/kernel.cl,FAIL(201),0.457,0.009,0.007,0.295,0.504,0.625,0.705,2.601
/datadrive/gpurepair/Toolchain/testsuite/OpenCL/sourcelocation_tests/loop_invariant/fail/entry/kernel.cl,FAIL(6),0.418,0.010,0.008,0.296,0.504,0.580,0.000,1.816
/datadrive/gpurepair/Toolchain/testsuite/OpenCL/skeletonbinomialoptions/kernel.cl,PASS,0.423,0.016,0.013,0.298,0.577,0.823,0.661,2.810
/datadrive/gpurepair/Toolchain/testsuite/OpenCL/shuffle/shuffle2/kernel.cl,PASS,0.420,0.015,0.009,0.340,0.741,0.819,1.275,3.619
/datadrive/gpurepair/Toolchain/testsuite/OpenCL/sourcelocation_tests/barrier_divergence/fail/kernel.cl,PASS,0.377,0.016,0.012,0.299,0.495,0.577,0.860,2.636
/datadrive/gpurepair/Toolchain/testsuite/OpenCL/sourcelocation_tests/loop_invariant/fail/maintained/kernel.cl,FAIL(6),0.383,0.022,0.006,0.295,0.499,0.624,0.000,1.829
/datadrive/gpurepair/Toolchain/testsuite/OpenCL/sourcelocation_tests/ensures/pass/kernel.cl,PASS,0.497,0.018,0.006,0.296,0.462,0.536,0.657,2.473
/datadrive/gpurepair/Toolchain/testsuite/OpenCL/sourcelocation_tests/barrier_divergence/pass/kernel.cl,PASS,0.426,0.017,0.006,0.295,0.495,0.579,0.737,2.555
/datadrive/gpurepair/Toolchain/testsuite/OpenCL/sourcelocation_tests/loop_invariant/pass/kernel.cl,PASS,0.379,0.011,0.005,0.256,0.510,0.616,0.628,2.405
/datadrive/gpurepair/Toolchain/testsuite/OpenCL/sourcelocation_tests/needs_source_location_ensures/kernel.cl,PASS,0.423,0.017,0.006,0.335,0.541,0.696,0.902,2.920
/datadrive/gpurepair/Toolchain/testsuite/OpenCL/sourcelocation_tests/race_from_bodiless_call/kernel.cl,PASS,0.427,0.015,0.006,0.296,0.462,0.578,0.899,2.683
/datadrive/gpurepair/Toolchain/testsuite/OpenCL/sourcelocation_tests/needs_source_location_requires/kernel.cl,PASS,0.417,0.015,0.012,0.297,0.630,1.024,0.939,3.334
/datadrive/gpurepair/Toolchain/testsuite/OpenCL/sourcelocation_tests/races/fail/write_write/elem_width_16/kernel.cl,FAIL(202),0.420,0.019,0.020,0.258,0.455,0.657,0.744,2.572
/datadrive/gpurepair/Toolchain/testsuite/OpenCL/sourcelocation_tests/races/fail/read_write/kernel.cl,PASS,0.417,0.017,0.006,0.295,0.458,0.656,0.982,2.830
/datadrive/gpurepair/Toolchain/testsuite/OpenCL/sourcelocation_tests/races/fail/write_read/kernel.cl,PASS,0.417,0.009,0.006,0.299,0.497,0.618,0.977,2.822
/datadrive/gpurepair/Toolchain/testsuite/OpenCL/sourcelocation_tests/race_from_call/kernel.cl,PASS,0.422,0.016,0.005,0.295,0.540,0.737,0.978,2.994
/datadrive/gpurepair/Toolchain/testsuite/OpenCL/sourcelocation_tests/race_with_loop/kernel.cl,PASS,0.387,0.016,0.006,0.306,0.576,0.781,0.983,3.055
/datadrive/gpurepair/Toolchain/testsuite/OpenCL/sourcelocation_tests/race_from_call_in_loop/kernel.cl,PASS,0.428,0.011,0.008,0.295,0.579,0.816,0.986,3.123
/datadrive/gpurepair/Toolchain/testsuite/OpenCL/sourcelocation_tests/races/pass/no_race/kernel.cl,PASS,0.417,0.009,0.005,0.295,0.496,0.625,1.189,3.036
/datadrive/gpurepair/Toolchain/testsuite/OpenCL/sourcelocation_tests/races/fail/write_write/normal/kernel.cl,FAIL(202),0.498,0.029,0.006,0.302,0.500,0.576,1.339,3.251
/datadrive/gpurepair/Toolchain/testsuite/OpenCL/sourcelocation_tests/races/pass/read_read/kernel.cl,PASS,0.422,0.019,0.025,0.296,0.496,0.663,0.739,2.659
/datadrive/gpurepair/Toolchain/testsuite/OpenCL/sourcelocation_tests/requires/kernel.cl,FAIL(6),0.419,0.009,0.005,0.295,0.503,0.623,0.000,1.853
/datadrive/gpurepair/Toolchain/testsuite/OpenCL/sourcelocation_tests/races/fail/write_write/loop/kernel.cl,PASS,0.424,0.009,0.005,0.307,0.617,0.899,2.105,4.368
/datadrive/gpurepair/Toolchain/testsuite/OpenCL/pow2/64bit_relational/kernel.cl,PASS,0.498,0.019,0.024,0.296,0.576,10.552,0.705,12.669
/datadrive/gpurepair/Toolchain/testsuite/OpenCL/test_address_of_bug/kernel.cl,PASS,0.461,0.009,0.006,0.257,0.338,0.499,0.576,2.146
/datadrive/gpurepair/Toolchain/testsuite/OpenCL/ternarytest2/kernel.cl,PASS,0.423,0.019,0.009,0.296,0.536,0.576,0.659,2.518
/datadrive/gpurepair/Toolchain/testsuite/OpenCL/ternarytest/kernel.cl,PASS,0.436,0.016,0.006,0.295,0.537,0.576,0.703,2.569
/datadrive/gpurepair/Toolchain/testsuite/OpenCL/test_binary_stmt/kernel.cl,PASS,0.419,0.010,0.006,0.257,0.379,0.502,0.617,2.189
/datadrive/gpurepair/Toolchain/testsuite/OpenCL/sourcelocation_tests/races_from_indirect_calls/kernel.cl,PASS,0.418,0.016,0.014,0.297,0.542,1.145,1.258,3.690
/datadrive/gpurepair/Toolchain/testsuite/OpenCL/test_float_neq/kernel.cl,PASS,0.379,0.009,0.006,0.297,0.417,0.500,0.589,2.196
/datadrive/gpurepair/Toolchain/testsuite/OpenCL/test_2d_local_index_inference/kernel.cl,PASS,0.423,0.045,0.011,0.295,0.621,1.029,0.819,3.243
/datadrive/gpurepair/Toolchain/testsuite/OpenCL/test_2d_local_index_inference_2/kernel.cl,PASS,0.442,0.023,0.012,0.305,0.629,1.031,0.825,3.266
/datadrive/gpurepair/Toolchain/testsuite/OpenCL/test_for_get_group_id/kernel.cl,PASS,0.419,0.012,0.012,0.296,0.462,0.576,0.657,2.432
/datadrive/gpurepair/Toolchain/testsuite/OpenCL/test_2d_global_index_inference/kernel.cl,PASS,0.419,0.013,0.007,0.295,0.619,1.383,0.860,3.597
/datadrive/gpurepair/Toolchain/testsuite/OpenCL/test_for_benign_read_write_bug/kernel.cl,PASS,0.429,0.032,0.008,0.296,0.462,0.638,0.858,2.723
/datadrive/gpurepair/Toolchain/testsuite/OpenCL/test_for_ssa_bug/kernel.cl,PASS,0.457,0.009,0.005,0.295,0.584,0.737,0.952,3.039
/datadrive/gpurepair/Toolchain/testsuite/OpenCL/test_for_uniformity_bug/kernel.cl,PASS,0.419,0.018,0.012,0.298,0.537,0.657,0.697,2.638
/datadrive/gpurepair/Toolchain/testsuite/OpenCL/test_inline/kernel.cl,PASS,0.422,0.009,0.005,0.254,0.416,0.554,0.616,2.276
/datadrive/gpurepair/Toolchain/testsuite/OpenCL/test_global_id_inference/kernel.cl,PASS,0.420,0.010,0.010,0.296,0.616,0.950,0.785,3.087
/datadrive/gpurepair/Toolchain/testsuite/OpenCL/test_local_id_inference/kernel.cl,PASS,0.417,0.009,0.009,0.295,0.576,0.870,0.742,2.918
/datadrive/gpurepair/Toolchain/testsuite/OpenCL/test_nooverflowing_add/kernel.cl,PASS,0.378,0.030,0.030,0.295,0.501,0.585,0.738,2.557
/datadrive/gpurepair/Toolchain/testsuite/OpenCL/test_mod_invariants/global_direct/kernel.cl,PASS,0.417,0.009,0.006,0.294,0.625,1.348,0.742,3.441
/datadrive/gpurepair/Toolchain/testsuite/OpenCL/test_nooverflowing_add_predicate/kernel.cl,PASS,0.473,0.017,0.005,0.297,0.473,0.537,0.708,2.510
/datadrive/gpurepair/Toolchain/testsuite/OpenCL/test_mod_invariants/local_direct/kernel.cl,PASS,0.429,0.016,0.010,0.304,0.623,1.020,0.750,3.151
/datadrive/gpurepair/Toolchain/testsuite/OpenCL/test_part_load_store/load_ptr_and_int/kernel.cl,PASS,0.380,0.014,0.017,0.298,0.473,0.617,0.778,2.576
/datadrive/gpurepair/Toolchain/testsuite/OpenCL/test_nooverflowing_add_signed/kernel.cl,PASS,0.417,0.009,0.006,0.338,0.537,0.699,0.663,2.669
/datadrive/gpurepair/Toolchain/testsuite/OpenCL/test_line_number_problem/kernel.cl,PASS,0.418,0.009,0.013,0.335,0.617,0.985,1.955,4.330
/datadrive/gpurepair/Toolchain/testsuite/OpenCL/test_mod_invariants/local_reduce_strength/kernel.cl,PASS,0.421,0.015,0.008,0.302,0.616,1.585,0.781,3.728
/datadrive/gpurepair/Toolchain/testsuite/OpenCL/test_part_load_store/load_ptr_and_short2/kernel.cl,PASS,0.380,0.026,0.009,0.316,0.497,0.665,0.786,2.680
/datadrive/gpurepair/Toolchain/testsuite/OpenCL/test_part_load_store/store_int_and_short/kernel.cl,PASS,0.427,0.017,0.015,0.307,0.461,0.625,0.698,2.549
/datadrive/gpurepair/Toolchain/testsuite/OpenCL/test_part_load_store/load_ptr_array_and_int/kernel.cl,PASS,0.419,0.016,0.009,0.297,0.458,0.656,0.861,2.715
/datadrive/gpurepair/Toolchain/testsuite/OpenCL/test_mod_invariants/global_reduce_strength/kernel.cl,PASS,0.422,0.020,0.009,0.297,0.617,2.636,0.978,4.980
/datadrive/gpurepair/Toolchain/testsuite/OpenCL/test_part_load_store/store_ptr_and_int/kernel.cl,PASS,0.379,0.016,0.010,0.296,0.501,0.617,0.746,2.566
/datadrive/gpurepair/Toolchain/testsuite/OpenCL/test_part_load_store/store_ptr_and_short/kernel.cl,PASS,0.379,0.020,0.007,0.303,0.554,0.624,0.741,2.628
/datadrive/gpurepair/Toolchain/testsuite/OpenCL/test_structs/requires/kernel.cl,PASS,0.379,0.023,0.013,0.255,0.423,0.501,0.575,2.169
/datadrive/gpurepair/Toolchain/testsuite/OpenCL/test_part_load_store/store_ptr_and_short2/kernel.cl,PASS,0.429,0.009,0.005,0.295,0.545,0.617,0.737,2.638
/datadrive/gpurepair/Toolchain/testsuite/OpenCL/test_part_load_store/store_ptr_array_and_int/kernel.cl,PASS,0.417,0.009,0.006,0.296,0.508,0.625,0.780,2.642
/datadrive/gpurepair/Toolchain/testsuite/OpenCL/test_structs/requires_with_store/kernel.cl,PASS,0.418,0.014,0.011,0.299,0.456,0.537,0.696,2.431
/datadrive/gpurepair/Toolchain/testsuite/OpenCL/test_structs/store_array_element/kernel.cl,PASS,0.422,0.019,0.006,0.300,0.459,0.549,0.660,2.413
/datadrive/gpurepair/Toolchain/testsuite/OpenCL/test_structs/store_element/kernel.cl,PASS,0.423,0.015,0.007,0.295,0.458,0.579,0.662,2.438
/datadrive/gpurepair/Toolchain/testsuite/OpenCL/test_structs/store_ptr_array_element/kernel.cl,PASS,0.425,0.010,0.009,0.296,0.455,0.581,0.710,2.486
/datadrive/gpurepair/Toolchain/testsuite/OpenCL/test_structs/store_ptr_element/kernel.cl,PASS,0.422,0.009,0.008,0.309,0.455,0.620,0.698,2.521
/datadrive/gpurepair/Toolchain/testsuite/OpenCL/test_structs/store_struct_element/kernel.cl,PASS,0.419,0.017,0.006,0.295,0.458,0.580,0.701,2.477
/datadrive/gpurepair/Toolchain/testsuite/OpenCL/test_structs/use_array_element/kernel.cl,PASS,0.418,0.009,0.006,0.308,0.459,0.617,0.704,2.520
/datadrive/gpurepair/Toolchain/testsuite/OpenCL/test_structs/use_element/kernel.cl,PASS,0.420,0.014,0.009,0.298,0.496,0.577,0.703,2.516
/datadrive/gpurepair/Toolchain/testsuite/OpenCL/test_structs/use_ptr_array_element/kernel.cl,PASS,0.420,0.019,0.010,0.296,0.537,0.697,0.867,2.847
/datadrive/gpurepair/Toolchain/testsuite/OpenCL/test_structs/use_struct_element/kernel.cl,PASS,0.418,0.013,0.006,0.300,0.458,0.576,0.696,2.465
/datadrive/gpurepair/Toolchain/testsuite/OpenCL/test_structs/use_ptr_element/kernel.cl,PASS,0.419,0.012,0.009,0.342,0.581,0.747,0.817,2.929
/datadrive/gpurepair/Toolchain/testsuite/OpenCL/unconstrained_sizes/global_size/kernel.cl,PASS,0.424,0.016,0.006,0.266,0.420,0.539,0.622,2.293
/datadrive/gpurepair/Toolchain/testsuite/OpenCL/typestest/kernel.cl,PASS,0.420,0.009,0.018,0.259,0.434,0.579,0.627,2.345
/datadrive/gpurepair/Toolchain/testsuite/OpenCL/test_relational_inference/kernel.cl,PASS,0.378,0.019,0.010,0.341,0.617,2.358,1.462,5.184
/datadrive/gpurepair/Toolchain/testsuite/OpenCL/unconstrained_sizes/num_groups/kernel.cl,PASS,0.467,0.009,0.006,0.259,0.423,0.506,0.616,2.285
/datadrive/gpurepair/Toolchain/testsuite/CUDASamples/3_Imaging_imageDenoising_imageDenoising_nlm2_kernel/kernel.cu,PASS,0.140,0.015,0.009,0.336,1.983,175.947,14.093,192.525
/datadrive/gpurepair/Toolchain/testsuite/OpenCL/unconstrained_sizes/local_size/kernel.cl,PASS,0.457,0.033,0.009,0.300,0.415,0.552,0.862,2.628
/datadrive/gpurepair/Toolchain/testsuite/OpenCL/undef_tests/uninitialised_local_int/kernel.cl,FAIL(201),0.473,0.018,0.005,0.254,0.383,0.552,0.660,2.345
/datadrive/gpurepair/Toolchain/testsuite/OpenCL/undef_tests/uninitialised_local_ptr/kernel.cl,FAIL(201),0.419,0.020,0.013,0.295,0.420,0.513,0.738,2.418
/datadrive/gpurepair/Toolchain/testsuite/OpenCL/unreachable/kernel.cl,FAIL(201),0.422,0.010,0.007,0.300,0.461,0.542,0.736,2.478
/datadrive/gpurepair/Toolchain/testsuite/OpenCL/unusedreturn/kernel.cl,PASS,0.385,0.009,0.019,0.304,0.433,0.539,0.617,2.305
/datadrive/gpurepair/Toolchain/testsuite/OpenCL/vectortests/addressofvector/kernel.cl,PASS,0.417,0.016,0.007,0.302,0.420,0.556,0.664,2.382
/datadrive/gpurepair/Toolchain/testsuite/OpenCL/vectortests/double2simpleaccess/kernel.cl,PASS,0.417,0.009,0.006,0.260,0.375,0.499,0.581,2.147
/datadrive/gpurepair/Toolchain/testsuite/OpenCL/vectortests/double4simpleaccess/kernel.cl,PASS,0.420,0.015,0.016,0.255,0.339,0.455,0.586,2.087
/datadrive/gpurepair/Toolchain/testsuite/OpenCL/vectortests/double8simpleaccess/kernel.cl,PASS,0.424,0.038,0.015,0.261,0.376,0.496,0.584,2.195
/datadrive/gpurepair/Toolchain/testsuite/OpenCL/vectortests/float16simpleaccess/kernel.cl,PASS,0.376,0.015,0.010,0.266,0.350,0.461,0.630,2.108
/datadrive/gpurepair/Toolchain/testsuite/OpenCL/vectortests/float2simpleaccess/kernel.cl,PASS,0.417,0.009,0.005,0.222,0.380,0.537,0.624,2.194
/datadrive/gpurepair/Toolchain/testsuite/OpenCL/vectortests/float4simpleaccess/kernel.cl,PASS,0.377,0.009,0.006,0.255,0.379,0.496,0.618,2.139
/datadrive/gpurepair/Toolchain/testsuite/OpenCL/vectortests/float8simpleaccess/kernel.cl,PASS,0.423,0.020,0.005,0.255,0.335,0.499,0.634,2.171
/datadrive/gpurepair/Toolchain/testsuite/OpenCL/vectortests/int2simpleaccess/kernel.cl,PASS,0.429,0.015,0.006,0.255,0.381,0.497,0.659,2.242
/datadrive/gpurepair/Toolchain/testsuite/OpenCL/vectortests/float4arrayaccess/kernel.cl,PASS,0.422,0.015,0.008,0.298,0.544,0.697,0.944,2.928
/datadrive/gpurepair/Toolchain/testsuite/OpenCL/transitiveclosuresimplified/kernel.cl,PASS,0.420,0.009,0.006,0.295,0.664,1.379,4.030,6.804
/datadrive/gpurepair/Toolchain/testsuite/OpenCL/vectortests/int3load/kernel.cl,PASS,0.417,0.016,0.005,0.296,0.416,0.537,0.620,2.307
/datadrive/gpurepair/Toolchain/testsuite/OpenCL/vectortests/int3store/kernel.cl,PASS,0.417,0.016,0.022,0.261,0.415,0.546,0.620,2.297
/datadrive/gpurepair/Toolchain/testsuite/OpenCL/vectortests/int4initialisation/kernel.cl,PASS,0.417,0.009,0.009,0.256,0.381,0.549,0.583,2.205
/datadrive/gpurepair/Toolchain/testsuite/OpenCL/vectortests/int_vectors_big_test/kernel.cl,PASS,0.417,0.016,0.025,0.258,0.385,0.543,0.621,2.265
/datadrive/gpurepair/Toolchain/testsuite/OpenCL/vectortests/int3arrayaccess/kernel.cl,PASS,0.419,0.015,0.006,0.298,0.545,0.696,0.868,2.847
/datadrive/gpurepair/Toolchain/testsuite/OpenCL/vectortests/select/kernel.cl,PASS,0.419,0.032,0.011,0.295,0.458,0.537,0.661,2.412
/datadrive/gpurepair/Toolchain/testsuite/OpenCL/transitiveclosuresimplified2/kernel.cl,PASS,0.426,0.015,0.006,0.295,0.704,1.302,5.613,8.361
/datadrive/gpurepair/Toolchain/testsuite/OpenCL/vectortests/vectorops/kernel.cl,PASS,0.418,0.015,0.005,0.255,0.384,0.499,0.645,2.223
/datadrive/gpurepair/Toolchain/testsuite/OpenCL/vectortests/test_paren/kernel.cl,PASS,0.457,0.015,0.029,0.316,0.474,0.616,0.711,2.619
/datadrive/gpurepair/Toolchain/testsuite/OpenCL/vectortests/vectorops2/kernel.cl,PASS,0.417,0.019,0.007,0.297,0.424,0.616,0.620,2.400
/datadrive/gpurepair/Toolchain/testsuite/OpenCL/vectortests/vectorsplat/kernel.cl,PASS,0.417,0.018,0.005,0.256,0.386,0.498,0.576,2.156
/datadrive/gpurepair/Toolchain/testsuite/OpenCL/vectortests/vectorswizzle/kernel.cl,PASS,0.421,0.016,0.006,0.264,0.346,0.536,0.543,2.131
/datadrive/gpurepair/Toolchain/testsuite/OpenCL/vectortests/vectorreturn/kernel.cl,PASS,0.430,0.022,0.021,0.296,0.416,0.587,0.617,2.389
/datadrive/gpurepair/Toolchain/testsuite/OpenCL/warpsync/2d/kernel.cl,PASS,0.421,0.035,0.010,0.303,0.548,0.626,0.859,2.802
/datadrive/gpurepair/Toolchain/testsuite/OpenCL/warpsync/broken_shuffle/kernel.cl,PASS,0.419,0.022,0.009,0.294,0.537,0.577,0.982,2.841
/datadrive/gpurepair/Toolchain/testsuite/OpenCL/warpsync/shuffle/kernel.cl,PASS,0.425,0.009,0.005,0.295,0.536,0.616,0.737,2.622
/datadrive/gpurepair/Toolchain/testsuite/OpenCL/vectortests/test_mul_add/kernel.cl,PASS,0.436,0.020,0.010,0.391,1.017,1.230,2.503,5.606
/datadrive/gpurepair/Toolchain/testsuite/OpenCL/vectortests/float4arithmetic/kernel.cl,PASS,0.377,0.015,0.009,0.335,1.018,1.588,5.882,9.224
/datadrive/gpurepair/Toolchain/testsuite/OpenCL/warpsync/scan_warp/kernel.cl,PASS,0.424,0.013,0.017,0.337,0.623,0.822,11.334,13.571
/datadrive/gpurepair/Toolchain/testsuite/OpenCL/vectortests/double2arithmetic/kernel.cl,PASS,0.427,0.015,0.009,0.418,2.054,3.112,16.677,22.712
/datadrive/gpurepair/Toolchain/testsuite/OpenCL/vectortests/float4initialisation/kernel.cl,PASS,0.401,0.032,0.032,0.861,19.886,10.775,28.969,60.958
/datadrive/gpurepair/Toolchain/testsuite/CUDASamples/6_Advanced_sortingNetworks_bitonicMergeShared/kernel.cu,PASS,0.139,0.015,0.009,0.335,0.778,227.659,34.664,263.599
