/datadrive/gpurepair/Toolchain/testsuite/CUDA/always_inline/kernel.cbpl,1,0,0,0.247,
/datadrive/gpurepair/Toolchain/testsuite/CUDA/annotation_tests/test_assume/kernel.cbpl,1,0,0,0.277,
/datadrive/gpurepair/Toolchain/testsuite/CUDA/annotation_tests/test_all/kernel.cbpl,1,0,0,0.267,
/datadrive/gpurepair/Toolchain/testsuite/CUDA/annotation_tests/test_at_most_one/kernel.cbpl,1,0,0,0.26,
/datadrive/gpurepair/Toolchain/testsuite/CUDA/annotation_tests/test_assert/kernel.cbpl,1,0,0,0.277,
/datadrive/gpurepair/Toolchain/testsuite/CUDA/annotation_tests/test_contract/kernel.cbpl,1,0,0,0.281,
/datadrive/gpurepair/Toolchain/testsuite/CUDA/align/kernel.cbpl,1,2,0,0.314,
/datadrive/gpurepair/Toolchain/testsuite/CUDA/annotation_tests/test_axiom/kernel.cbpl,1,2,0,0.304,
/datadrive/gpurepair/Toolchain/testsuite/Bugged/unnecessary_barrier/kernel.cbpl,1,2,1,0.326,
/datadrive/gpurepair/Toolchain/testsuite/CUDA/annotation_tests/test_distinct/kernel.cbpl,1,0,0,0.268,
/datadrive/gpurepair/Toolchain/testsuite/Bugged/single_line_race/kernel.cbpl,2,2,1,0.415,
/datadrive/gpurepair/Toolchain/testsuite/Bugged/race_writeread/kernel.cbpl,2,2,1,0.394,
/datadrive/gpurepair/Toolchain/testsuite/Bugged/race/kernel.cbpl,2,2,1,0.413,
/datadrive/gpurepair/Toolchain/testsuite/Bugged/multiple_race/kernel.cbpl,3,4,2,0.55,
/datadrive/gpurepair/Toolchain/testsuite/CUDA/annotation_tests/test_no_readwrite/kernel.cbpl,1,0,0,0.261,
/datadrive/gpurepair/Toolchain/testsuite/CUDA/annotation_tests/test_enabled_and_uniform/kernel.cbpl,1,0,0,0.246,
/datadrive/gpurepair/Toolchain/testsuite/CUDA/annotation_tests/test_for_loop_invariant/kernel.cbpl,1,0,0,0.263,
/datadrive/gpurepair/Toolchain/testsuite/CUDA/annotation_tests/test_ensures/kernel.cbpl,1,0,0,0.3,
/datadrive/gpurepair/Toolchain/testsuite/CUDA/annotation_tests/test_norace/kernel.cbpl,1,0,0,0.266,
/datadrive/gpurepair/Toolchain/testsuite/CUDA/annotation_tests/test_while_loop_invariant/kernel.cbpl,1,0,0,0.258,
/datadrive/gpurepair/Toolchain/testsuite/CUDA/annotation_tests/test_requires/kernel.cbpl,1,0,0,0.299,
/datadrive/gpurepair/Toolchain/testsuite/CUDA/atomics/device_global/kernel.cbpl,1,1,0,0.282,
/datadrive/gpurepair/Toolchain/testsuite/CUDA/argument_promotion/kernel.cbpl,1,3,0,0.279,
/datadrive/gpurepair/Toolchain/testsuite/CUDA/atomics/add_one/kernel.cbpl,1,2,0,0.301,
/datadrive/gpurepair/Toolchain/testsuite/CUDA/barrierconditionalkernelparam/kernel.cbpl,1,1,1,0.257,
/datadrive/gpurepair/Toolchain/testsuite/CUDA/atomics/pointer_add/kernel.cbpl,1,4,0,0.284,
/datadrive/gpurepair/Toolchain/testsuite/CUDA/atomics/definitions/kernel.cbpl,1,30,0,0.452,
/datadrive/gpurepair/Toolchain/testsuite/CUDA/basic1/kernel.cbpl,1,0,0,0.231,
/datadrive/gpurepair/Toolchain/testsuite/CUDA/casttofloat/kernel.cbpl,1,0,0,0.249,
/datadrive/gpurepair/Toolchain/testsuite/CUDA/basicbarrier/kernel.cbpl,1,1,1,0.276,
/datadrive/gpurepair/Toolchain/testsuite/CUDA/cuda_arch/kernel.cbpl,1,0,0,0.252,
/datadrive/gpurepair/Toolchain/testsuite/CUDA/basicglobalarray/kernel.cbpl,1,1,0,0.287,
/datadrive/gpurepair/Toolchain/testsuite/CUDA/ctimeslid/kernel.cbpl,1,2,0,0.32,
/datadrive/gpurepair/Toolchain/testsuite/CUDA/curand_tests/pass/curand/kernel.cbpl,1,3,0,0.315,
/datadrive/gpurepair/Toolchain/testsuite/CUDA/curand_tests/pass/curand_mtgp32/kernel.cbpl,1,3,0,0.32,
/datadrive/gpurepair/Toolchain/testsuite/CUDA/ctimesgid/kernel.cbpl,1,2,0,0.363,
/datadrive/gpurepair/Toolchain/testsuite/CUDA/floatcastrequired/kernel.cbpl,1,0,0,0.246,
/datadrive/gpurepair/Toolchain/testsuite/CUDA/floatrelationalop/kernel.cbpl,1,0,0,0.235,
/datadrive/gpurepair/Toolchain/testsuite/CUDA/fresh_arrays/pass/array/kernel.cbpl,1,1,0,0.289,
/datadrive/gpurepair/Toolchain/testsuite/CUDA/fresh_arrays/pass/inherit/kernel.cbpl,1,1,0,0.307,
/datadrive/gpurepair/Toolchain/testsuite/CUDA/fresh_arrays/pass/struct_char/kernel.cbpl,1,1,0,0.303,
/datadrive/gpurepair/Toolchain/testsuite/CUDA/fresh_arrays/pass/struct_float/kernel.cbpl,1,1,0,0.286,
/datadrive/gpurepair/Toolchain/testsuite/CUDA/function_pointers/basic_argument_pass/kernel.cbpl,2,2,0,0.442,
/datadrive/gpurepair/Toolchain/testsuite/CUDA/function_pointers/basic_assignment_pass/kernel.cbpl,2,2,0,0.441,
/datadrive/gpurepair/Toolchain/testsuite/CUDA/function_pointers/basic_statement/kernel.cbpl,1,4,0,0.406,
/datadrive/gpurepair/Toolchain/testsuite/CUDA/function_pointers/funcptr_lt/kernel.cbpl,2,2,0,0.461,
/datadrive/gpurepair/Toolchain/testsuite/CUDA/function_pointers/pass_struct/requires/kernel.cbpl,1,0,0,0.285,
/datadrive/gpurepair/Toolchain/testsuite/CUDA/function_pointers/funcptr_to_ptr/kernel.cbpl,2,2,0,0.443,
/datadrive/gpurepair/Toolchain/testsuite/CUDA/function_pointers/check_return_value/kernel.cbpl,2,2,0,0.822,
/datadrive/gpurepair/Toolchain/testsuite/CUDA/function_pointers/return_value/kernel.cbpl,2,2,0,0.494,
/datadrive/gpurepair/Toolchain/testsuite/CUDA/inheritance_struct_simplify/indirect/kernel.cbpl,1,0,0,0.233,
/datadrive/gpurepair/Toolchain/testsuite/CUDA/inheritance_struct_simplify/direct/kernel.cbpl,1,0,0,0.24,
/datadrive/gpurepair/Toolchain/testsuite/CUDA/function_pointers/pass_struct/requires_call/kernel.cbpl,2,12,0,0.674,
/datadrive/gpurepair/Toolchain/testsuite/CUDA/large_constant_array/kernel.cbpl,1,2,0,0.277,
/datadrive/gpurepair/Toolchain/testsuite/CUDA/local2darrayaccess/kernel.cbpl,1,1,0,0.289,
/datadrive/gpurepair/Toolchain/testsuite/CUDA/localarrayaccess/kernel.cbpl,2,2,0,0.382,
/datadrive/gpurepair/Toolchain/testsuite/CUDA/memcpy/arrayofstruct/kernel.cbpl,1,2,0,0.304,
/datadrive/gpurepair/Toolchain/testsuite/CUDA/memcpy/lentoosmall/kernel.cbpl,1,8,0,0.346,
/datadrive/gpurepair/Toolchain/testsuite/CUDA/memcpy/lentoobig/kernel.cbpl,2,10,1,0.579,
/datadrive/gpurepair/Toolchain/testsuite/CUDA/memcpy/mismatch/kernel.cbpl,1,8,0,0.365,
/datadrive/gpurepair/Toolchain/testsuite/CUDA/memcpy_simplification/array_element_passed_to_call1/kernel.cbpl,1,1,0,0.277,
/datadrive/gpurepair/Toolchain/testsuite/CUDA/memcpy_simplification/array_element_passed_to_call2/kernel.cbpl,1,1,0,0.289,
/datadrive/gpurepair/Toolchain/testsuite/CUDA/memcpy_simplification/global_passed_to_call/kernel.cbpl,1,3,0,0.286,
/datadrive/gpurepair/Toolchain/testsuite/CUDA/memcpy_simplification/i8_element_global_passed_to_call1/kernel.cbpl,1,1,0,0.28,
/datadrive/gpurepair/Toolchain/testsuite/CUDA/memcpy_simplification/i8_element_global_passed_to_call2/kernel.cbpl,1,1,0,0.278,
/datadrive/gpurepair/Toolchain/testsuite/CUDA/memcpy_simplification/i8_element_parameter_passed_to_call/kernel.cbpl,1,0,0,0.248,
/datadrive/gpurepair/Toolchain/testsuite/CUDA/memcpy_simplification/parameter_passed_to_call/kernel.cbpl,1,0,0,0.269,
/datadrive/gpurepair/Toolchain/testsuite/CUDA/memcpy_simplification/shared_element_passed_to_call/kernel.cbpl,1,1,0,0.285,
/datadrive/gpurepair/Toolchain/testsuite/CUDA/memcpy/notexactdiv/kernel.cbpl,4,12,1,1.067,
/datadrive/gpurepair/Toolchain/testsuite/CUDA/memset/initstruct/kernel.cbpl,1,4,0,0.327,
/datadrive/gpurepair/Toolchain/testsuite/CUDA/memset_simplification/kernel.cbpl,1,3,0,0.34,
/datadrive/gpurepair/Toolchain/testsuite/CUDA/misc/fail/miscfail4/kernel.cbpl,2,3,1,0.43,
/datadrive/gpurepair/Toolchain/testsuite/CUDA/misc/fail/miscfail3/kernel.cbpl,2,3,1,0.456,
/datadrive/gpurepair/Toolchain/testsuite/CUDA/misc/pass/misc2/kernel.cbpl,1,1,0,0.299,
/datadrive/gpurepair/Toolchain/testsuite/CUDA/misc/pass/misc5/kernel.cbpl,1,0,0,0.271,
/datadrive/gpurepair/Toolchain/testsuite/CUDA/misc/pass/misc1/kernel.cbpl,2,4,0,0.49,
/datadrive/gpurepair/Toolchain/testsuite/CUDA/misc/pass/misc4/kernel.cbpl,1,0,0,0.268,
/datadrive/gpurepair/Toolchain/testsuite/CUDA/misc/pass/misc7/kernel.cbpl,1,0,0,0.241,
/datadrive/gpurepair/Toolchain/testsuite/CUDA/misc/pass/misc6/kernel.cbpl,1,0,0,0.264,
/datadrive/gpurepair/Toolchain/testsuite/CUDA/multiplelocals/kernel.cbpl,1,0,0,0.244,
/datadrive/gpurepair/Toolchain/testsuite/CUDA/nestedinline/kernel.cbpl,1,0,0,0.245,
/datadrive/gpurepair/Toolchain/testsuite/CUDA/nonpointerparameter1/kernel.cbpl,1,0,0,0.23,
/datadrive/gpurepair/Toolchain/testsuite/CUDA/misc/pass/misc8/kernel.cbpl,1,8,0,0.414,
/datadrive/gpurepair/Toolchain/testsuite/CUDA/mul24/kernel.cbpl,1,2,0,0.3,
/datadrive/gpurepair/Toolchain/testsuite/CUDA/nonpointerparameter2/kernel.cbpl,1,0,0,0.266,
/datadrive/gpurepair/Toolchain/testsuite/CUDA/notunaryoptest/kernel.cbpl,1,0,0,0.232,
/datadrive/gpurepair/Toolchain/testsuite/CUDA/noraceduetoreturn/kernel.cbpl,2,2,0,0.412,
/datadrive/gpurepair/Toolchain/testsuite/CUDA/param_values/value_causing_race/kernel.cbpl,3,4,1,0.536,
/datadrive/gpurepair/Toolchain/testsuite/CUDA/pointeranalysistests/testinterprocedural/kernel.cbpl,1,0,0,0.297,
/datadrive/gpurepair/Toolchain/testsuite/CUDA/pointeranalysistests/testinterprocedural2/kernel.cbpl,1,1,0,0.326,
/datadrive/gpurepair/Toolchain/testsuite/CUDA/pointers_in_structs/test1/kernel.cbpl,1,1,0,0.313,
/datadrive/gpurepair/Toolchain/testsuite/CUDA/memcpy/fail_overstep/kernel.cbpl,4,24,1,6.593,
/datadrive/gpurepair/Toolchain/testsuite/CUDA/pointeranalysistests/testinterprocedural3/kernel.cbpl,1,1,0,0.366,
/datadrive/gpurepair/Toolchain/testsuite/CUDA/pointers_in_structs/test2/kernel.cbpl,1,4,0,0.345,
/datadrive/gpurepair/Toolchain/testsuite/CUDA/pointers_in_structs/test3/kernel.cbpl,1,4,0,0.337,
/datadrive/gpurepair/Toolchain/testsuite/CUDA/pointertests/scanlargelike/kernel.cbpl,1,1,0,0.303,
/datadrive/gpurepair/Toolchain/testsuite/CUDA/pointertests/test1/kernel.cbpl,1,1,0,0.293,
/datadrive/gpurepair/Toolchain/testsuite/CUDA/pointertests/test10/kernel.cbpl,1,1,0,0.338,
/datadrive/gpurepair/Toolchain/testsuite/CUDA/pointertests/test14/kernel.cbpl,1,0,0,0.229,
/datadrive/gpurepair/Toolchain/testsuite/CUDA/pointertests/test11/kernel.cbpl,1,1,0,0.318,
/datadrive/gpurepair/Toolchain/testsuite/CUDA/pointertests/test13/kernel.cbpl,1,1,0,0.287,
/datadrive/gpurepair/Toolchain/testsuite/CUDA/pointers_in_structs/test4/kernel.cbpl,1,24,0,1.075,
/datadrive/gpurepair/Toolchain/testsuite/CUDA/pointertests/test12/kernel.cbpl,1,2,0,0.339,
/datadrive/gpurepair/Toolchain/testsuite/CUDA/pointertests/test2/kernel.cbpl,1,1,0,0.291,
/datadrive/gpurepair/Toolchain/testsuite/CUDA/pointertests/test3/kernel.cbpl,1,1,0,0.323,
/datadrive/gpurepair/Toolchain/testsuite/CUDA/pointertests/test4/kernel.cbpl,1,1,0,0.311,
/datadrive/gpurepair/Toolchain/testsuite/CUDA/pointertests/test5/kernel.cbpl,1,1,0,0.323,
/datadrive/gpurepair/Toolchain/testsuite/CUDA/pointertests/test7/kernel.cbpl,1,0,0,0.258,
/datadrive/gpurepair/Toolchain/testsuite/CUDA/pointertests/test6/kernel.cbpl,1,1,0,0.31,
/datadrive/gpurepair/Toolchain/testsuite/CUDA/pointertests/test8/kernel.cbpl,1,1,0,0.297,
/datadrive/gpurepair/Toolchain/testsuite/CUDA/pointertests/test9/kernel.cbpl,1,1,0,0.312,
/datadrive/gpurepair/Toolchain/testsuite/CUDA/pointertests/test_bad_pointer_procedure_call/kernel.cbpl,1,0,0,0.299,
/datadrive/gpurepair/Toolchain/testsuite/CUDA/pointertests/test_copy_between_memory_spaces/kernel.cbpl,1,2,0,0.289,
/datadrive/gpurepair/Toolchain/testsuite/CUDA/pointertests/test_copy_between_pointers/kernel.cbpl,1,2,0,0.296,
/datadrive/gpurepair/Toolchain/testsuite/CUDA/predication/test1/kernel.cbpl,1,0,0,0.274,
/datadrive/gpurepair/Toolchain/testsuite/CUDA/pointertests/test_pass_value_from_array/kernel.cbpl,1,1,0,0.275,
/datadrive/gpurepair/Toolchain/testsuite/CUDA/predication/test2/kernel.cbpl,1,0,0,0.261,
/datadrive/gpurepair/Toolchain/testsuite/CUDA/simpleparampassing/kernel.cbpl,1,0,0,0.251,
/datadrive/gpurepair/Toolchain/testsuite/CUDA/struct/kernel.cbpl,1,0,0,0.223,
/datadrive/gpurepair/Toolchain/testsuite/CUDA/simplereturn/kernel.cbpl,1,0,0,0.265,
/datadrive/gpurepair/Toolchain/testsuite/CUDA/ternarytest/kernel.cbpl,1,1,0,0.298,
/datadrive/gpurepair/Toolchain/testsuite/CUDA/store_in_byval_function/kernel.cbpl,1,4,0,0.318,
/datadrive/gpurepair/Toolchain/testsuite/CUDA/threadfence/kernel.cbpl,1,0,0,0.23,
/datadrive/gpurepair/Toolchain/testsuite/CUDA/ternarytest2/kernel.cbpl,1,1,0,0.277,
/datadrive/gpurepair/Toolchain/testsuite/CUDA/reduced_strength_with_requires/kernel.cbpl,1,3,0,0.369,
/datadrive/gpurepair/Toolchain/testsuite/CUDA/test_for_get_group_id/kernel.cbpl,1,2,0,0.289,
/datadrive/gpurepair/Toolchain/testsuite/CUDA/unusedreturn/kernel.cbpl,1,0,0,0.275,
/datadrive/gpurepair/Toolchain/testsuite/CUDA/warpsize/kernel.cbpl,1,1,0,0.278,
/datadrive/gpurepair/Toolchain/testsuite/CUDA/warpsync/2d/kernel.cbpl,1,4,1,0.432,
/datadrive/gpurepair/Toolchain/testsuite/CUDA/warpsync/broken_shuffle/kernel.cbpl,2,2,1,0.504,
/datadrive/gpurepair/Toolchain/testsuite/CUDA/warpsync/shuffle/kernel.cbpl,1,2,0,0.365,
/datadrive/gpurepair/Toolchain/testsuite/CUDA/warpsync/refined_equality_abstraction/kernel.cbpl,2,8,0,0.547,
/datadrive/gpurepair/Toolchain/testsuite/CUDA/reduced_strength_blockwise/kernel.cbpl,2,2,0,0.783,
/datadrive/gpurepair/Toolchain/testsuite/CUDA/scope/kernel.cbpl,2,8,2,0.917,
/datadrive/gpurepair/Toolchain/testsuite/CUDASamples/2_Graphics_marchingCubes_compactVoxels/kernel.cbpl,2,4,0,0.651,
/datadrive/gpurepair/Toolchain/testsuite/CUDA/transitiveclosure/kernel.cbpl,4,13,3,1.994,
/datadrive/gpurepair/Toolchain/testsuite/CUDASamples/2_Graphics_marchingCubes_classifyVoxel/kernel.cbpl,2,22,0,1.693,
/datadrive/gpurepair/Toolchain/testsuite/CUDASamples/3_Imaging_dct8x8_CUDAkernelQuantizationFloat/kernel.cbpl,1,3,0,0.353,
/datadrive/gpurepair/Toolchain/testsuite/CUDASamples/3_Imaging_dct8x8_CUDAkernelQuantizationShort/kernel.cbpl,1,3,1,0.424,
/datadrive/gpurepair/Toolchain/testsuite/CUDASamples/3_Imaging_recursiveGaussian_d_transpose/kernel.cbpl,2,6,1,0.694,
/datadrive/gpurepair/Toolchain/testsuite/CUDA/warpsync/scan_warp/kernel.cbpl,3,20,0,5.133,
/datadrive/gpurepair/Toolchain/testsuite/CUDASamples/3_Imaging_histogram_mergeHistogram64Kernel/kernel.cbpl,5,11,1,2.127,
/datadrive/gpurepair/Toolchain/testsuite/CUDASamples/3_Imaging_histogram_mergeHistogram256Kernel/kernel.cbpl,7,11,1,2.456,
/datadrive/gpurepair/Toolchain/testsuite/CUDASamples/6_Advanced_reduction_reduce0/kernel.cbpl,4,11,1,1.769,
/datadrive/gpurepair/Toolchain/testsuite/CUDASamples/6_Advanced_concurrentKernels_sum/kernel.cbpl,11,10,1,5.512,
/datadrive/gpurepair/Toolchain/testsuite/CUDASamples/6_Advanced_reduction_reduce1/kernel.cbpl,4,11,1,2.287,
/datadrive/gpurepair/Toolchain/testsuite/CUDASamples/6_Advanced_reduction_reduce3/kernel.cbpl,9,12,1,3.282,
/datadrive/gpurepair/Toolchain/testsuite/CUDASamples/0_Simple_matrixMul_matrixMul/kernel.cbpl,11,9,2,10.067,
/datadrive/gpurepair/Toolchain/testsuite/CUDASamples/6_Advanced_reduction_reduce2/kernel.cbpl,12,12,1,11.918,
/datadrive/gpurepair/Toolchain/testsuite/CUDASamples/6_Advanced_scan_uniformUpdate/kernel.cbpl,4,15,1,4.047,
/datadrive/gpurepair/Toolchain/testsuite/CUDASamples/6_Advanced_mergeSort_mergeRanksAndIndicesKernel/kernel.cbpl,3,18,0,2.964,
/datadrive/gpurepair/Toolchain/testsuite/CUDASamples/6_Advanced_shfl_scan_uniform_add/kernel.cbpl,3,7,1,0.806,
/datadrive/gpurepair/Toolchain/testsuite/CUDASamples/6_Advanced_sortingNetworks_bitonicMergeGlobal/kernel.cbpl,1,8,0,0.551,
/datadrive/gpurepair/Toolchain/testsuite/CUDASamples/6_Advanced_sortingNetworks_oddEvenMergeGlobal/kernel.cbpl,1,18,0,0.778,
/datadrive/gpurepair/Toolchain/testsuite/CUDASamples/6_Advanced_mergeSort_generateSampleRanksKernel/kernel.cbpl,3,18,0,7.243,
/datadrive/gpurepair/Toolchain/testsuite/CUDASamples/6_Advanced_simpleHyperQ_sum/kernel.cbpl,11,10,1,5.109,
/datadrive/gpurepair/Toolchain/testsuite/CUDASamples/6_Advanced_transpose_copy/kernel.cbpl,1,4,0,0.453,
/datadrive/gpurepair/Toolchain/testsuite/CUDASamples/6_Advanced_transpose_copySharedMem/kernel.cbpl,1,10,1,0.481,
/datadrive/gpurepair/Toolchain/testsuite/CUDASamples/3_Imaging_convolutionSeparable_convolutionRowsKernel/kernel.cbpl,2,16,1,17.97,
/datadrive/gpurepair/Toolchain/testsuite/CUDASamples/3_Imaging_dct8x8_CUDAkernel1IDCT/kernel.cbpl,22,16,3,35.821,
/datadrive/gpurepair/Toolchain/testsuite/CUDASamples/6_Advanced_transpose_transposeDiagonal/kernel.cbpl,3,9,3,2.374,
/datadrive/gpurepair/Toolchain/testsuite/CUDASamples/6_Advanced_transpose_transposeCoalesced/kernel.cbpl,3,9,3,1.724,
/datadrive/gpurepair/Toolchain/testsuite/CUDASamples/6_Advanced_transpose_transposeNaive/kernel.cbpl,1,4,0,0.746,
/datadrive/gpurepair/Toolchain/testsuite/CUDASamples/7_CUDALibraries_MC_EstimatePiInlineP_initRNG/kernel.cbpl,1,1,0,0.293,
/datadrive/gpurepair/Toolchain/testsuite/CUDASamples/6_Advanced_transpose_transposeCoarseGrained/kernel.cbpl,1,9,2,1.638,
/datadrive/gpurepair/Toolchain/testsuite/CUDASamples/7_CUDALibraries_MC_SingleAsianOptionP_initRNG/kernel.cbpl,1,1,0,0.291,
/datadrive/gpurepair/Toolchain/testsuite/CUDASamples/6_Advanced_transpose_transposeFineGrained/kernel.cbpl,2,9,3,1.69,
/datadrive/gpurepair/Toolchain/testsuite/CUDASamples/3_Imaging_convolutionSeparable_convolutionColumnsKernel/kernel.cbpl,2,16,1,29.739,
/datadrive/gpurepair/Toolchain/testsuite/MicroBenchmarks/1-1-If/kernel.cbpl,3,5,1,0.66,
/datadrive/gpurepair/Toolchain/testsuite/MicroBenchmarks/1-1-loop-inter/kernel.cbpl,3,7,1,0.655,
/datadrive/gpurepair/Toolchain/testsuite/CUDASamples/7_CUDALibraries_MC_SingleAsianOptionP_computeValue/kernel.cbpl,2,18,2,0.871,
/datadrive/gpurepair/Toolchain/testsuite/CUDASamples/6_Advanced_transpose_transposeNoBankConflicts/kernel.cbpl,2,9,3,2.048,
/datadrive/gpurepair/Toolchain/testsuite/MicroBenchmarks/1-1-main/kernel.cbpl,2,3,1,0.403,
/datadrive/gpurepair/Toolchain/testsuite/MicroBenchmarks/1-1-loop-intra/kernel.cbpl,3,5,1,0.664,
/datadrive/gpurepair/Toolchain/testsuite/MicroBenchmarks/2-1-main/kernel.cbpl,3,4,1,0.513,
/datadrive/gpurepair/Toolchain/testsuite/MicroBenchmarks/2-2-loop-both/kernel.cbpl,2,3,2,0.412,
/datadrive/gpurepair/Toolchain/testsuite/MicroBenchmarks/2-1-loop-d2-intra/kernel.cbpl,3,5,1,0.597,
/datadrive/gpurepair/Toolchain/testsuite/OpenCL/abstract_add/associativity/kernel.cbpl,1,0,0,0.246,
/datadrive/gpurepair/Toolchain/testsuite/CUDASamples/7_CUDALibraries_MC_EstimatePiInlineP_computeValue/kernel.cbpl,11,14,3,8.489,
/datadrive/gpurepair/Toolchain/testsuite/MicroBenchmarks/2-2-loop-d2-both/kernel.cbpl,6,6,2,1.06,
/datadrive/gpurepair/Toolchain/testsuite/OpenCL/abstract_add/associativity_char/kernel.cbpl,1,0,0,0.243,
/datadrive/gpurepair/Toolchain/testsuite/OpenCL/abstract_add/associativity_short/kernel.cbpl,1,0,0,0.237,
/datadrive/gpurepair/Toolchain/testsuite/CUDASamples/4_Finance_SobolQRNG_sobol/kernel.cbpl,6,11,1,23.792,
/datadrive/gpurepair/Toolchain/testsuite/OpenCL/abstract_add/increasing/kernel.cbpl,1,0,0,0.261,
/datadrive/gpurepair/Toolchain/testsuite/OpenCL/abstract_add/zero/kernel.cbpl,1,0,0,0.236,
/datadrive/gpurepair/Toolchain/testsuite/OpenCL/addressofinit/kernel.cbpl,1,2,0,0.281,
/datadrive/gpurepair/Toolchain/testsuite/OpenCL/addressofread/kernel.cbpl,1,2,0,0.283,
/datadrive/gpurepair/Toolchain/testsuite/OpenCL/alignment/initialisation/kernel.cbpl,1,6,0,0.277,
/datadrive/gpurepair/Toolchain/testsuite/OpenCL/alignment/int3int4/kernel.cbpl,1,3,0,0.329,
/datadrive/gpurepair/Toolchain/testsuite/OpenCL/always_inline/kernel.cbpl,1,0,0,0.236,
/datadrive/gpurepair/Toolchain/testsuite/OpenCL/annotation_tests/global_ensures/pass/kernel.cbpl,1,0,0,0.263,
/datadrive/gpurepair/Toolchain/testsuite/OpenCL/annotation_tests/global_requires/pass/kernel.cbpl,1,0,0,0.266,
/datadrive/gpurepair/Toolchain/testsuite/OpenCL/annotation_tests/no_annotations/kernel.cbpl,1,0,0,0.259,
/datadrive/gpurepair/Toolchain/testsuite/OpenCL/annotation_tests/invariants_as_candidates/kernel.cbpl,1,0,0,0.252,
/datadrive/gpurepair/Toolchain/testsuite/OpenCL/annotation_tests/ite/kernel.cbpl,1,2,0,0.346,
/datadrive/gpurepair/Toolchain/testsuite/OpenCL/annotation_tests/only_requires/kernel.cbpl,1,3,0,0.301,
/datadrive/gpurepair/Toolchain/testsuite/OpenCL/annotation_tests/shared_state_invariant_tests/simple_shared_state_invariant/kernel.cbpl,1,3,0,0.295,
/datadrive/gpurepair/Toolchain/testsuite/OpenCL/annotation_tests/specification_tests/pass/simple_spec/kernel.cbpl,1,1,0,0.32,
/datadrive/gpurepair/Toolchain/testsuite/OpenCL/annotation_tests/specification_tests/pass/vacuous_spec/kernel.cbpl,1,1,0,0.294,
/datadrive/gpurepair/Toolchain/testsuite/OpenCL/annotation_tests/test_all/kernel.cbpl,1,0,0,0.246,
/datadrive/gpurepair/Toolchain/testsuite/OpenCL/annotation_tests/specification_tests/pass/value_related_spec/kernel.cbpl,1,2,0,0.301,
/datadrive/gpurepair/Toolchain/testsuite/OpenCL/annotation_tests/test_assert/kernel.cbpl,1,0,0,0.253,
/datadrive/gpurepair/Toolchain/testsuite/OpenCL/annotation_tests/test_assert_true/kernel.cbpl,1,0,0,0.229,
/datadrive/gpurepair/Toolchain/testsuite/OpenCL/annotation_tests/test_assume_false/kernel.cbpl,1,0,0,0.232,
/datadrive/gpurepair/Toolchain/testsuite/OpenCL/annotation_tests/test_assume/kernel.cbpl,1,0,0,0.273,
/datadrive/gpurepair/Toolchain/testsuite/OpenCL/annotation_tests/test_axiom/kernel.cbpl,1,2,0,0.286,
/datadrive/gpurepair/Toolchain/testsuite/OpenCL/annotation_tests/test_candidate_invariant/kernel.cbpl,1,0,0,0.243,
/datadrive/gpurepair/Toolchain/testsuite/OpenCL/annotation_tests/test_candidate_global_invariant/kernel.cbpl,1,2,0,0.3,
/datadrive/gpurepair/Toolchain/testsuite/OpenCL/annotation_tests/test_contract/kernel.cbpl,1,0,0,0.263,
/datadrive/gpurepair/Toolchain/testsuite/OpenCL/annotation_tests/test_distinct/kernel.cbpl,1,0,0,0.266,
/datadrive/gpurepair/Toolchain/testsuite/OpenCL/annotation_tests/test_enabled_and_uniform/kernel.cbpl,1,0,0,0.254,
/datadrive/gpurepair/Toolchain/testsuite/OpenCL/annotation_tests/test_ensures/kernel.cbpl,1,0,0,0.266,
/datadrive/gpurepair/Toolchain/testsuite/OpenCL/annotation_tests/test_exclusive/kernel.cbpl,1,0,0,0.234,
/datadrive/gpurepair/Toolchain/testsuite/OpenCL/annotation_tests/test_for_loop_invariant/kernel.cbpl,1,0,0,0.245,
/datadrive/gpurepair/Toolchain/testsuite/OpenCL/annotation_tests/test_loop_invariant_then_assert/kernel.cbpl,1,0,0,0.243,
/datadrive/gpurepair/Toolchain/testsuite/OpenCL/annotation_tests/test_function_wide_invariant/kernel.cbpl,1,8,0,0.419,
/datadrive/gpurepair/Toolchain/testsuite/OpenCL/annotation_tests/test_loop_invariant_then_assert2/kernel.cbpl,1,0,0,0.252,
/datadrive/gpurepair/Toolchain/testsuite/OpenCL/annotation_tests/test_old/kernel.cbpl,1,0,0,0.277,
/datadrive/gpurepair/Toolchain/testsuite/OpenCL/annotation_tests/test_precondition_on_kernel/kernel.cbpl,1,0,0,0.262,
/datadrive/gpurepair/Toolchain/testsuite/OpenCL/annotation_tests/test_ptr_offset/kernel.cbpl,1,1,0,0.299,
/datadrive/gpurepair/Toolchain/testsuite/OpenCL/annotation_tests/test_read_global/kernel.cbpl,1,2,0,0.3,
/datadrive/gpurepair/Toolchain/testsuite/OpenCL/annotation_tests/test_read_local/kernel.cbpl,1,2,0,0.283,
/datadrive/gpurepair/Toolchain/testsuite/OpenCL/annotation_tests/test_read_offset/kernel.cbpl,1,0,0,0.235,
/datadrive/gpurepair/Toolchain/testsuite/OpenCL/annotation_tests/test_read_offset_global/kernel.cbpl,2,3,0,0.39,
/datadrive/gpurepair/Toolchain/testsuite/OpenCL/annotation_tests/test_requires/kernel.cbpl,1,0,0,0.283,
/datadrive/gpurepair/Toolchain/testsuite/OpenCL/annotation_tests/test_while_loop_invariant/kernel.cbpl,1,0,0,0.261,
/datadrive/gpurepair/Toolchain/testsuite/OpenCL/annotation_tests/test_write_global/kernel.cbpl,1,2,0,0.298,
/datadrive/gpurepair/Toolchain/testsuite/OpenCL/annotation_tests/test_write_local/kernel.cbpl,1,2,0,0.29,
/datadrive/gpurepair/Toolchain/testsuite/OpenCL/array_bounds_tests/array_in_array_2/kernel.cbpl,1,12,0,0.356,
/datadrive/gpurepair/Toolchain/testsuite/OpenCL/array_bounds_tests/multi_dim_array/kernel.cbpl,1,1,0,0.277,
/datadrive/gpurepair/Toolchain/testsuite/OpenCL/array_bounds_tests/negative_index_multi_dim/kernel.cbpl,1,1,0,0.286,
/datadrive/gpurepair/Toolchain/testsuite/CUDA/warpsync/intragroup_scan/kernel.cbpl,4,49,3,97.393,
/datadrive/gpurepair/Toolchain/testsuite/OpenCL/array_bounds_tests/private_array/kernel.cbpl,1,1,0,0.257,
/datadrive/gpurepair/Toolchain/testsuite/OpenCL/array_bounds_tests/realign_simple/kernel.cbpl,1,1,0,0.278,
/datadrive/gpurepair/Toolchain/testsuite/OpenCL/array_bounds_tests/simple_array/kernel.cbpl,1,1,0,0.281,
/datadrive/gpurepair/Toolchain/testsuite/OpenCL/arraycopy/kernel.cbpl,1,3,0,0.346,
/datadrive/gpurepair/Toolchain/testsuite/OpenCL/asymmetric_asserts/pass/kernel.cbpl,1,0,0,0.255,
/datadrive/gpurepair/Toolchain/testsuite/OpenCL/async_work_group_copy/fail/test14/kernel.cbpl,2,10,1,1.251,
/datadrive/gpurepair/Toolchain/testsuite/OpenCL/async_work_group_copy/pass/test1/kernel.cbpl,2,5,0,0.533,
/datadrive/gpurepair/Toolchain/testsuite/OpenCL/async_work_group_copy/pass/test5/kernel.cbpl,4,6,0,0.927,
/datadrive/gpurepair/Toolchain/testsuite/OpenCL/async_work_group_copy/pass/test2/kernel.cbpl,2,10,0,1.197,
/datadrive/gpurepair/Toolchain/testsuite/OpenCL/atomics/counter/kernel.cbpl,2,4,0,0.395,
/datadrive/gpurepair/Toolchain/testsuite/OpenCL/async_work_group_copy/pass/test3/kernel.cbpl,3,9,0,1.585,
/datadrive/gpurepair/Toolchain/testsuite/OpenCL/atomics/definitions_float/kernel.cbpl,1,2,0,0.268,
/datadrive/gpurepair/Toolchain/testsuite/OpenCL/atomics/definitions_atom_int/kernel.cbpl,1,44,0,0.548,
/datadrive/gpurepair/Toolchain/testsuite/OpenCL/atomics/displaced/kernel.cbpl,2,8,1,0.449,
/datadrive/gpurepair/Toolchain/testsuite/OpenCL/atomics/forloop/kernel.cbpl,2,3,1,0.358,
/datadrive/gpurepair/Toolchain/testsuite/OpenCL/atomics/definitions_long/kernel.cbpl,1,44,0,0.55,
/datadrive/gpurepair/Toolchain/testsuite/OpenCL/atomics/definitions_int/kernel.cbpl,1,44,0,0.547,
/datadrive/gpurepair/Toolchain/testsuite/OpenCL/atomics/histo/kernel.cbpl,1,2,0,0.284,
/datadrive/gpurepair/Toolchain/testsuite/OpenCL/atomics/mismatched_types/int_add_with_float/kernel.cbpl,1,2,0,0.28,
/datadrive/gpurepair/Toolchain/testsuite/CUDASamples/3_Imaging_dct8x8_CUDAkernel1DCT/kernel.cbpl,25,14,2,104.032,
/datadrive/gpurepair/Toolchain/testsuite/OpenCL/atomics/mismatched_types/int_add_with_long/kernel.cbpl,1,12,0,0.376,
/datadrive/gpurepair/Toolchain/testsuite/OpenCL/atomics/mismatched_types/int_add_with_short/kernel.cbpl,1,3,0,0.28,
/datadrive/gpurepair/Toolchain/testsuite/OpenCL/atomics/refined_atomic_abstraction/check_used_treated_ok/kernel.cbpl,1,1,0,0.265,
/datadrive/gpurepair/Toolchain/testsuite/OpenCL/atomics/refined_atomic_abstraction/intra_local_counters/kernel.cbpl,1,2,0,0.303,
/datadrive/gpurepair/Toolchain/testsuite/OpenCL/atomics/pointers/kernel.cbpl,2,3,1,0.402,
/datadrive/gpurepair/Toolchain/testsuite/OpenCL/atomics/refined_atomic_abstraction/one_access/kernel.cbpl,1,4,0,0.324,
/datadrive/gpurepair/Toolchain/testsuite/OpenCL/atomics/refined_atomic_abstraction/many_accesses/kernel.cbpl,1,20,0,0.666,
/datadrive/gpurepair/Toolchain/testsuite/OpenCL/atomics/refined_atomic_abstraction/intra_access_in_loop/kernel.cbpl,2,5,0,0.627,
/datadrive/gpurepair/Toolchain/testsuite/OpenCL/atomics/refined_atomic_abstraction/access_in_loop/kernel.cbpl,2,5,0,0.571,
/datadrive/gpurepair/Toolchain/testsuite/OpenCL/barrier_intervals/test1/kernel.cbpl,1,3,2,0.307,
/datadrive/gpurepair/Toolchain/testsuite/OpenCL/barrier_intervals/test2/kernel.cbpl,2,4,2,0.41,
/datadrive/gpurepair/Toolchain/testsuite/OpenCL/barrier_invariants/conditional_barrier_invariant/kernel.cbpl,3,4,0,0.89,
/datadrive/gpurepair/Toolchain/testsuite/OpenCL/barrier_invariants/global_array/kernel.cbpl,1,2,1,0.336,
/datadrive/gpurepair/Toolchain/testsuite/OpenCL/barrier_invariants/no_access_check/kernel.cbpl,1,3,2,0.302,
/datadrive/gpurepair/Toolchain/testsuite/OpenCL/barrier_invariants/all_different/kernel.cbpl,2,15,0,3.768,
/datadrive/gpurepair/Toolchain/testsuite/OpenCL/barrier_invariants/tid_barrier_invariant/kernel.cbpl,1,2,1,0.288,
/datadrive/gpurepair/Toolchain/testsuite/OpenCL/basic1/kernel.cbpl,1,0,0,0.23,
/datadrive/gpurepair/Toolchain/testsuite/OpenCL/barrierconditionalkernelparam/kernel.cbpl,1,1,1,0.277,
/datadrive/gpurepair/Toolchain/testsuite/OpenCL/barrier_invariants/add_zero/kernel.cbpl,10,9,1,6.038,
/datadrive/gpurepair/Toolchain/testsuite/OpenCL/barrier_invariants/wrap_around/kernel.cbpl,3,4,0,0.716,
/datadrive/gpurepair/Toolchain/testsuite/OpenCL/barrier_invariants/ternary/kernel.cbpl,7,6,0,2.657,
/datadrive/gpurepair/Toolchain/testsuite/OpenCL/barrier_invariants/test_all_unary_high/kernel.cbpl,2,13,0,2.69,
/datadrive/gpurepair/Toolchain/testsuite/OpenCL/basicbarrier/kernel.cbpl,1,1,1,0.286,
/datadrive/gpurepair/Toolchain/testsuite/OpenCL/basicglobalarray/kernel.cbpl,1,1,0,0.314,
/datadrive/gpurepair/Toolchain/testsuite/OpenCL/benign_race_tests/fail/writeafterread_addition/kernel.cbpl,2,2,1,0.413,
/datadrive/gpurepair/Toolchain/testsuite/OpenCL/benign_race_tests/fail/writeafterread_otherval/kernel.cbpl,2,3,1,0.398,
/datadrive/gpurepair/Toolchain/testsuite/OpenCL/benign_race_tests/fail/writereadarray_equality/kernel.cbpl,2,2,1,0.374,
/datadrive/gpurepair/Toolchain/testsuite/OpenCL/barrier_invariants/test_all_unary_low/kernel.cbpl,2,16,0,4.797,
/datadrive/gpurepair/Toolchain/testsuite/OpenCL/barrier_intervals/test3/kernel.cbpl,14,8,6,9.161,
/datadrive/gpurepair/Toolchain/testsuite/OpenCL/benign_race_tests/pass/readafterwrite/kernel.cbpl,1,3,0,0.312,
/datadrive/gpurepair/Toolchain/testsuite/OpenCL/benign_race_tests/pass/writeafterread/kernel.cbpl,1,2,0,0.304,
/datadrive/gpurepair/Toolchain/testsuite/OpenCL/bitand/kernel.cbpl,1,0,0,0.245,
/datadrive/gpurepair/Toolchain/testsuite/OpenCL/benign_race_tests/pass/writeinloop/kernel.cbpl,1,2,0,0.313,
/datadrive/gpurepair/Toolchain/testsuite/OpenCL/bitnot/kernel.cbpl,1,0,0,0.228,
/datadrive/gpurepair/Toolchain/testsuite/OpenCL/benign_race_tests/pass/writetiddiv64/kernel.cbpl,1,1,0,0.31,
/datadrive/gpurepair/Toolchain/testsuite/OpenCL/benign_race_tests/pass/writewritearray/kernel.cbpl,1,2,0,0.307,
/datadrive/gpurepair/Toolchain/testsuite/OpenCL/benign_race_tests/pass/writezero/kernel.cbpl,1,1,0,0.284,
/datadrive/gpurepair/Toolchain/testsuite/OpenCL/bitor/kernel.cbpl,1,0,0,0.238,
/datadrive/gpurepair/Toolchain/testsuite/CUDASamples/6_Advanced_reduction_reduce4/kernel.cbpl,5,25,1,110.432,
/datadrive/gpurepair/Toolchain/testsuite/OpenCL/bitxor/kernel.cbpl,1,0,0,0.227,
/datadrive/gpurepair/Toolchain/testsuite/OpenCL/bool_bv_test/kernel.cbpl,1,0,0,0.236,
/datadrive/gpurepair/Toolchain/testsuite/OpenCL/booleanTests/kernel.cbpl,1,0,0,0.257,
/datadrive/gpurepair/Toolchain/testsuite/OpenCL/casttofloat/kernel.cbpl,1,0,0,0.234,
/datadrive/gpurepair/Toolchain/testsuite/OpenCL/bpl_integration/pass/kernel.cbpl,1,0,0,0.242,
/datadrive/gpurepair/Toolchain/testsuite/OpenCL/break_test/kernel.cbpl,1,0,0,0.246,
/datadrive/gpurepair/Toolchain/testsuite/OpenCL/ceil/kernel.cbpl,1,8,0,0.44,
/datadrive/gpurepair/Toolchain/testsuite/OpenCL/checkarrays/pass/specifyall/kernel.cbpl,1,7,0,0.36,
/datadrive/gpurepair/Toolchain/testsuite/OpenCL/checkarrays/pass/specifyone/kernel.cbpl,1,7,0,0.402,
/datadrive/gpurepair/Toolchain/testsuite/OpenCL/conditional_int_test/kernel.cbpl,1,0,0,0.24,
/datadrive/gpurepair/Toolchain/testsuite/OpenCL/derived_from_uniformity_analysis_bug/kernel.cbpl,1,0,0,0.262,
/datadrive/gpurepair/Toolchain/testsuite/OpenCL/constantnotparam/kernel.cbpl,1,4,0,0.286,
/datadrive/gpurepair/Toolchain/testsuite/OpenCL/derivedfrombinomialoptions/kernel.cbpl,1,4,0,0.317,
/datadrive/gpurepair/Toolchain/testsuite/OpenCL/derivedfrombinomialoptions2/kernel.cbpl,1,1,0,0.264,
/datadrive/gpurepair/Toolchain/testsuite/OpenCL/divergence/race_no_divergence/kernel.cbpl,1,2,1,0.27,
/datadrive/gpurepair/Toolchain/testsuite/OpenCL/divergence/race_and_divergence/kernel.cbpl,2,3,1,0.35,
/datadrive/gpurepair/Toolchain/testsuite/OpenCL/enabled/not_predicated/kernel.cbpl,1,0,0,0.233,
/datadrive/gpurepair/Toolchain/testsuite/OpenCL/enabled/not_predicated_procedure/kernel.cbpl,1,0,0,0.276,
/datadrive/gpurepair/Toolchain/testsuite/OpenCL/float_constant_test/kernel.cbpl,1,0,0,0.242,
/datadrive/gpurepair/Toolchain/testsuite/OpenCL/float_constant_test2/kernel.cbpl,1,0,0,0.22,
/datadrive/gpurepair/Toolchain/testsuite/OpenCL/floatcastrequired/kernel.cbpl,1,0,0,0.224,
/datadrive/gpurepair/Toolchain/testsuite/OpenCL/floatrelationalop/kernel.cbpl,1,0,0,0.253,
/datadrive/gpurepair/Toolchain/testsuite/OpenCL/fresh_arrays/pass/global/kernel.cbpl,1,1,0,0.282,
/datadrive/gpurepair/Toolchain/testsuite/OpenCL/fresh_arrays/pass/local/kernel.cbpl,1,1,0,0.296,
/datadrive/gpurepair/Toolchain/testsuite/OpenCL/function_wide/pass/uses_uninterpreted_function/kernel.cbpl,1,0,0,0.238,
/datadrive/gpurepair/Toolchain/testsuite/OpenCL/get_global_id/kernel.cbpl,1,2,0,0.294,
/datadrive/gpurepair/Toolchain/testsuite/OpenCL/get_global_offset/kernel.cbpl,1,0,0,0.226,
/datadrive/gpurepair/Toolchain/testsuite/OpenCL/function_wide/pass/uses_array_element/kernel.cbpl,2,5,0,0.487,
/datadrive/gpurepair/Toolchain/testsuite/OpenCL/get_work_dim/work_dim_1/kernel.cbpl,1,0,0,0.23,
/datadrive/gpurepair/Toolchain/testsuite/OpenCL/get_work_dim/work_dim_2/kernel.cbpl,1,0,0,0.243,
/datadrive/gpurepair/Toolchain/testsuite/OpenCL/get_work_dim/work_dim_3/kernel.cbpl,1,0,0,0.231,
/datadrive/gpurepair/Toolchain/testsuite/OpenCL/global_size/simple/kernel.cbpl,1,2,0,0.329,
/datadrive/gpurepair/Toolchain/testsuite/OpenCL/globalarray/pass/kernel.cbpl,1,3,0,0.4,
/datadrive/gpurepair/Toolchain/testsuite/OpenCL/globalarray/pass2/kernel.cbpl,1,3,0,0.32,
/datadrive/gpurepair/Toolchain/testsuite/OpenCL/imagetests/testsampler/kernel.cbpl,1,4,0,0.289,
/datadrive/gpurepair/Toolchain/testsuite/OpenCL/imagetests/testsampler3/kernel.cbpl,1,0,0,0.266,
/datadrive/gpurepair/Toolchain/testsuite/OpenCL/imagetests/test2dimagecopy/kernel.cbpl,1,8,0,0.45,
/datadrive/gpurepair/Toolchain/testsuite/OpenCL/imagetests/testsampler2/kernel.cbpl,1,4,0,0.29,
/datadrive/gpurepair/Toolchain/testsuite/OpenCL/induction_variable/kernel.cbpl,1,2,0,0.313,
/datadrive/gpurepair/Toolchain/testsuite/OpenCL/inference_tests/enabled_invariant/kernel.cbpl,1,0,0,0.282,
/datadrive/gpurepair/Toolchain/testsuite/OpenCL/inference_tests/lower_bound/kernel.cbpl,1,0,0,0.244,
/datadrive/gpurepair/Toolchain/testsuite/OpenCL/inference_tests/strided_invariant/kernel.cbpl,1,0,0,0.262,
/datadrive/gpurepair/Toolchain/testsuite/OpenCL/inference_tests/strided_invariant_2/kernel.cbpl,1,0,0,0.259,
/datadrive/gpurepair/Toolchain/testsuite/OpenCL/inter_group_and_barrier_flag_tests/fail/bad_read_then_write/kernel.cbpl,4,8,2,0.588,
/datadrive/gpurepair/Toolchain/testsuite/OpenCL/inter_group_and_barrier_flag_tests/fail/bad_write_then_read/kernel.cbpl,2,9,2,0.61,
/datadrive/gpurepair/Toolchain/testsuite/OpenCL/inter_group_and_barrier_flag_tests/pass/local_id_benign_write_write/kernel.cbpl,1,1,0,0.295,
/datadrive/gpurepair/Toolchain/testsuite/OpenCL/inter_group_and_barrier_flag_tests/pass/local_barrier_flag/kernel.cbpl,2,2,0,0.419,
/datadrive/gpurepair/Toolchain/testsuite/OpenCL/inter_group_and_barrier_flag_tests/pass/global_barrier/kernel.cbpl,4,4,0,0.62,
/datadrive/gpurepair/Toolchain/testsuite/OpenCL/inter_group_and_barrier_flag_tests/pass/pass_due_to_intra_group_flag/kernel.cbpl,1,1,0,0.279,
/datadrive/gpurepair/Toolchain/testsuite/OpenCL/k-induction/alldifferent/kernel.cbpl,1,0,0,0.277,
/datadrive/gpurepair/Toolchain/testsuite/OpenCL/inter_group_and_barrier_flag_tests/pass/sync_within_group/kernel.cbpl,4,4,0,0.603,
/datadrive/gpurepair/Toolchain/testsuite/OpenCL/inter_group_and_barrier_flag_tests/pass/read_then_write/kernel.cbpl,4,9,2,0.668,
/datadrive/gpurepair/Toolchain/testsuite/OpenCL/inter_group_and_barrier_flag_tests/pass/write_then_read/kernel.cbpl,2,9,0,0.632,
/datadrive/gpurepair/Toolchain/testsuite/OpenCL/leftshiftequals/kernel.cbpl,1,0,0,0.231,
/datadrive/gpurepair/Toolchain/testsuite/OpenCL/localmultidimarraydecl/kernel.cbpl,1,0,0,0.234,
/datadrive/gpurepair/Toolchain/testsuite/OpenCL/mem_fence/kernel.cbpl,1,0,0,0.263,
/datadrive/gpurepair/Toolchain/testsuite/OpenCL/localarrayaccess/kernel.cbpl,2,2,0,0.389,
/datadrive/gpurepair/Toolchain/testsuite/OpenCL/misc/fail/2d_array_race/kernel.cbpl,4,6,2,1.915,
/datadrive/gpurepair/Toolchain/testsuite/OpenCL/barrier_intervals/test4/kernel.cbpl,36,15,5,25.429,
/datadrive/gpurepair/Toolchain/testsuite/OpenCL/misc/fail/miscfail6/kernel.cbpl,2,3,1,0.425,
/datadrive/gpurepair/Toolchain/testsuite/OpenCL/misc/fail/miscfail8/kernel.cbpl,2,2,1,0.378,
/datadrive/gpurepair/Toolchain/testsuite/OpenCL/async_work_group_copy/pass/test4/kernel.cbpl,4,21,0,49.421,
/datadrive/gpurepair/Toolchain/testsuite/OpenCL/misc/pass/misc1/kernel.cbpl,1,3,0,0.308,
/datadrive/gpurepair/Toolchain/testsuite/OpenCL/misc/pass/misc10/kernel.cbpl,1,1,0,0.262,
/datadrive/gpurepair/Toolchain/testsuite/OpenCL/misc/pass/misc11/kernel.cbpl,1,1,1,0.264,
/datadrive/gpurepair/Toolchain/testsuite/OpenCL/misc/pass/misc12/kernel.cbpl,2,1,1,0.327,
/datadrive/gpurepair/Toolchain/testsuite/OpenCL/misc/pass/misc13/kernel.cbpl,1,4,0,0.295,
/datadrive/gpurepair/Toolchain/testsuite/OpenCL/misc/pass/misc15/kernel.cbpl,1,3,0,0.291,
/datadrive/gpurepair/Toolchain/testsuite/OpenCL/misc/pass/misc17/kernel.cbpl,1,0,0,0.25,
/datadrive/gpurepair/Toolchain/testsuite/OpenCL/misc/pass/misc16/kernel.cbpl,1,12,0,0.429,
/datadrive/gpurepair/Toolchain/testsuite/OpenCL/misc/pass/misc19/kernel.cbpl,1,0,0,0.245,
/datadrive/gpurepair/Toolchain/testsuite/OpenCL/misc/pass/misc18/kernel.cbpl,1,4,1,0.315,
/datadrive/gpurepair/Toolchain/testsuite/OpenCL/misc/pass/misc14/kernel.cbpl,1,22,0,0.617,
/datadrive/gpurepair/Toolchain/testsuite/OpenCL/misc/pass/misc4/kernel.cbpl,1,0,0,0.23,
/datadrive/gpurepair/Toolchain/testsuite/OpenCL/misc/pass/misc3/kernel.cbpl,1,0,0,0.295,
/datadrive/gpurepair/Toolchain/testsuite/OpenCL/misc/pass/misc2/kernel.cbpl,4,6,2,0.696,
/datadrive/gpurepair/Toolchain/testsuite/OpenCL/misc/pass/misc5/kernel.cbpl,1,16,0,0.296,
/datadrive/gpurepair/Toolchain/testsuite/OpenCL/modifyparam/kernel.cbpl,1,0,0,0.226,
/datadrive/gpurepair/Toolchain/testsuite/OpenCL/misc/fail/miscfail1/kernel.cbpl,12,5,2,6.319,
/datadrive/gpurepair/Toolchain/testsuite/OpenCL/multidimarrays/test1/kernel.cbpl,1,1,0,0.264,
/datadrive/gpurepair/Toolchain/testsuite/OpenCL/misc/pass/misc9/kernel.cbpl,1,0,0,0.278,
/datadrive/gpurepair/Toolchain/testsuite/OpenCL/misc/pass/misc8/kernel.cbpl,1,1,0,0.302,
/datadrive/gpurepair/Toolchain/testsuite/OpenCL/misc/pass/misc6/kernel.cbpl,1,9,0,0.606,
/datadrive/gpurepair/Toolchain/testsuite/OpenCL/multidimarrays/test2/kernel.cbpl,1,1,0,0.285,
/datadrive/gpurepair/Toolchain/testsuite/OpenCL/misc/pass/misc7/kernel.cbpl,3,12,0,0.984,
/datadrive/gpurepair/Toolchain/testsuite/OpenCL/multidimarrays/test3/kernel.cbpl,1,1,0,0.296,
/datadrive/gpurepair/Toolchain/testsuite/OpenCL/multidimarrays/test4/kernel.cbpl,1,1,0,0.316,
/datadrive/gpurepair/Toolchain/testsuite/OpenCL/multiplelocals/kernel.cbpl,1,0,0,0.254,
/datadrive/gpurepair/Toolchain/testsuite/OpenCL/multiplelocals2/kernel.cbpl,1,0,0,0.251,
/datadrive/gpurepair/Toolchain/testsuite/OpenCL/multidimarrays/test5/kernel.cbpl,1,2,0,0.293,
/datadrive/gpurepair/Toolchain/testsuite/OpenCL/notunaryoptest/kernel.cbpl,1,0,0,0.25,
/datadrive/gpurepair/Toolchain/testsuite/OpenCL/nonterminating/kernel.cbpl,1,0,0,0.242,
/datadrive/gpurepair/Toolchain/testsuite/OpenCL/no_log/pass/kernel.cbpl,1,1,0,0.295,
/datadrive/gpurepair/Toolchain/testsuite/OpenCL/notunaryoptest2/kernel.cbpl,1,0,0,0.254,
/datadrive/gpurepair/Toolchain/testsuite/OpenCL/k-induction/amazingreduction/kernel.cbpl,4,8,2,12.52,
/datadrive/gpurepair/Toolchain/testsuite/OpenCL/noraceduetoreturn/kernel.cbpl,2,2,0,0.419,
/datadrive/gpurepair/Toolchain/testsuite/OpenCL/null_pointers/non_null_pointer_assignment_2/kernel.cbpl,1,6,0,0.314,
/datadrive/gpurepair/Toolchain/testsuite/CUDASamples/6_Advanced_shfl_scan_shfl_scan_test/kernel.cbpl,30,15,2,131.405,
/datadrive/gpurepair/Toolchain/testsuite/OpenCL/null_statement/kernel.cbpl,1,0,0,0.24,
/datadrive/gpurepair/Toolchain/testsuite/OpenCL/pointeranalysistests/testbasicpointerarithmetic2/kernel.cbpl,1,3,0,0.324,
/datadrive/gpurepair/Toolchain/testsuite/OpenCL/pointeranalysistests/testbasicpointerarithmetic/kernel.cbpl,1,3,0,0.345,
/datadrive/gpurepair/Toolchain/testsuite/OpenCL/pointeranalysistests/testbasicaliasing/kernel.cbpl,1,7,1,0.41,
/datadrive/gpurepair/Toolchain/testsuite/OpenCL/pointeranalysistests/testbasicaliasing2/kernel.cbpl,1,7,1,0.363,
/datadrive/gpurepair/Toolchain/testsuite/OpenCL/pointertests/pointerarith/kernel.cbpl,1,0,0,0.243,
/datadrive/gpurepair/Toolchain/testsuite/OpenCL/pointeranalysistests/manyproceduresinlined/kernel.cbpl,1,14,0,0.85,
/datadrive/gpurepair/Toolchain/testsuite/OpenCL/pointertests/param_addressof/kernel.cbpl,2,4,0,0.478,
/datadrive/gpurepair/Toolchain/testsuite/OpenCL/pointertests/test_dereference_address_of/kernel.cbpl,1,0,0,0.245,
/datadrive/gpurepair/Toolchain/testsuite/OpenCL/pointeranalysistests/testinterprocedural/kernel.cbpl,1,6,0,0.378,
/datadrive/gpurepair/Toolchain/testsuite/OpenCL/pointertests/test_derived_from_binomial_opts/kernel.cbpl,1,0,0,0.25,
/datadrive/gpurepair/Toolchain/testsuite/OpenCL/pointeranalysistests/testinterprocedural_inlined/kernel.cbpl,1,7,1,0.342,
/datadrive/gpurepair/Toolchain/testsuite/OpenCL/pointertests/test_copy_between_memory_spaces/kernel.cbpl,3,5,2,0.481,
/datadrive/gpurepair/Toolchain/testsuite/OpenCL/pointeranalysistests/testinterprocedural2/kernel.cbpl,1,7,1,0.409,
/datadrive/gpurepair/Toolchain/testsuite/OpenCL/pointertests/test_copy_between_memory_spaces2/kernel.cbpl,2,6,2,0.427,
/datadrive/gpurepair/Toolchain/testsuite/OpenCL/pointertests/test_opencl_local_array/kernel.cbpl,1,0,0,0.257,
/datadrive/gpurepair/Toolchain/testsuite/OpenCL/pointertests/test_opencl_local_param/kernel.cbpl,1,0,0,0.244,
/datadrive/gpurepair/Toolchain/testsuite/OpenCL/pointertests/test_pass_value_from_array/kernel.cbpl,1,1,0,0.303,
/datadrive/gpurepair/Toolchain/testsuite/OpenCL/pointertests/test_return_pointer/kernel.cbpl,1,1,0,0.369,
/datadrive/gpurepair/Toolchain/testsuite/OpenCL/privatememoryaccess/privatevariabletest2/kernel.cbpl,1,0,0,0.254,
/datadrive/gpurepair/Toolchain/testsuite/OpenCL/pow2/64bit_loopcounter/kernel.cbpl,1,2,0,0.334,
/datadrive/gpurepair/Toolchain/testsuite/OpenCL/privatememoryaccess/privatearraytest/kernel.cbpl,1,2,1,0.287,
/datadrive/gpurepair/Toolchain/testsuite/OpenCL/predicated_undef/kernel.cbpl,2,2,0,0.391,
/datadrive/gpurepair/Toolchain/testsuite/OpenCL/privatememoryaccess/privatevariabletest/kernel.cbpl,1,2,0,0.305,
/datadrive/gpurepair/Toolchain/testsuite/OpenCL/reducedstrength_generalised/kernel.cbpl,1,3,0,0.314,
/datadrive/gpurepair/Toolchain/testsuite/OpenCL/return_tests/id_dependent_return/kernel.cbpl,1,0,0,0.245,
/datadrive/gpurepair/Toolchain/testsuite/OpenCL/return_tests/simple_return/kernel.cbpl,1,0,0,0.258,
/datadrive/gpurepair/Toolchain/testsuite/OpenCL/return_tests/multiloop_return_simplified/kernel.cbpl,1,0,0,0.262,
/datadrive/gpurepair/Toolchain/testsuite/OpenCL/rightshiftequals/kernel.cbpl,1,0,0,0.242,
/datadrive/gpurepair/Toolchain/testsuite/OpenCL/return_tests/multiloop_return/kernel.cbpl,1,0,0,0.317,
/datadrive/gpurepair/Toolchain/testsuite/OpenCL/saturate/sadd/kernel.cbpl,1,3,0,0.34,
/datadrive/gpurepair/Toolchain/testsuite/OpenCL/saturate/ssub/kernel.cbpl,1,3,0,0.316,
/datadrive/gpurepair/Toolchain/testsuite/OpenCL/saturate/uadd/kernel.cbpl,1,3,0,0.309,
/datadrive/gpurepair/Toolchain/testsuite/OpenCL/saturate/usub/kernel.cbpl,1,3,0,0.317,
/datadrive/gpurepair/Toolchain/testsuite/OpenCL/simpleparampassing/kernel.cbpl,1,0,0,0.272,
/datadrive/gpurepair/Toolchain/testsuite/OpenCL/shuffle/shuffle/kernel.cbpl,1,8,0,0.52,
/datadrive/gpurepair/Toolchain/testsuite/OpenCL/simpleprocedurecall/kernel.cbpl,1,0,0,0.267,
/datadrive/gpurepair/Toolchain/testsuite/OpenCL/simplereturn/kernel.cbpl,1,0,0,0.27,
/datadrive/gpurepair/Toolchain/testsuite/OpenCL/shuffle/shuffle2/kernel.cbpl,1,16,0,0.765,
/datadrive/gpurepair/Toolchain/testsuite/OpenCL/skeletonbinomialoptions/kernel.cbpl,1,3,3,0.281,
/datadrive/gpurepair/Toolchain/testsuite/OpenCL/sourcelocation_tests/barrier_divergence/fail/kernel.cbpl,2,2,1,0.403,
/datadrive/gpurepair/Toolchain/testsuite/OpenCL/sourcelocation_tests/ensures/pass/kernel.cbpl,1,0,0,0.28,
/datadrive/gpurepair/Toolchain/testsuite/OpenCL/sourcelocation_tests/barrier_divergence/pass/kernel.cbpl,1,2,1,0.301,
/datadrive/gpurepair/Toolchain/testsuite/OpenCL/sourcelocation_tests/loop_invariant/pass/kernel.cbpl,1,0,0,0.252,
/datadrive/gpurepair/Toolchain/testsuite/OpenCL/sourcelocation_tests/needs_source_location_ensures/kernel.cbpl,2,2,0,0.44,
/datadrive/gpurepair/Toolchain/testsuite/OpenCL/sourcelocation_tests/race_from_bodiless_call/kernel.cbpl,2,1,1,0.401,
/datadrive/gpurepair/Toolchain/testsuite/OpenCL/sourcelocation_tests/needs_source_location_requires/kernel.cbpl,2,3,0,0.451,
/datadrive/gpurepair/Toolchain/testsuite/OpenCL/sourcelocation_tests/races/fail/write_read/kernel.cbpl,2,3,1,0.424,
/datadrive/gpurepair/Toolchain/testsuite/OpenCL/sourcelocation_tests/races/fail/read_write/kernel.cbpl,2,3,1,0.476,
/datadrive/gpurepair/Toolchain/testsuite/OpenCL/sourcelocation_tests/race_from_call/kernel.cbpl,2,2,1,0.47,
/datadrive/gpurepair/Toolchain/testsuite/OpenCL/sourcelocation_tests/race_with_loop/kernel.cbpl,2,4,1,0.448,
/datadrive/gpurepair/Toolchain/testsuite/OpenCL/sourcelocation_tests/race_from_call_in_loop/kernel.cbpl,2,3,1,0.462,
/datadrive/gpurepair/Toolchain/testsuite/OpenCL/sourcelocation_tests/races/pass/no_race/kernel.cbpl,2,6,0,0.606,
/datadrive/gpurepair/Toolchain/testsuite/OpenCL/sourcelocation_tests/races/pass/read_read/kernel.cbpl,1,4,0,0.323,
/datadrive/gpurepair/Toolchain/testsuite/OpenCL/sourcelocation_tests/races/fail/write_write/loop/kernel.cbpl,8,5,2,1.175,
/datadrive/gpurepair/Toolchain/testsuite/OpenCL/pow2/64bit_relational/kernel.cbpl,1,2,0,0.318,
/datadrive/gpurepair/Toolchain/testsuite/OpenCL/test_address_of_bug/kernel.cbpl,1,0,0,0.243,
/datadrive/gpurepair/Toolchain/testsuite/OpenCL/test_binary_stmt/kernel.cbpl,1,0,0,0.256,
/datadrive/gpurepair/Toolchain/testsuite/OpenCL/ternarytest/kernel.cbpl,1,1,0,0.306,
/datadrive/gpurepair/Toolchain/testsuite/OpenCL/ternarytest2/kernel.cbpl,1,1,0,0.297,
/datadrive/gpurepair/Toolchain/testsuite/OpenCL/sourcelocation_tests/races_from_indirect_calls/kernel.cbpl,2,7,1,0.64,
/datadrive/gpurepair/Toolchain/testsuite/OpenCL/test_float_neq/kernel.cbpl,1,0,0,0.24,
/datadrive/gpurepair/Toolchain/testsuite/OpenCL/test_2d_local_index_inference/kernel.cbpl,1,5,0,0.394,
/datadrive/gpurepair/Toolchain/testsuite/OpenCL/test_2d_local_index_inference_2/kernel.cbpl,1,5,0,0.398,
/datadrive/gpurepair/Toolchain/testsuite/OpenCL/test_for_get_group_id/kernel.cbpl,1,2,0,0.306,
/datadrive/gpurepair/Toolchain/testsuite/OpenCL/test_2d_global_index_inference/kernel.cbpl,1,5,0,0.426,
/datadrive/gpurepair/Toolchain/testsuite/OpenCL/test_for_benign_read_write_bug/kernel.cbpl,2,2,1,0.386,
/datadrive/gpurepair/Toolchain/testsuite/OpenCL/test_for_ssa_bug/kernel.cbpl,2,4,1,0.431,
/datadrive/gpurepair/Toolchain/testsuite/OpenCL/test_for_uniformity_bug/kernel.cbpl,1,1,1,0.289,
/datadrive/gpurepair/Toolchain/testsuite/OpenCL/test_inline/kernel.cbpl,1,0,0,0.256,
/datadrive/gpurepair/Toolchain/testsuite/OpenCL/test_global_id_inference/kernel.cbpl,1,5,0,0.388,
/datadrive/gpurepair/Toolchain/testsuite/OpenCL/test_local_id_inference/kernel.cbpl,1,4,0,0.311,
/datadrive/gpurepair/Toolchain/testsuite/OpenCL/test_nooverflowing_add/kernel.cbpl,1,0,0,0.309,
/datadrive/gpurepair/Toolchain/testsuite/OpenCL/test_mod_invariants/global_direct/kernel.cbpl,1,2,0,0.355,
/datadrive/gpurepair/Toolchain/testsuite/OpenCL/test_nooverflowing_add_predicate/kernel.cbpl,1,0,0,0.362,
/datadrive/gpurepair/Toolchain/testsuite/OpenCL/test_mod_invariants/local_direct/kernel.cbpl,1,4,0,0.329,
/datadrive/gpurepair/Toolchain/testsuite/OpenCL/test_part_load_store/load_ptr_and_int/kernel.cbpl,1,4,0,0.346,
/datadrive/gpurepair/Toolchain/testsuite/OpenCL/test_nooverflowing_add_signed/kernel.cbpl,1,0,0,0.273,
/datadrive/gpurepair/Toolchain/testsuite/OpenCL/test_line_number_problem/kernel.cbpl,5,7,3,1.156,
/datadrive/gpurepair/Toolchain/testsuite/OpenCL/test_mod_invariants/local_reduce_strength/kernel.cbpl,1,4,0,0.382,
/datadrive/gpurepair/Toolchain/testsuite/OpenCL/test_part_load_store/load_ptr_and_short2/kernel.cbpl,1,8,0,0.365,
/datadrive/gpurepair/Toolchain/testsuite/OpenCL/test_part_load_store/store_int_and_short/kernel.cbpl,1,3,0,0.309,
/datadrive/gpurepair/Toolchain/testsuite/OpenCL/test_part_load_store/load_ptr_array_and_int/kernel.cbpl,1,4,0,0.447,
/datadrive/gpurepair/Toolchain/testsuite/OpenCL/test_mod_invariants/global_reduce_strength/kernel.cbpl,1,4,0,0.572,
/datadrive/gpurepair/Toolchain/testsuite/OpenCL/test_part_load_store/store_ptr_and_int/kernel.cbpl,1,2,0,0.328,
/datadrive/gpurepair/Toolchain/testsuite/OpenCL/test_part_load_store/store_ptr_and_short/kernel.cbpl,1,3,0,0.318,
/datadrive/gpurepair/Toolchain/testsuite/OpenCL/test_structs/requires/kernel.cbpl,1,0,0,0.253,
/datadrive/gpurepair/Toolchain/testsuite/OpenCL/test_part_load_store/store_ptr_and_short2/kernel.cbpl,1,4,0,0.337,
/datadrive/gpurepair/Toolchain/testsuite/OpenCL/test_part_load_store/store_ptr_array_and_int/kernel.cbpl,1,2,0,0.394,
/datadrive/gpurepair/Toolchain/testsuite/OpenCL/test_structs/requires_with_store/kernel.cbpl,1,1,0,0.309,
/datadrive/gpurepair/Toolchain/testsuite/OpenCL/test_structs/store_array_element/kernel.cbpl,1,1,0,0.295,
/datadrive/gpurepair/Toolchain/testsuite/OpenCL/test_structs/store_element/kernel.cbpl,1,1,0,0.27,
/datadrive/gpurepair/Toolchain/testsuite/OpenCL/test_structs/store_ptr_array_element/kernel.cbpl,1,1,0,0.298,
/datadrive/gpurepair/Toolchain/testsuite/OpenCL/test_structs/store_ptr_element/kernel.cbpl,1,1,0,0.285,
/datadrive/gpurepair/Toolchain/testsuite/OpenCL/test_structs/store_struct_element/kernel.cbpl,1,1,0,0.304,
/datadrive/gpurepair/Toolchain/testsuite/OpenCL/test_structs/use_array_element/kernel.cbpl,1,1,0,0.306,
/datadrive/gpurepair/Toolchain/testsuite/OpenCL/test_structs/use_element/kernel.cbpl,1,1,0,0.305,
/datadrive/gpurepair/Toolchain/testsuite/OpenCL/test_structs/use_ptr_array_element/kernel.cbpl,1,8,0,0.415,
/datadrive/gpurepair/Toolchain/testsuite/OpenCL/test_structs/use_struct_element/kernel.cbpl,1,1,0,0.307,
/datadrive/gpurepair/Toolchain/testsuite/OpenCL/test_structs/use_ptr_element/kernel.cbpl,1,12,0,0.374,
/datadrive/gpurepair/Toolchain/testsuite/OpenCL/unconstrained_sizes/global_size/kernel.cbpl,1,0,0,0.25,
/datadrive/gpurepair/Toolchain/testsuite/OpenCL/typestest/kernel.cbpl,1,0,0,0.243,
/datadrive/gpurepair/Toolchain/testsuite/OpenCL/test_relational_inference/kernel.cbpl,2,6,0,0.889,
/datadrive/gpurepair/Toolchain/testsuite/CUDASamples/3_Imaging_imageDenoising_imageDenoising_nlm2_kernel/kernel.cbpl,3,56,1,12.335,
/datadrive/gpurepair/Toolchain/testsuite/OpenCL/unconstrained_sizes/num_groups/kernel.cbpl,1,0,0,0.255,
/datadrive/gpurepair/Toolchain/testsuite/OpenCL/unconstrained_sizes/local_size/kernel.cbpl,1,0,0,0.512,
/datadrive/gpurepair/Toolchain/testsuite/OpenCL/unusedreturn/kernel.cbpl,1,0,0,0.275,
/datadrive/gpurepair/Toolchain/testsuite/OpenCL/vectortests/addressofvector/kernel.cbpl,1,0,0,0.295,
/datadrive/gpurepair/Toolchain/testsuite/OpenCL/vectortests/double2simpleaccess/kernel.cbpl,1,0,0,0.23,
/datadrive/gpurepair/Toolchain/testsuite/OpenCL/vectortests/double4simpleaccess/kernel.cbpl,1,0,0,0.242,
/datadrive/gpurepair/Toolchain/testsuite/OpenCL/vectortests/double8simpleaccess/kernel.cbpl,1,0,0,0.23,
/datadrive/gpurepair/Toolchain/testsuite/OpenCL/vectortests/float16simpleaccess/kernel.cbpl,1,0,0,0.262,
/datadrive/gpurepair/Toolchain/testsuite/OpenCL/vectortests/float2simpleaccess/kernel.cbpl,1,0,0,0.248,
/datadrive/gpurepair/Toolchain/testsuite/OpenCL/vectortests/float4simpleaccess/kernel.cbpl,1,0,0,0.268,
/datadrive/gpurepair/Toolchain/testsuite/OpenCL/vectortests/float8simpleaccess/kernel.cbpl,1,0,0,0.239,
/datadrive/gpurepair/Toolchain/testsuite/OpenCL/vectortests/int2simpleaccess/kernel.cbpl,1,0,0,0.261,
/datadrive/gpurepair/Toolchain/testsuite/OpenCL/vectortests/float4arrayaccess/kernel.cbpl,1,14,0,0.479,
/datadrive/gpurepair/Toolchain/testsuite/OpenCL/transitiveclosuresimplified/kernel.cbpl,6,13,3,2.834,
/datadrive/gpurepair/Toolchain/testsuite/OpenCL/vectortests/int3load/kernel.cbpl,1,0,0,0.267,
/datadrive/gpurepair/Toolchain/testsuite/OpenCL/vectortests/int3store/kernel.cbpl,1,0,0,0.263,
/datadrive/gpurepair/Toolchain/testsuite/OpenCL/vectortests/int4initialisation/kernel.cbpl,1,0,0,0.257,
/datadrive/gpurepair/Toolchain/testsuite/OpenCL/vectortests/int_vectors_big_test/kernel.cbpl,1,0,0,0.267,
/datadrive/gpurepair/Toolchain/testsuite/OpenCL/vectortests/int3arrayaccess/kernel.cbpl,1,11,0,0.415,
/datadrive/gpurepair/Toolchain/testsuite/OpenCL/vectortests/select/kernel.cbpl,1,0,0,0.272,
/datadrive/gpurepair/Toolchain/testsuite/OpenCL/transitiveclosuresimplified2/kernel.cbpl,8,13,3,4.128,
/datadrive/gpurepair/Toolchain/testsuite/OpenCL/vectortests/vectorops/kernel.cbpl,1,0,0,0.241,
/datadrive/gpurepair/Toolchain/testsuite/OpenCL/vectortests/test_paren/kernel.cbpl,1,4,0,0.316,
/datadrive/gpurepair/Toolchain/testsuite/OpenCL/vectortests/vectorops2/kernel.cbpl,1,0,0,0.247,
/datadrive/gpurepair/Toolchain/testsuite/OpenCL/vectortests/vectorsplat/kernel.cbpl,1,0,0,0.233,
/datadrive/gpurepair/Toolchain/testsuite/OpenCL/vectortests/vectorswizzle/kernel.cbpl,1,0,0,0.222,
/datadrive/gpurepair/Toolchain/testsuite/OpenCL/vectortests/vectorreturn/kernel.cbpl,1,0,0,0.269,
/datadrive/gpurepair/Toolchain/testsuite/OpenCL/warpsync/2d/kernel.cbpl,1,4,1,0.41,
/datadrive/gpurepair/Toolchain/testsuite/OpenCL/warpsync/broken_shuffle/kernel.cbpl,2,2,1,0.453,
/datadrive/gpurepair/Toolchain/testsuite/OpenCL/warpsync/shuffle/kernel.cbpl,1,2,0,0.346,
/datadrive/gpurepair/Toolchain/testsuite/OpenCL/vectortests/test_mul_add/kernel.cbpl,1,100,0,1.857,
/datadrive/gpurepair/Toolchain/testsuite/OpenCL/vectortests/float4arithmetic/kernel.cbpl,1,92,0,5.08,
/datadrive/gpurepair/Toolchain/testsuite/OpenCL/warpsync/scan_warp/kernel.cbpl,2,20,0,10.671,
/datadrive/gpurepair/Toolchain/testsuite/OpenCL/vectortests/double2arithmetic/kernel.cbpl,1,172,0,15.367,
/datadrive/gpurepair/Toolchain/testsuite/OpenCL/vectortests/float4initialisation/kernel.cbpl,1,588,0,24.384,
/datadrive/gpurepair/Toolchain/testsuite/CUDASamples/6_Advanced_sortingNetworks_bitonicMergeShared/kernel.cbpl,2,28,1,33.636,
