/datadrive/gpurepair/tests/testsuite/CUDA/annotation_tests/test_all/kernel.cbpl,0,0,0.006,1,0.253,1,0.029,1,0,0,,0,0
/datadrive/gpurepair/tests/testsuite/CUDA/always_inline/kernel.cbpl,0,0,0.006,1,0.284,1,0.038,1,0,0,,0,0
/datadrive/gpurepair/tests/testsuite/CUDA/annotation_tests/test_at_most_one/kernel.cbpl,0,0,0.006,1,0.278,1,0.03,1,0,0,,0,0
/datadrive/gpurepair/tests/testsuite/CUDA/annotation_tests/test_assert/kernel.cbpl,0,0,0.007,1,0.304,1,0.026,1,0,0,,0,0
/datadrive/gpurepair/tests/testsuite/CUDA/annotation_tests/test_assume/kernel.cbpl,0,0,0.006,1,0.292,1,0.026,1,0,0,,0,0
/datadrive/gpurepair/tests/testsuite/CUDA/annotation_tests/test_contract/kernel.cbpl,0,0,0.006,1,0.29,1,0.027,1,0,0,,0,0
/datadrive/gpurepair/tests/testsuite/CUDA/align/kernel.cbpl,0,0,0.006,1,0.317,1,0.027,1,2,0,,0,0
/datadrive/gpurepair/tests/testsuite/Bugged/unnecessary_barrier/kernel.cbpl,0,0,0.006,1,0.325,1,0.033,1,2,1,,0,0
/datadrive/gpurepair/tests/testsuite/CUDA/annotation_tests/test_axiom/kernel.cbpl,0,0,0.006,1,0.312,1,0.026,1,2,0,,0,0
/datadrive/gpurepair/tests/testsuite/CUDA/annotation_tests/test_distinct/kernel.cbpl,0,0,0.006,1,0.272,1,0.029,1,0,0,,0,0
/datadrive/gpurepair/tests/testsuite/Bugged/race_writeread/kernel.cbpl,0,0,0.01,2,0.422,2,0.036,1,2,1,,0,0
/datadrive/gpurepair/tests/testsuite/Bugged/race/kernel.cbpl,0,0,0.01,2,0.41,2,0.04,1,2,1,,0,0
/datadrive/gpurepair/tests/testsuite/Bugged/single_line_race/kernel.cbpl,0,0,0.01,2,0.423,2,0.041,1,2,1,,0,0
/datadrive/gpurepair/tests/testsuite/Bugged/unrepairable/kernel.cbpl,0.023,1,0.01,4,0.518,3,0,0,3,,The program could not be repaired because of unsatisfiable clauses!,0,0
/datadrive/gpurepair/tests/testsuite/Bugged/divergence/kernel.cbpl,0.023,1,0.01,4,0.543,3,0,0,3,,The program could not be repaired because of unsatisfiable clauses!,0,0
/datadrive/gpurepair/tests/testsuite/Bugged/multiple_race/kernel.cbpl,0,0,0.019,4,0.622,4,0.031,1,4,2,,0,0
/datadrive/gpurepair/tests/testsuite/CUDA/annotation_tests/test_enabled_and_uniform/kernel.cbpl,0,0,0.006,1,0.247,1,0.028,1,0,0,,0,0
/datadrive/gpurepair/tests/testsuite/CUDA/annotation_tests/test_ensures/kernel.cbpl,0,0,0.006,1,0.303,1,0.028,1,0,0,,0,0
/datadrive/gpurepair/tests/testsuite/CUDA/annotation_tests/test_for_loop_invariant/kernel.cbpl,0,0,0.006,1,0.282,1,0.028,1,0,0,,0,0
/datadrive/gpurepair/tests/testsuite/CUDA/annotation_tests/test_norace/kernel.cbpl,0,0,0.006,1,0.279,1,0.028,1,0,0,,0,0
/datadrive/gpurepair/tests/testsuite/CUDA/annotation_tests/test_no_readwrite/kernel.cbpl,0,0,0.006,1,0.273,1,0.027,1,0,0,,0,0
/datadrive/gpurepair/tests/testsuite/CUDA/argument_promotion/kernel.cbpl,0,0,0.006,1,0.279,1,0.028,1,3,0,,0,0
/datadrive/gpurepair/tests/testsuite/CUDA/annotation_tests/test_requires/kernel.cbpl,0,0,0.006,1,0.28,1,0.027,1,0,0,,0,0
/datadrive/gpurepair/tests/testsuite/CUDA/atomics/device_global/kernel.cbpl,0,0,0.006,1,0.27,1,0.027,1,1,0,,0,0
/datadrive/gpurepair/tests/testsuite/CUDA/atomics/add_one/kernel.cbpl,0,0,0.006,1,0.298,1,0.032,1,2,0,,0,0
/datadrive/gpurepair/tests/testsuite/CUDA/annotation_tests/test_while_loop_invariant/kernel.cbpl,0,0,0.006,1,0.257,1,0.028,1,0,0,,0,0
/datadrive/gpurepair/tests/testsuite/CUDA/atomics/add_tid/kernel.cbpl,0,0,0.006,1,0.368,1,0,0,2,,Encountered a counterexample without any barrier assignments!,0,0
/datadrive/gpurepair/tests/testsuite/CUDA/atomics/add_zero/kernel.cbpl,0,0,0.007,1,0.338,1,0,0,2,,Encountered a counterexample without any barrier assignments!,0,0
/datadrive/gpurepair/tests/testsuite/CUDA/atomics/pointer_add/kernel.cbpl,0,0,0.006,1,0.286,1,0.028,1,4,0,,0,0
/datadrive/gpurepair/tests/testsuite/CUDA/barrierconditionalkernelparam/kernel.cbpl,0,0,0.006,1,0.264,1,0.027,1,1,1,,0,0
/datadrive/gpurepair/tests/testsuite/CUDA/atomics/definitions/kernel.cbpl,0,0,0.006,1,0.439,1,0.029,1,30,0,,0,0
/datadrive/gpurepair/tests/testsuite/CUDA/atomics/test_abstraction_enforced/kernel.cbpl,0,0,0.012,2,0.656,3,0,0,5,,Assertions do not hold!,0,0
/datadrive/gpurepair/tests/testsuite/CUDA/basic1/kernel.cbpl,0,0,0.006,1,0.254,1,0.027,1,0,0,,0,0
/datadrive/gpurepair/tests/testsuite/CUDA/casttofloat/kernel.cbpl,0,0,0.007,1,0.253,1,0.027,1,0,0,,0,0
/datadrive/gpurepair/tests/testsuite/CUDA/basicbarrier/kernel.cbpl,0,0,0.006,1,0.255,1,0.027,1,1,1,,0,0
/datadrive/gpurepair/tests/testsuite/CUDA/cuda_arch/kernel.cbpl,0,0,0.006,1,0.235,1,0.029,1,0,0,,0,0
/datadrive/gpurepair/tests/testsuite/CUDA/basicglobalarray/kernel.cbpl,0,0,0.006,1,0.297,1,0.029,1,1,0,,0,0
/datadrive/gpurepair/tests/testsuite/CUDA/curand_tests/pass/curand/kernel.cbpl,0,0,0.006,1,0.319,1,0.027,1,3,0,,0,0
/datadrive/gpurepair/tests/testsuite/CUDA/ctimeslid/kernel.cbpl,0,0,0.006,1,0.366,1,0.028,1,2,0,,0,0
/datadrive/gpurepair/tests/testsuite/CUDA/curand_tests/pass/curand_mtgp32/kernel.cbpl,0,0,0.006,1,0.34,1,0.028,1,3,0,,0,0
/datadrive/gpurepair/tests/testsuite/CUDA/fail_tests/race_on_shared/kernel.cbpl,0,0,0.006,1,0.368,1,0,0,1,,Encountered a counterexample without any barrier assignments!,0,0
/datadrive/gpurepair/tests/testsuite/CUDA/ctimesgid/kernel.cbpl,0,0,0.006,1,0.385,1,0.028,1,2,0,,0,0
/datadrive/gpurepair/tests/testsuite/CUDA/floatcastrequired/kernel.cbpl,0,0,0.006,1,0.26,1,0.03,1,0,0,,0,0
/datadrive/gpurepair/tests/testsuite/CUDA/curand_tests/fail/curand_race/kernel.cbpl,0,0,0.013,6,0.696,6,0,0,3,,Encountered a counterexample without any barrier assignments!,0,0
/datadrive/gpurepair/tests/testsuite/CUDA/curand_tests/fail/curand_mtgp32_block_race/kernel.cbpl,0.021,1,0.015,4,0.723,3,0,0,4,,The program could not be repaired because of unsatisfiable clauses!,0,0
/datadrive/gpurepair/tests/testsuite/CUDA/fail_tests/shared_int/kernel.cbpl,0,0,0.006,1,0.336,1,0,0,1,,Encountered a counterexample without any barrier assignments!,0,0
/datadrive/gpurepair/tests/testsuite/CUDA/curand_tests/fail/curand_mtgp32_race/kernel.cbpl,0,0,0.014,8,0.862,8,0,0,3,,Encountered a counterexample without any barrier assignments!,0,0
/datadrive/gpurepair/tests/testsuite/CUDA/floatrelationalop/kernel.cbpl,0,0,0.006,1,0.238,1,0.028,1,0,0,,0,0
/datadrive/gpurepair/tests/testsuite/CUDA/fresh_arrays/fail/array/kernel.cbpl,0,0,0.006,1,0.329,1,0,0,1,,Encountered a counterexample without any barrier assignments!,0,0
/datadrive/gpurepair/tests/testsuite/CUDA/fresh_arrays/fail/inherit/kernel.cbpl,0,0,0.006,1,0.363,1,0,0,1,,Encountered a counterexample without any barrier assignments!,0,0
/datadrive/gpurepair/tests/testsuite/CUDA/fresh_arrays/fail/struct_char/kernel.cbpl,0,0,0.006,1,0.345,1,0,0,1,,Encountered a counterexample without any barrier assignments!,0,0
/datadrive/gpurepair/tests/testsuite/CUDA/fresh_arrays/fail/struct_float/kernel.cbpl,0,0,0.006,1,0.337,1,0,0,1,,Encountered a counterexample without any barrier assignments!,0,0
/datadrive/gpurepair/tests/testsuite/CUDA/fresh_arrays/pass/array/kernel.cbpl,0,0,0.006,1,0.295,1,0.027,1,1,0,,0,0
/datadrive/gpurepair/tests/testsuite/CUDA/fresh_arrays/fail/struct_nested/kernel.cbpl,0,0,0.006,1,0.37,1,0,0,1,,Encountered a counterexample without any barrier assignments!,0,0
/datadrive/gpurepair/tests/testsuite/CUDA/fresh_arrays/pass/struct_char/kernel.cbpl,0,0,0.008,1,0.302,1,0.028,1,1,0,,0,0
/datadrive/gpurepair/tests/testsuite/CUDA/fresh_arrays/pass/inherit/kernel.cbpl,0,0,0.006,1,0.306,1,0.027,1,1,0,,0,0
/datadrive/gpurepair/tests/testsuite/CUDA/fresh_arrays/pass/struct_float/kernel.cbpl,0,0,0.006,1,0.291,1,0.027,1,1,0,,0,0
/datadrive/gpurepair/tests/testsuite/CUDA/function_pointers/basic_argument_pass/kernel.cbpl,0,0,0.01,2,0.454,2,0.034,1,2,0,,0,0
/datadrive/gpurepair/tests/testsuite/CUDA/function_pointers/basic_argument_fail/kernel.cbpl,0,0,0.01,2,0.539,3,0,0,2,,Assertions do not hold!,0,0
/datadrive/gpurepair/tests/testsuite/CUDA/function_pointers/basic_assignment_fail/kernel.cbpl,0,0,0.01,2,0.545,3,0,0,2,,Assertions do not hold!,0,0
/datadrive/gpurepair/tests/testsuite/CUDA/function_pointers/basic_assignment_pass/kernel.cbpl,0,0,0.011,2,0.449,2,0.036,1,2,0,,0,0
/datadrive/gpurepair/tests/testsuite/CUDA/function_pointers/basic_statement/kernel.cbpl,0,0,0.006,1,0.419,1,0.028,1,4,0,,0,0
/datadrive/gpurepair/tests/testsuite/CUDA/curand_tests/fail/init_race/kernel.cbpl,0.022,1,0.015,11,3.802,10,0,0,6,,The program could not be repaired because of unsatisfiable clauses!,0,0
/datadrive/gpurepair/tests/testsuite/CUDA/function_pointers/constant_value/kernel.cbpl,0,0,0.006,1,0.416,2,0,0,2,,Assertions do not hold!,0,0
/datadrive/gpurepair/tests/testsuite/CUDA/function_pointers/check_return_value/kernel.cbpl,0,0,0.006,1,0.84,2,0,0,2,0,,0,0
/datadrive/gpurepair/tests/testsuite/CUDA/function_pointers/funcptr_lt/kernel.cbpl,0,0,0.009,2,0.467,2,0.037,1,2,0,,0,0
/datadrive/gpurepair/tests/testsuite/CUDA/function_pointers/pass_struct/requires/kernel.cbpl,0,0,0.006,1,0.3,1,0.027,1,0,0,,0,0
/datadrive/gpurepair/tests/testsuite/CUDA/function_pointers/funcptr_to_ptr/kernel.cbpl,0,0,0.009,2,0.504,2,0.035,1,2,0,,0,0
/datadrive/gpurepair/tests/testsuite/CUDA/function_pointers/funcptr_to_ptr_add/kernel.cbpl,0,0,0.01,2,0.609,3,0,0,2,,Assertions do not hold!,0,0
/datadrive/gpurepair/tests/testsuite/CUDA/inheritance_struct_simplify/direct/kernel.cbpl,0,0,0.006,1,0.245,1,0.028,1,0,0,,0,0
/datadrive/gpurepair/tests/testsuite/CUDA/function_pointers/return_value/kernel.cbpl,0,0,0.01,2,0.485,2,0.039,1,2,0,,0,0
/datadrive/gpurepair/tests/testsuite/CUDA/inheritance_struct_simplify/indirect/kernel.cbpl,0,0,0.006,1,0.243,1,0.032,1,0,0,,0,0
/datadrive/gpurepair/tests/testsuite/CUDA/function_pointers/pass_struct/call/kernel.cbpl,0,0,0.01,2,0.847,3,0,0,12,,Assertions do not hold!,0,0
/datadrive/gpurepair/tests/testsuite/CUDA/function_pointers/pass_struct/requires_call/kernel.cbpl,0,0,0.01,2,0.685,2,0.034,1,12,0,,0,0
/datadrive/gpurepair/tests/testsuite/CUDA/large_constant_array/kernel.cbpl,0,0,0.006,1,0.285,1,0.027,1,2,0,,0,0
/datadrive/gpurepair/tests/testsuite/CUDA/globalarray/fail/kernel.cbpl,0.026,1,0.01,3,0.441,2,0,0,3,,The program could not be repaired because of unsatisfiable clauses!,0,0
/datadrive/gpurepair/tests/testsuite/CUDA/local2darrayaccess/kernel.cbpl,0,0,0.006,1,0.297,1,0.027,1,1,0,,0,0
/datadrive/gpurepair/tests/testsuite/CUDA/function_pointers/soundness_issue/kernel.cbpl,0,0,0.006,1,0.701,2,0,0,0,,Assertions do not hold!,0,0
/datadrive/gpurepair/tests/testsuite/CUDA/localarrayaccess/kernel.cbpl,0,0,0.01,2,0.403,2,0.033,1,2,0,,0,0
/datadrive/gpurepair/tests/testsuite/CUDA/loop_unwind/kernel.cbpl,0,0,0.006,1,0.358,1,0,0,3,,Encountered a counterexample without any barrier assignments!,0,0
/datadrive/gpurepair/tests/testsuite/CUDA/memcpy/arrayofstruct/kernel.cbpl,0,0,0.006,1,0.307,1,0.027,1,2,0,,0,0
/datadrive/gpurepair/tests/testsuite/CUDA/memcpy/fail_arrayofstruct/kernel.cbpl,0,0,0.014,4,0.532,4,0,0,2,,Encountered a counterexample without any barrier assignments!,0,0
/datadrive/gpurepair/tests/testsuite/CUDA/memcpy/lentoosmall/kernel.cbpl,0,0,0.006,1,0.345,1,0.034,1,8,0,,0,0
/datadrive/gpurepair/tests/testsuite/CUDA/memcpy/null_dst/kernel.cbpl,0,0,0.006,1,0.323,2,0,0,0,,Assertions do not hold!,0,0
/datadrive/gpurepair/tests/testsuite/CUDA/memcpy/null_src/kernel.cbpl,0,0,0.006,1,0.318,2,0,0,0,,Assertions do not hold!,0,0
/datadrive/gpurepair/tests/testsuite/CUDA/memcpy/mismatch/kernel.cbpl,0,0,0.006,1,0.374,1,0.034,1,8,0,,0,0
/datadrive/gpurepair/tests/testsuite/CUDA/memcpy_simplification/array_element_passed_to_call2/kernel.cbpl,0,0,0.006,1,0.27,1,0.028,1,1,0,,0,0
/datadrive/gpurepair/tests/testsuite/CUDA/memcpy_simplification/array_element_passed_to_call1/kernel.cbpl,0,0,0.006,1,0.276,1,0.028,1,1,0,,0,0
/datadrive/gpurepair/tests/testsuite/CUDA/memcpy/lentoobig/kernel.cbpl,0,0,0.014,4,0.864,4,0.031,1,10,1,,0,0
/datadrive/gpurepair/tests/testsuite/CUDA/memcpy_simplification/i8_element_global_passed_to_call1/kernel.cbpl,0,0,0.006,1,0.285,1,0.03,1,1,0,,0,0
/datadrive/gpurepair/tests/testsuite/CUDA/memcpy_simplification/global_passed_to_call/kernel.cbpl,0,0,0.006,1,0.309,1,0.026,1,3,0,,0,0
/datadrive/gpurepair/tests/testsuite/CUDA/memcpy_simplification/i8_element_parameter_passed_to_call/kernel.cbpl,0,0,0.006,1,0.242,1,0.028,1,0,0,,0,0
/datadrive/gpurepair/tests/testsuite/CUDA/memcpy_simplification/i8_element_global_passed_to_call2/kernel.cbpl,0,0,0.006,1,0.268,1,0.028,1,1,0,,0,0
/datadrive/gpurepair/tests/testsuite/CUDA/memcpy_simplification/parameter_passed_to_call/kernel.cbpl,0,0,0.006,1,0.251,1,0.031,1,0,0,,0,0
/datadrive/gpurepair/tests/testsuite/CUDA/memcpy/notexactdiv/kernel.cbpl,0,0,0.014,4,1.183,4,0.03,1,12,1,,0,0
/datadrive/gpurepair/tests/testsuite/CUDA/memcpy_simplification/shared_element_passed_to_call/kernel.cbpl,0,0,0.006,1,0.278,1,0.028,1,1,0,,0,0
/datadrive/gpurepair/tests/testsuite/CUDA/memset/initstruct/kernel.cbpl,0,0,0.006,1,0.326,1,0.028,1,4,0,,0,0
/datadrive/gpurepair/tests/testsuite/CUDA/memset/null_dst/kernel.cbpl,0,0,0.006,1,0.352,2,0,0,0,,Assertions do not hold!,0,0
/datadrive/gpurepair/tests/testsuite/CUDA/memset_simplification/kernel.cbpl,0,0,0.007,1,0.318,1,0.03,1,3,0,,0,0
/datadrive/gpurepair/tests/testsuite/CUDA/misc/fail/miscfail8/kernel.cbpl,0,0,0.007,1,0.328,2,0,0,0,,Assertions do not hold!,0,0
/datadrive/gpurepair/tests/testsuite/CUDA/misc/fail/miscfail5/kernel.cbpl,0,0,0.006,1,0.351,2,0,0,2,,Assertions do not hold!,0,0
/datadrive/gpurepair/tests/testsuite/CUDA/misc/fail/miscfail4/kernel.cbpl,0,0,0.015,2,0.432,2,0.031,1,3,1,,0,0
/datadrive/gpurepair/tests/testsuite/CUDA/misc/fail/miscfail6/kernel.cbpl,0,0,0.007,1,0.383,1,0,0,2,,Encountered a counterexample without any barrier assignments!,0,0
/datadrive/gpurepair/tests/testsuite/CUDA/misc/pass/misc2/kernel.cbpl,0,0,0.006,1,0.314,1,0.034,1,1,0,,0,0
/datadrive/gpurepair/tests/testsuite/CUDA/misc/fail/miscfail3/kernel.cbpl,0,0,0.013,3,0.543,3,0.031,1,3,1,,0,0
/datadrive/gpurepair/tests/testsuite/CUDA/misc/pass/misc3/kernel.cbpl,0,0,0.006,1,0.353,2,0,0,2,,Assertions do not hold!,0,0
/datadrive/gpurepair/tests/testsuite/CUDA/misc/fail/miscfail7/kernel.cbpl,0,0,0.006,1,0.648,2,0,0,4,,Assertions do not hold!,0,0
/datadrive/gpurepair/tests/testsuite/CUDA/misc/pass/misc5/kernel.cbpl,0,0,0.006,1,0.264,1,0.028,1,0,0,,0,0
/datadrive/gpurepair/tests/testsuite/CUDA/misc/pass/misc1/kernel.cbpl,0,0,0.01,2,0.506,2,0.036,1,4,0,,0,0
/datadrive/gpurepair/tests/testsuite/CUDA/misc/pass/misc7/kernel.cbpl,0,0,0.007,1,0.259,1,0.028,1,0,0,,0,0
/datadrive/gpurepair/tests/testsuite/CUDA/misc/pass/misc6/kernel.cbpl,0,0,0.006,1,0.267,1,0.026,1,0,0,,0,0
/datadrive/gpurepair/tests/testsuite/CUDA/misc/pass/misc4/kernel.cbpl,0,0,0.008,1,0.286,1,0.027,1,0,0,,0,0
/datadrive/gpurepair/tests/testsuite/CUDA/multiplelocals/kernel.cbpl,0,0,0.006,1,0.249,1,0.031,1,0,0,,0,0
/datadrive/gpurepair/tests/testsuite/CUDA/nestedinline/kernel.cbpl,0,0,0.006,1,0.242,1,0.029,1,0,0,,0,0
/datadrive/gpurepair/tests/testsuite/CUDA/nonpointerparameter1/kernel.cbpl,0,0,0.006,1,0.242,1,0.026,1,0,0,,0,0
/datadrive/gpurepair/tests/testsuite/CUDA/mul24/kernel.cbpl,0,0,0.006,1,0.307,1,0.028,1,2,0,,0,0
/datadrive/gpurepair/tests/testsuite/CUDA/nonpointerparameter2/kernel.cbpl,0,0,0.006,1,0.269,1,0.027,1,0,0,,0,0
/datadrive/gpurepair/tests/testsuite/CUDA/misc/pass/misc8/kernel.cbpl,0,0,0.006,1,0.442,1,0.028,1,8,0,,0,0
/datadrive/gpurepair/tests/testsuite/CUDA/notunaryoptest/kernel.cbpl,0,0,0.006,1,0.249,1,0.035,1,0,0,,0,0
/datadrive/gpurepair/tests/testsuite/CUDA/param_values/value_in_assert/kernel.cbpl,0,0,0.006,1,0.314,2,0,0,0,,Assertions do not hold!,0,0
/datadrive/gpurepair/tests/testsuite/CUDA/noraceduetoreturn/kernel.cbpl,0,0,0.011,2,0.415,2,0.034,1,2,0,,0,0
/datadrive/gpurepair/tests/testsuite/CUDA/param_values/value_causing_race/kernel.cbpl,0,0,0.016,4,0.608,4,0.029,1,4,1,,0,0
/datadrive/gpurepair/tests/testsuite/CUDA/pointeranalysistests/testinterprocedural/kernel.cbpl,0,0,0.006,1,0.305,1,0.026,1,0,0,,0,0
/datadrive/gpurepair/tests/testsuite/CUDA/pointeranalysistests/testinterprocedural2/kernel.cbpl,0,0,0.006,1,0.316,1,0.031,1,1,0,,0,0
/datadrive/gpurepair/tests/testsuite/CUDA/pointers_in_structs/test1/kernel.cbpl,0,0,0.006,1,0.315,1,0.032,1,1,0,,0,0
/datadrive/gpurepair/tests/testsuite/CUDA/pointeranalysistests/testinterprocedural3/kernel.cbpl,0,0,0.007,1,0.359,1,0.031,1,1,0,,0,0
/datadrive/gpurepair/tests/testsuite/CUDA/pointers_in_structs/test3/kernel.cbpl,0,0,0.006,1,0.352,1,0.03,1,4,0,,0,0
/datadrive/gpurepair/tests/testsuite/CUDA/pointers_in_structs/test2/kernel.cbpl,0,0,0.006,1,0.341,1,0.027,1,4,0,,0,0
/datadrive/gpurepair/tests/testsuite/CUDA/pointertests/scanlargelike/kernel.cbpl,0,0,0.007,1,0.287,1,0.027,1,1,0,,0,0
/datadrive/gpurepair/tests/testsuite/CUDA/pointertests/test1/kernel.cbpl,0,0,0.006,1,0.297,1,0.03,1,1,0,,0,0
/datadrive/gpurepair/tests/testsuite/CUDA/pointertests/test10/kernel.cbpl,0,0,0.006,1,0.309,1,0.026,1,1,0,,0,0
/datadrive/gpurepair/tests/testsuite/CUDA/pointertests/test11/kernel.cbpl,0,0,0.006,1,0.304,1,0.027,1,1,0,,0,0
/datadrive/gpurepair/tests/testsuite/CUDA/pointeranalysistests/testbasicaliasing/kernel.cbpl,0,0,0.014,8,1.881,8,0,0,5,,Encountered a counterexample without any barrier assignments!,0,0
/datadrive/gpurepair/tests/testsuite/CUDA/pointertests/test14/kernel.cbpl,0,0,0.006,1,0.238,1,0.027,1,0,0,,0,0
/datadrive/gpurepair/tests/testsuite/CUDA/pointertests/test13/kernel.cbpl,0,0,0.006,1,0.31,1,0.027,1,1,0,,0,0
/datadrive/gpurepair/tests/testsuite/CUDA/pointertests/test12/kernel.cbpl,0,0,0.006,1,0.337,1,0.028,1,2,0,,0,0
/datadrive/gpurepair/tests/testsuite/CUDA/pointertests/test2/kernel.cbpl,0,0,0.006,1,0.305,1,0.027,1,1,0,,0,0
/datadrive/gpurepair/tests/testsuite/CUDA/pointers_in_structs/test4/kernel.cbpl,0,0,0.006,1,1.076,1,0.03,1,24,0,,0,0
/datadrive/gpurepair/tests/testsuite/CUDA/pointertests/test3/kernel.cbpl,0,0,0.006,1,0.334,1,0.028,1,1,0,,0,0
/datadrive/gpurepair/tests/testsuite/CUDA/memcpy/fail_overstep/kernel.cbpl,0,0,0.014,6,8.786,6,0.032,1,24,1,,0,0
/datadrive/gpurepair/tests/testsuite/CUDA/pointertests/test4/kernel.cbpl,0,0,0.006,1,0.309,1,0.028,1,1,0,,0,0
/datadrive/gpurepair/tests/testsuite/CUDA/pointertests/test7/kernel.cbpl,0,0,0.006,1,0.236,1,0.03,1,0,0,,0,0
/datadrive/gpurepair/tests/testsuite/CUDA/pointertests/test5/kernel.cbpl,0,0,0.007,1,0.32,1,0.033,1,1,0,,0,0
/datadrive/gpurepair/tests/testsuite/CUDA/pointertests/test6/kernel.cbpl,0,0,0.006,1,0.32,1,0.026,1,1,0,,0,0
/datadrive/gpurepair/tests/testsuite/CUDA/pointertests/test8/kernel.cbpl,0,0,0.006,1,0.289,1,0.027,1,1,0,,0,0
/datadrive/gpurepair/tests/testsuite/CUDA/pointertests/test9/kernel.cbpl,0,0,0.006,1,0.306,1,0.028,1,1,0,,0,0
/datadrive/gpurepair/tests/testsuite/CUDA/pointertests/test_bad_pointer_procedure_call/kernel.cbpl,0,0,0.006,1,0.273,1,0.026,1,0,0,,0,0
/datadrive/gpurepair/tests/testsuite/CUDA/pointertests/test_copy_between_memory_spaces/kernel.cbpl,0,0,0.006,1,0.28,1,0.027,1,2,0,,0,0
/datadrive/gpurepair/tests/testsuite/CUDA/pointertests/test_copy_between_pointers/kernel.cbpl,0,0,0.006,1,0.29,1,0.027,1,2,0,,0,0
/datadrive/gpurepair/tests/testsuite/CUDA/predication/test1/kernel.cbpl,0,0,0.006,1,0.266,1,0.028,1,0,0,,0,0
/datadrive/gpurepair/tests/testsuite/CUDA/pointertests/test_pass_value_from_array/kernel.cbpl,0,0,0.006,1,0.282,1,0.025,1,1,0,,0,0
/datadrive/gpurepair/tests/testsuite/CUDA/predication/test2/kernel.cbpl,0,0,0.006,1,0.268,1,0.03,1,0,0,,0,0
/datadrive/gpurepair/tests/testsuite/CUDA/simpleparampassing/kernel.cbpl,0,0,0.006,1,0.273,1,0.026,1,0,0,,0,0
/datadrive/gpurepair/tests/testsuite/CUDA/simplereturn/kernel.cbpl,0,0,0.006,1,0.257,1,0.026,1,0,0,,0,0
/datadrive/gpurepair/tests/testsuite/CUDA/struct/kernel.cbpl,0,0,0.006,1,0.232,1,0.027,1,0,0,,0,0
/datadrive/gpurepair/tests/testsuite/CUDA/reduced_strength_with_requires/kernel.cbpl,0,0,0.006,1,0.371,1,0.028,1,3,0,,0,0
/datadrive/gpurepair/tests/testsuite/CUDA/ternarytest2/kernel.cbpl,0,0,0.006,1,0.277,1,0.027,1,1,0,,0,0
/datadrive/gpurepair/tests/testsuite/CUDA/ternarytest/kernel.cbpl,0,0,0.006,1,0.292,1,0.033,1,1,0,,0,0
/datadrive/gpurepair/tests/testsuite/CUDA/store_in_byval_function/kernel.cbpl,0,0,0.006,1,0.329,1,0.028,1,4,0,,0,0
/datadrive/gpurepair/tests/testsuite/CUDA/test_for_get_group_id/kernel.cbpl,0,0,0.008,1,0.306,1,0.027,1,2,0,,0,0
/datadrive/gpurepair/tests/testsuite/CUDA/threadfence/kernel.cbpl,0,0,0.006,1,0.235,1,0.027,1,0,0,,0,0
/datadrive/gpurepair/tests/testsuite/CUDA/unusedreturn/kernel.cbpl,0,0,0.006,1,0.269,1,0.029,1,0,0,,0,0
/datadrive/gpurepair/tests/testsuite/CUDA/warpsize/kernel.cbpl,0,0,0.006,1,0.279,1,0.028,1,1,0,,0,0
/datadrive/gpurepair/tests/testsuite/CUDA/warpsync/2d/kernel.cbpl,0,0,0.006,1,0.444,1,0.028,1,4,1,,0,0
/datadrive/gpurepair/tests/testsuite/CUDA/warpsync/bad_inter_group/kernel.cbpl,0,0,0.006,1,0.407,1,0,0,3,,Encountered a counterexample without any barrier assignments!,0,0
/datadrive/gpurepair/tests/testsuite/CUDA/warpsync/broken_shuffle/kernel.cbpl,0,0,0.01,2,0.514,2,0.034,1,2,1,,0,0
/datadrive/gpurepair/tests/testsuite/CUDA/warpsync/equality_abstraction_issue/kernel.cbpl,0,0,0.006,1,0.679,2,0,0,7,,Assertions do not hold!,0,0
/datadrive/gpurepair/tests/testsuite/CUDA/warpsync/shuffle/kernel.cbpl,0,0,0.006,1,0.364,1,0.027,1,2,0,,0,0
/datadrive/gpurepair/tests/testsuite/CUDA/reduced_strength_blockwise/kernel.cbpl,0,0,0.01,2,0.794,2,0.035,1,2,0,,0,0
/datadrive/gpurepair/tests/testsuite/CUDA/warpsync/refined_equality_abstraction/kernel.cbpl,0,0,0.006,1,0.532,2,0,0,8,0,,0,0
/datadrive/gpurepair/tests/testsuite/CUDA/transitiveclosure/kernel.cbpl,0,0,0.018,3,1.622,3,0.029,1,13,3,,0,0
/datadrive/gpurepair/tests/testsuite/CUDASamples/2_Graphics_marchingCubes_compactVoxels/kernel.cbpl,0,0,0.011,2,0.636,2,0.045,1,4,0,,0,0
/datadrive/gpurepair/tests/testsuite/CUDA/scope/kernel.cbpl,0,0,0.014,3,1.117,3,0.03,1,8,2,,0,0
/datadrive/gpurepair/tests/testsuite/CUDASamples/2_Graphics_marchingCubes_classifyVoxel/kernel.cbpl,0,0,0.01,2,1.704,2,0.033,1,22,0,,0,0
/datadrive/gpurepair/tests/testsuite/CUDASamples/3_Imaging_dct8x8_CUDAkernelQuantizationFloat/kernel.cbpl,0,0,0.006,1,0.341,1,0.029,1,3,0,,0,0
/datadrive/gpurepair/tests/testsuite/CUDASamples/3_Imaging_dct8x8_CUDAkernelQuantizationShort/kernel.cbpl,0,0,0.006,1,0.474,1,0.031,1,3,1,,0,0
/datadrive/gpurepair/tests/testsuite/CUDASamples/3_Imaging_recursiveGaussian_d_transpose/kernel.cbpl,0,0,0.016,3,0.889,3,0.038,1,6,1,,0,0
/datadrive/gpurepair/tests/testsuite/CUDA/warpsync/scan_warp/kernel.cbpl,0,0,0.01,3,5.071,3,0.038,1,20,0,,0,0
/datadrive/gpurepair/tests/testsuite/CUDASamples/3_Imaging_histogram_mergeHistogram256Kernel/kernel.cbpl,0,0,0.014,7,2.593,7,0.031,1,11,1,,0,0
/datadrive/gpurepair/tests/testsuite/CUDASamples/6_Advanced_reduction_reduce0/kernel.cbpl,0,0,0.014,4,1.775,4,0.031,1,11,1,,0,0
/datadrive/gpurepair/tests/testsuite/CUDASamples/3_Imaging_histogram_mergeHistogram64Kernel/kernel.cbpl,0,0,0.018,9,3.666,9,0.036,1,11,1,,0,0
/datadrive/gpurepair/tests/testsuite/CUDASamples/3_Imaging_dct8x8_CUDAkernel1IDCT/kernel.cbpl,0,0,0.014,4,3.694,4,0.032,1,16,3,,0,0
/datadrive/gpurepair/tests/testsuite/CUDASamples/0_Simple_matrixMul_matrixMul/kernel.cbpl,0,0,0.014,6,6.079,6,0.038,1,9,2,,0,0
/datadrive/gpurepair/tests/testsuite/CUDASamples/6_Advanced_concurrentKernels_sum/kernel.cbpl,0,0,0.014,11,5.523,11,0.032,1,10,1,,0,0
/datadrive/gpurepair/tests/testsuite/CUDASamples/6_Advanced_reduction_reduce3/kernel.cbpl,0,0,0.015,11,4.009,11,0.037,1,12,1,,0,0
/datadrive/gpurepair/tests/testsuite/CUDASamples/6_Advanced_reduction_reduce1/kernel.cbpl,0,0,0.014,8,4.153,8,0.033,1,11,1,,0,0
/datadrive/gpurepair/tests/testsuite/CUDASamples/3_Imaging_dct8x8_CUDAkernel1DCT/kernel.cbpl,0,0,0.015,13,16.555,13,0.033,1,14,2,,0,0
/datadrive/gpurepair/tests/testsuite/CUDASamples/6_Advanced_scan_uniformUpdate/kernel.cbpl,0,0,0.016,3,3.237,3,0.033,1,15,1,,0,0
/datadrive/gpurepair/tests/testsuite/CUDASamples/6_Advanced_shfl_scan_uniform_add/kernel.cbpl,0,0,0.014,3,0.785,3,0.03,1,7,1,,0,0
/datadrive/gpurepair/tests/testsuite/CUDA/pointertests/cast/kernel.cbpl,0,0,0.015,27,28.727,27,0,0,5,,Encountered a counterexample without any barrier assignments!,0,0
/datadrive/gpurepair/tests/testsuite/CUDASamples/6_Advanced_sortingNetworks_bitonicMergeGlobal/kernel.cbpl,0,0,0.006,1,0.548,1,0.028,1,8,0,,0,0
/datadrive/gpurepair/tests/testsuite/CUDASamples/6_Advanced_reduction_reduce2/kernel.cbpl,0,0,0.014,12,9.221,12,0.048,1,12,1,,0,0
/datadrive/gpurepair/tests/testsuite/CUDASamples/6_Advanced_sortingNetworks_oddEvenMergeGlobal/kernel.cbpl,0,0,0.007,1,0.805,1,0.033,1,18,0,,0,0
/datadrive/gpurepair/tests/testsuite/CUDASamples/6_Advanced_transpose_copySharedMem/kernel.cbpl,0,0,0.006,1,0.484,1,0.03,1,10,1,,0,0
/datadrive/gpurepair/tests/testsuite/CUDASamples/6_Advanced_mergeSort_mergeRanksAndIndicesKernel/kernel.cbpl,0,0,0.01,3,3.108,3,0.045,1,18,0,,0,0
/datadrive/gpurepair/tests/testsuite/CUDASamples/6_Advanced_transpose_copy/kernel.cbpl,0,0,0.006,1,0.473,1,0.046,1,4,0,,0,0
/datadrive/gpurepair/tests/testsuite/CUDASamples/6_Advanced_scan_scanExclusiveShared/kernel.cbpl,0,0,0.015,9,17.599,9,0.032,1,15,2,,0,0
/datadrive/gpurepair/tests/testsuite/CUDASamples/6_Advanced_simpleHyperQ_sum/kernel.cbpl,0,0,0.027,11,8.925,11,0.032,1,10,1,,0,0
/datadrive/gpurepair/tests/testsuite/CUDASamples/6_Advanced_mergeSort_generateSampleRanksKernel/kernel.cbpl,0,0,0.01,3,7.564,3,0.035,1,18,0,,0,0
/datadrive/gpurepair/tests/testsuite/CUDASamples/6_Advanced_transpose_transposeCoalesced/kernel.cbpl,0,0,0.015,3,1.821,3,0.035,1,9,3,,0,0
/datadrive/gpurepair/tests/testsuite/CUDASamples/6_Advanced_transpose_transposeDiagonal/kernel.cbpl,0,0,0.016,5,4.099,5,0.039,1,9,3,,0,0
/datadrive/gpurepair/tests/testsuite/CUDASamples/7_CUDALibraries_MC_EstimatePiInlineP_initRNG/kernel.cbpl,0,0,0.006,1,0.32,1,0.028,1,1,0,,0,0
/datadrive/gpurepair/tests/testsuite/CUDASamples/6_Advanced_transpose_transposeNaive/kernel.cbpl,0,0,0.006,1,0.758,1,0.03,1,4,0,,0,0
/datadrive/gpurepair/tests/testsuite/CUDASamples/7_CUDALibraries_MC_SingleAsianOptionP_initRNG/kernel.cbpl,0,0,0.006,1,0.293,1,0.028,1,1,0,,0,0
/datadrive/gpurepair/tests/testsuite/MicroBenchmarks/1-1-If/kernel.cbpl,0,0,0.016,4,0.832,4,0.035,1,5,1,,0,0
/datadrive/gpurepair/tests/testsuite/MicroBenchmarks/1-1-loop-inter/kernel.cbpl,0,0,0.014,3,0.726,3,0.032,1,7,1,,0,0
/datadrive/gpurepair/tests/testsuite/MicroBenchmarks/1-1-loop-intra/kernel.cbpl,0,0,0.015,3,0.73,3,0.046,1,5,1,,0,0
/datadrive/gpurepair/tests/testsuite/MicroBenchmarks/1-1-main/kernel.cbpl,0,0,0.015,2,0.456,2,0.031,1,3,1,,0,0
/datadrive/gpurepair/tests/testsuite/CUDASamples/6_Advanced_transpose_transposeCoarseGrained/kernel.cbpl,0,0,0.006,1,1.781,1,0.028,1,9,2,,0,0
/datadrive/gpurepair/tests/testsuite/MicroBenchmarks/2-1-main/kernel.cbpl,0,0,0.016,2,0.496,2,0.032,1,4,1,,0,0
/datadrive/gpurepair/tests/testsuite/MicroBenchmarks/2-1-loop-d2-intra/kernel.cbpl,0,0,0.016,4,0.765,4,0.031,1,5,1,,0,0
/datadrive/gpurepair/tests/testsuite/CUDASamples/3_Imaging_convolutionSeparable_convolutionRowsKernel/kernel.cbpl,0,0,0.016,4,29.936,4,0.045,1,16,1,,0,0
/datadrive/gpurepair/tests/testsuite/CUDASamples/7_CUDALibraries_MC_SingleAsianOptionP_computeValue/kernel.cbpl,0,0,0.01,2,0.97,2,0.043,1,18,2,,0,0
/datadrive/gpurepair/tests/testsuite/MicroBenchmarks/2-2-loop-both/kernel.cbpl,0,0,0.014,2,0.44,2,0.031,1,3,2,,0,0
/datadrive/gpurepair/tests/testsuite/OpenCL/abstract_add/associativity/kernel.cbpl,0,0,0.006,1,0.269,1,0.029,1,0,0,,0,0
/datadrive/gpurepair/tests/testsuite/OpenCL/abstract_add/associativity_char/kernel.cbpl,0,0,0.006,1,0.242,1,0.027,1,0,0,,0,0
/datadrive/gpurepair/tests/testsuite/OpenCL/abstract_add/associativity_short/kernel.cbpl,0,0,0.006,1,0.264,1,0.028,1,0,0,,0,0
/datadrive/gpurepair/tests/testsuite/MicroBenchmarks/2-2-loop-d2-both/kernel.cbpl,0,0,0.014,6,1.116,6,0.032,1,6,2,,0,0
/datadrive/gpurepair/tests/testsuite/OpenCL/abstract_add/fail_decreasing/kernel.cbpl,0,0,0.006,1,0.298,2,0,0,0,,Assertions do not hold!,0,0
/datadrive/gpurepair/tests/testsuite/OpenCL/abstract_add/increasing/kernel.cbpl,0,0,0.006,1,0.259,1,0.028,1,0,0,,0,0
/datadrive/gpurepair/tests/testsuite/CUDASamples/6_Advanced_transpose_transposeFineGrained/kernel.cbpl,0,0,0.014,4,3.753,4,0.031,1,9,3,,0,0
/datadrive/gpurepair/tests/testsuite/OpenCL/abstract_add/zero/kernel.cbpl,0,0,0.006,1,0.247,1,0.027,1,0,0,,0,0
/datadrive/gpurepair/tests/testsuite/OpenCL/addressofinit/kernel.cbpl,0,0,0.007,1,0.285,1,0.035,1,2,0,,0,0
/datadrive/gpurepair/tests/testsuite/OpenCL/addressofread/kernel.cbpl,0,0,0.006,1,0.289,1,0.027,1,2,0,,0,0
/datadrive/gpurepair/tests/testsuite/OpenCL/alignment/initialisation/kernel.cbpl,0,0,0.007,1,0.294,1,0.028,1,6,0,,0,0
/datadrive/gpurepair/tests/testsuite/OpenCL/alignment/int3int4/kernel.cbpl,0,0,0.006,1,0.334,1,0.029,1,3,0,,0,0
/datadrive/gpurepair/tests/testsuite/OpenCL/always_inline/kernel.cbpl,0,0,0.006,1,0.251,1,0.028,1,0,0,,0,0
/datadrive/gpurepair/tests/testsuite/OpenCL/annotation_tests/fail_assert_false/kernel.cbpl,0,0,0.006,1,0.298,2,0,0,0,,Assertions do not hold!,0,0
/datadrive/gpurepair/tests/testsuite/CUDASamples/6_Advanced_transpose_transposeNoBankConflicts/kernel.cbpl,0,0,0.016,5,3.934,5,0.035,1,9,3,,0,0
/datadrive/gpurepair/tests/testsuite/OpenCL/alignment/race_location/kernel.cbpl,0,0,0.01,3,0.528,3,0,0,3,,Encountered a counterexample without any barrier assignments!,0,0
/datadrive/gpurepair/tests/testsuite/OpenCL/annotation_tests/fail_assume_true/kernel.cbpl,0,0,0.008,1,0.299,2,0,0,0,,Assertions do not hold!,0,0
/datadrive/gpurepair/tests/testsuite/OpenCL/annotation_tests/fail_read_offset_global/kernel.cbpl,0,0,0.006,1,0.303,2,0,0,0,,Assertions do not hold!,0,0
/datadrive/gpurepair/tests/testsuite/CUDASamples/7_CUDALibraries_MC_EstimatePiInlineP_computeValue/kernel.cbpl,0,0,0.015,13,11.463,13,0.033,1,14,3,,0,0
/datadrive/gpurepair/tests/testsuite/OpenCL/annotation_tests/global_ensures/pass/kernel.cbpl,0,0,0.006,1,0.277,1,0.03,1,0,0,,0,0
/datadrive/gpurepair/tests/testsuite/OpenCL/annotation_tests/global_requires/pass/kernel.cbpl,0,0,0.007,1,0.291,1,0.033,1,0,0,,0,0
/datadrive/gpurepair/tests/testsuite/OpenCL/annotation_tests/no_annotations/kernel.cbpl,0,0,0.006,1,0.254,1,0.028,1,0,0,,0,0
/datadrive/gpurepair/tests/testsuite/OpenCL/annotation_tests/invariants_as_candidates/kernel.cbpl,0,0,0.006,1,0.257,1,0.028,1,0,0,,0,0
/datadrive/gpurepair/tests/testsuite/OpenCL/annotation_tests/ite/kernel.cbpl,0,0,0.007,1,0.37,1,0.027,1,2,0,,0,0
/datadrive/gpurepair/tests/testsuite/OpenCL/annotation_tests/only_requires/kernel.cbpl,0,0,0.006,1,0.306,1,0.028,1,3,0,,0,0
/datadrive/gpurepair/tests/testsuite/OpenCL/annotation_tests/specification_tests/fail/bad_write/kernel.cbpl,0,0,0.006,1,0.338,1,0,0,1,,Encountered a counterexample without any barrier assignments!,0,0
/datadrive/gpurepair/tests/testsuite/OpenCL/annotation_tests/specification_tests/pass/simple_spec/kernel.cbpl,0,0,0.006,1,0.337,1,0.028,1,1,0,,0,0
/datadrive/gpurepair/tests/testsuite/OpenCL/annotation_tests/shared_state_invariant_tests/simple_shared_state_invariant/kernel.cbpl,0,0,0.006,1,0.305,1,0.028,1,3,0,,0,0
/datadrive/gpurepair/tests/testsuite/OpenCL/annotation_tests/specification_tests/pass/value_related_spec/kernel.cbpl,0,0,0.006,1,0.327,1,0.028,1,2,0,,0,0
/datadrive/gpurepair/tests/testsuite/OpenCL/annotation_tests/specification_tests/pass/vacuous_spec/kernel.cbpl,0,0,0.006,1,0.327,1,0.033,1,1,0,,0,0
/datadrive/gpurepair/tests/testsuite/OpenCL/annotation_tests/test_all/kernel.cbpl,0,0,0.006,1,0.241,1,0.028,1,0,0,,0,0
/datadrive/gpurepair/tests/testsuite/OpenCL/annotation_tests/test_assert/kernel.cbpl,0,0,0.006,1,0.26,1,0.027,1,0,0,,0,0
/datadrive/gpurepair/tests/testsuite/OpenCL/annotation_tests/test_assert_true/kernel.cbpl,0,0,0.006,1,0.224,1,0.029,1,0,0,,0,0
/datadrive/gpurepair/tests/testsuite/OpenCL/annotation_tests/test_assume_false/kernel.cbpl,0,0,0.006,1,0.24,1,0.03,1,0,0,,0,0
/datadrive/gpurepair/tests/testsuite/OpenCL/annotation_tests/test_assume/kernel.cbpl,0,0,0.006,1,0.263,1,0.027,1,0,0,,0,0
/datadrive/gpurepair/tests/testsuite/OpenCL/annotation_tests/test_axiom/kernel.cbpl,0,0,0.006,1,0.28,1,0.027,1,2,0,,0,0
/datadrive/gpurepair/tests/testsuite/OpenCL/annotation_tests/test_candidate_invariant/kernel.cbpl,0,0,0.006,1,0.26,1,0.03,1,0,0,,0,0
/datadrive/gpurepair/tests/testsuite/OpenCL/annotation_tests/test_candidate_global_invariant/kernel.cbpl,0,0,0.006,1,0.301,1,0.027,1,2,0,,0,0
/datadrive/gpurepair/tests/testsuite/OpenCL/annotation_tests/test_contract/kernel.cbpl,0,0,0.006,1,0.276,1,0.032,1,0,0,,0,0
/datadrive/gpurepair/tests/testsuite/OpenCL/annotation_tests/test_distinct/kernel.cbpl,0,0,0.006,1,0.278,1,0.027,1,0,0,,0,0
/datadrive/gpurepair/tests/testsuite/OpenCL/annotation_tests/test_exclusive/kernel.cbpl,0,0,0.006,1,0.233,1,0.031,1,0,0,,0,0
/datadrive/gpurepair/tests/testsuite/OpenCL/annotation_tests/test_enabled_and_uniform/kernel.cbpl,0,0,0.006,1,0.258,1,0.031,1,0,0,,0,0
/datadrive/gpurepair/tests/testsuite/OpenCL/annotation_tests/test_ensures/kernel.cbpl,0,0,0.006,1,0.27,1,0.027,1,0,0,,0,0
/datadrive/gpurepair/tests/testsuite/CUDASamples/6_Advanced_scan_scanExclusiveShared2/kernel.cbpl,0,0,0.014,23,48.464,23,0.033,1,12,2,,0,0
/datadrive/gpurepair/tests/testsuite/OpenCL/annotation_tests/test_for_loop_invariant/kernel.cbpl,0,0,0.006,1,0.266,1,0.027,1,0,0,,0,0
/datadrive/gpurepair/tests/testsuite/OpenCL/annotation_tests/test_loop_invariant_then_assert/kernel.cbpl,0,0,0.006,1,0.267,1,0.027,1,0,0,,0,0
/datadrive/gpurepair/tests/testsuite/OpenCL/annotation_tests/test_old/kernel.cbpl,0,0,0.006,1,0.284,1,0.026,1,0,0,,0,0
/datadrive/gpurepair/tests/testsuite/OpenCL/annotation_tests/test_function_wide_invariant/kernel.cbpl,0,0,0.006,1,0.42,1,0.03,1,8,0,,0,0
/datadrive/gpurepair/tests/testsuite/OpenCL/annotation_tests/test_loop_invariant_then_assert2/kernel.cbpl,0,0,0.006,1,0.279,1,0.028,1,0,0,,0,0
/datadrive/gpurepair/tests/testsuite/OpenCL/annotation_tests/test_precondition_on_kernel/kernel.cbpl,0,0,0.006,1,0.271,1,0.027,1,0,0,,0,0
/datadrive/gpurepair/tests/testsuite/OpenCL/annotation_tests/test_ptr_offset/kernel.cbpl,0,0,0.006,1,0.299,1,0.028,1,1,0,,0,0
/datadrive/gpurepair/tests/testsuite/OpenCL/annotation_tests/test_read_global/kernel.cbpl,0,0,0.006,1,0.285,1,0.028,1,2,0,,0,0
/datadrive/gpurepair/tests/testsuite/OpenCL/annotation_tests/test_read_global_fail/kernel.cbpl,0,0,0.006,1,0.381,2,0,0,3,,Assertions do not hold!,0,0
/datadrive/gpurepair/tests/testsuite/OpenCL/annotation_tests/test_read_local/kernel.cbpl,0,0,0.006,1,0.281,1,0.028,1,2,0,,0,0
/datadrive/gpurepair/tests/testsuite/OpenCL/annotation_tests/test_read_offset/kernel.cbpl,0,0,0.007,1,0.245,1,0.028,1,0,0,,0,0
/datadrive/gpurepair/tests/testsuite/OpenCL/annotation_tests/test_requires/kernel.cbpl,0,0,0.006,1,0.281,1,0.029,1,0,0,,0,0
/datadrive/gpurepair/tests/testsuite/OpenCL/annotation_tests/test_read_local_fail/kernel.cbpl,0,0,0.006,1,0.385,2,0,0,3,,Assertions do not hold!,0,0
/datadrive/gpurepair/tests/testsuite/OpenCL/annotation_tests/test_read_offset_global/kernel.cbpl,0,0,0.014,2,0.432,2,0.034,1,3,0,,0,0
/datadrive/gpurepair/tests/testsuite/OpenCL/annotation_tests/test_while_loop_invariant/kernel.cbpl,0,0,0.006,1,0.263,1,0.03,1,0,0,,0,0
/datadrive/gpurepair/tests/testsuite/OpenCL/annotation_tests/test_write_global/kernel.cbpl,0,0,0.006,1,0.302,1,0.027,1,2,0,,0,0
/datadrive/gpurepair/tests/testsuite/OpenCL/annotation_tests/test_write_global_fail/kernel.cbpl,0,0,0.006,1,0.396,2,0,0,2,,Assertions do not hold!,0,0
/datadrive/gpurepair/tests/testsuite/OpenCL/annotation_tests/test_write_local/kernel.cbpl,0,0,0.006,1,0.283,1,0.027,1,2,0,,0,0
/datadrive/gpurepair/tests/testsuite/CUDASamples/4_Finance_SobolQRNG_sobol/kernel.cbpl,0,0,0.015,6,26.01,6,0.031,1,11,1,,0,0
/datadrive/gpurepair/tests/testsuite/OpenCL/annotation_tests/test_write_local_fail/kernel.cbpl,0,0,0.007,1,0.399,2,0,0,2,,Assertions do not hold!,0,0
/datadrive/gpurepair/tests/testsuite/OpenCL/array_bounds_tests/array_in_array/kernel.cbpl,0,0,0.006,1,0.388,2,0,0,2,,Assertions do not hold!,0,0
/datadrive/gpurepair/tests/testsuite/OpenCL/array_bounds_tests/array_in_array_2/kernel.cbpl,0,0,0.006,1,0.368,1,0.029,1,12,0,,0,0
/datadrive/gpurepair/tests/testsuite/OpenCL/array_bounds_tests/array_in_array_param/kernel.cbpl,0,0,0.006,1,0.411,2,0,0,2,,Assertions do not hold!,0,0
/datadrive/gpurepair/tests/testsuite/OpenCL/array_bounds_tests/multi_dim_array/kernel.cbpl,0,0,0.006,1,0.295,1,0.03,1,1,0,,0,0
/datadrive/gpurepair/tests/testsuite/OpenCL/array_bounds_tests/multi_dim_array_fail_upper/kernel.cbpl,0,0,0.006,1,0.436,2,0,0,1,,Assertions do not hold!,0,0
/datadrive/gpurepair/tests/testsuite/OpenCL/array_bounds_tests/negative_index_multi_dim/kernel.cbpl,0,0,0.007,1,0.316,1,0.027,1,1,0,,0,0
/datadrive/gpurepair/tests/testsuite/OpenCL/array_bounds_tests/negative_index_multi_dim_fail/kernel.cbpl,0,0,0.006,1,0.392,2,0,0,1,,Assertions do not hold!,0,0
/datadrive/gpurepair/tests/testsuite/OpenCL/array_bounds_tests/private_array/kernel.cbpl,0,0,0.006,1,0.266,1,0.03,1,1,0,,0,0
/datadrive/gpurepair/tests/testsuite/OpenCL/array_bounds_tests/realign_simple/kernel.cbpl,0,0,0.006,1,0.299,1,0.035,1,1,0,,0,0
/datadrive/gpurepair/tests/testsuite/OpenCL/array_bounds_tests/realign_simple_fail/kernel.cbpl,0,0,0.006,1,0.356,2,0,0,1,,Assertions do not hold!,0,0
/datadrive/gpurepair/tests/testsuite/OpenCL/array_bounds_tests/simple_array/kernel.cbpl,0,0,0.006,1,0.302,1,0.029,1,1,0,,0,0
/datadrive/gpurepair/tests/testsuite/OpenCL/array_bounds_tests/simple_array_fail_lower/kernel.cbpl,0,0,0.006,1,0.409,2,0,0,1,,Assertions do not hold!,0,0
/datadrive/gpurepair/tests/testsuite/OpenCL/array_bounds_tests/simple_array_fail_upper/kernel.cbpl,0,0,0.007,1,0.372,2,0,0,1,,Assertions do not hold!,0,0
/datadrive/gpurepair/tests/testsuite/OpenCL/array_bounds_tests/simple_array_fail_var/kernel.cbpl,0,0,0.006,1,0.426,2,0,0,1,,Assertions do not hold!,0,0
/datadrive/gpurepair/tests/testsuite/OpenCL/asymmetric_asserts/fail/kernel.cbpl,0,0,0.006,1,0.34,2,0,0,0,,Assertions do not hold!,0,0
/datadrive/gpurepair/tests/testsuite/OpenCL/arraycopy/kernel.cbpl,0,0,0.006,1,0.37,1,0.029,1,3,0,,0,0
/datadrive/gpurepair/tests/testsuite/OpenCL/asymmetric_asserts/pass/kernel.cbpl,0,0,0.006,1,0.255,1,0.029,1,0,0,,0,0
/datadrive/gpurepair/tests/testsuite/OpenCL/async_work_group_copy/fail/test1/kernel.cbpl,0,0,0.01,2,0.599,2,0,0,3,,Encountered a counterexample without any barrier assignments!,0,0
/datadrive/gpurepair/tests/testsuite/OpenCL/async_work_group_copy/fail/test11/kernel.cbpl,0,0,0.024,2,0.93,3,0,0,6,,Assertions do not hold!,0,0
/datadrive/gpurepair/tests/testsuite/OpenCL/async_work_group_copy/fail/test13/kernel.cbpl,0,0,0.011,2,0.554,2,0,0,5,,Encountered a counterexample without any barrier assignments!,0,0
/datadrive/gpurepair/tests/testsuite/CUDASamples/3_Imaging_convolutionSeparable_convolutionColumnsKernel/kernel.cbpl,0,0,0.014,4,48.346,4,0.034,1,16,1,,0,0
/datadrive/gpurepair/tests/testsuite/OpenCL/async_work_group_copy/pass/test1/kernel.cbpl,0,0,0.015,3,0.755,3,0.032,1,5,0,,0,0
/datadrive/gpurepair/tests/testsuite/OpenCL/async_work_group_copy/fail/test9/kernel.cbpl,0,0,0.01,2,0.982,3,0,0,6,,Assertions do not hold!,0,0
/datadrive/gpurepair/tests/testsuite/OpenCL/atomics/atomic_read_race/kernel.cbpl,0,0,0.016,2,0.365,2,0.032,1,3,1,,0,0
/datadrive/gpurepair/tests/testsuite/OpenCL/async_work_group_copy/fail/test14/kernel.cbpl,0,0,0.014,4,2.75,4,0.032,1,10,1,,0,0
/datadrive/gpurepair/tests/testsuite/OpenCL/async_work_group_copy/pass/test5/kernel.cbpl,0,0,0.014,2,0.641,2,0.042,1,6,0,,0,0
/datadrive/gpurepair/tests/testsuite/OpenCL/atomics/counter/kernel.cbpl,0,0,0.014,3,0.476,3,0.032,1,4,0,,0,0
/datadrive/gpurepair/tests/testsuite/OpenCL/async_work_group_copy/pass/test2/kernel.cbpl,0,0,0.014,4,2.705,4,0.033,1,10,0,,0,0
/datadrive/gpurepair/tests/testsuite/OpenCL/atomics/definitions_float/kernel.cbpl,0,0,0.006,1,0.31,1,0.027,1,2,0,,0,0
/datadrive/gpurepair/tests/testsuite/OpenCL/async_work_group_copy/pass/test3/kernel.cbpl,0,0,0.014,4,2.279,4,0.037,1,9,0,,0,0
/datadrive/gpurepair/tests/testsuite/OpenCL/atomics/definitions_atom_int/kernel.cbpl,0,0,0.006,1,0.566,1,0.027,1,44,0,,0,0
/datadrive/gpurepair/tests/testsuite/OpenCL/atomics/displaced/kernel.cbpl,0,0,0.016,2,0.458,2,0.033,1,8,1,,0,0
/datadrive/gpurepair/tests/testsuite/OpenCL/atomics/definitions_int/kernel.cbpl,0,0,0.006,1,0.572,1,0.03,1,44,0,,0,0
/datadrive/gpurepair/tests/testsuite/OpenCL/atomics/definitions_long/kernel.cbpl,0,0,0.006,1,0.565,1,0.031,1,44,0,,0,0
/datadrive/gpurepair/tests/testsuite/OpenCL/async_work_group_copy/fail/test10/kernel.cbpl,0,0,0.015,13,7.624,13,0,0,4,,Encountered a counterexample without any barrier assignments!,0,0
/datadrive/gpurepair/tests/testsuite/OpenCL/atomics/histo/kernel.cbpl,0,0,0.007,1,0.312,1,0.032,1,2,0,,0,0
/datadrive/gpurepair/tests/testsuite/OpenCL/atomics/mismatched_types/int_add_with_float/kernel.cbpl,0,0,0.006,1,0.317,1,0.034,1,2,0,,0,0
/datadrive/gpurepair/tests/testsuite/OpenCL/atomics/forloop/kernel.cbpl,0,0,0.017,3,0.47,3,0.032,1,3,1,,0,0
/datadrive/gpurepair/tests/testsuite/OpenCL/atomics/mismatched_types/int_add_with_long/kernel.cbpl,0,0,0.006,1,0.415,1,0.031,1,12,0,,0,0
/datadrive/gpurepair/tests/testsuite/OpenCL/atomics/mismatched_types/int_add_with_short/kernel.cbpl,0,0,0.006,1,0.336,1,0.036,1,3,0,,0,0
/datadrive/gpurepair/tests/testsuite/OpenCL/atomics/refined_atomic_abstraction/bad_local_counters/kernel.cbpl,0,0,0.006,1,0.378,1,0,0,2,,Encountered a counterexample without any barrier assignments!,0,0
/datadrive/gpurepair/tests/testsuite/OpenCL/atomics/refined_atomic_abstraction/check_used_treated_ok/kernel.cbpl,0,0,0.007,1,0.284,1,0.028,1,1,0,,0,0
/datadrive/gpurepair/tests/testsuite/OpenCL/atomics/pointers/kernel.cbpl,0,0,0.015,3,0.521,3,0.031,1,3,1,,0,0
/datadrive/gpurepair/tests/testsuite/OpenCL/atomics/refined_atomic_abstraction/intra_local_counters/kernel.cbpl,0,0,0.006,1,0.319,1,0.028,1,2,0,,0,0
/datadrive/gpurepair/tests/testsuite/OpenCL/atomics/refined_atomic_abstraction/one_access/kernel.cbpl,0,0,0.006,1,0.355,1,0.031,1,4,0,,0,0
/datadrive/gpurepair/tests/testsuite/OpenCL/atomics/refined_atomic_abstraction/access_in_loop/kernel.cbpl,0,0,0.01,2,0.603,2,0.045,1,5,0,,0,0
/datadrive/gpurepair/tests/testsuite/OpenCL/atomics/refined_atomic_abstraction/many_accesses/kernel.cbpl,0,0,0.006,1,0.679,1,0.029,1,20,0,,0,0
/datadrive/gpurepair/tests/testsuite/OpenCL/atomics/refined_atomic_abstraction/intra_access_in_loop/kernel.cbpl,0,0,0.011,2,0.663,2,0.043,1,5,0,,0,0
/datadrive/gpurepair/tests/testsuite/OpenCL/atomics/refined_atomic_abstraction/predication/kernel.cbpl,0.024,1,0.01,3,0.492,2,0,0,3,,The program could not be repaired because of unsatisfiable clauses!,0,0
/datadrive/gpurepair/tests/testsuite/OpenCL/barrier_intervals/test1/kernel.cbpl,0,0,0.006,1,0.342,1,0.029,1,3,2,,0,0
/datadrive/gpurepair/tests/testsuite/OpenCL/barrier_intervals/test2/kernel.cbpl,0,0,0.01,2,0.454,2,0.038,1,4,2,,0,0
/datadrive/gpurepair/tests/testsuite/OpenCL/barrier_invariants/fail/kernel.cbpl,0,0,0.006,1,0.451,2,0,0,2,,Assertions do not hold!,0,0
/datadrive/gpurepair/tests/testsuite/OpenCL/barrier_invariants/conditional_barrier_invariant/kernel.cbpl,0,0,0.01,2,0.999,3,0,0,4,0,,0,0
/datadrive/gpurepair/tests/testsuite/OpenCL/barrier_invariants/global_array/kernel.cbpl,0,0,0.006,1,0.33,1,0.032,1,2,1,,0,0
/datadrive/gpurepair/tests/testsuite/OpenCL/barrier_invariants/jeroen_bug/kernel.cbpl,0,0,0.006,1,0.426,2,0,0,3,,Assertions do not hold!,0,0
/datadrive/gpurepair/tests/testsuite/OpenCL/barrier_intervals/test3/kernel.cbpl,0,0,0.016,10,3.23,10,0.035,1,8,4,,0,0
/datadrive/gpurepair/tests/testsuite/OpenCL/barrier_invariants/no_access_check/kernel.cbpl,0,0,0.006,1,0.344,1,0.06,1,3,2,,0,0
/datadrive/gpurepair/tests/testsuite/OpenCL/barrier_invariants/add_zero/kernel.cbpl,0,0,0.016,10,3.651,10,0.032,1,9,1,,0,0
/datadrive/gpurepair/tests/testsuite/OpenCL/barrier_invariants/all_different/kernel.cbpl,0,0,0.006,1,3.871,2,0,0,15,0,,0,0
/datadrive/gpurepair/tests/testsuite/CUDA/warpsync/intragroup_scan/kernel.cbpl,0,0,0.01,4,100.203,4,0.042,1,49,3,,0,0
/datadrive/gpurepair/tests/testsuite/OpenCL/barrier_invariants/tid_barrier_invariant/kernel.cbpl,0,0,0.007,1,0.308,1,0.029,1,2,1,,0,0
/datadrive/gpurepair/tests/testsuite/OpenCL/basic1/kernel.cbpl,0,0,0.006,1,0.237,1,0.029,1,0,0,,0,0
/datadrive/gpurepair/tests/testsuite/OpenCL/barrierconditionalkernelparam/kernel.cbpl,0,0,0.006,1,0.274,1,0.029,1,1,1,,0,0
/datadrive/gpurepair/tests/testsuite/OpenCL/barrier_invariants/wrap_around/kernel.cbpl,0,0,0.014,2,0.592,2,0.031,1,4,0,,0,0
/datadrive/gpurepair/tests/testsuite/OpenCL/basicbarrier/kernel.cbpl,0,0,0.006,1,0.283,1,0.028,1,1,1,,0,0
/datadrive/gpurepair/tests/testsuite/OpenCL/basicglobalarray/kernel.cbpl,0,0,0.006,1,0.298,1,0.028,1,1,0,,0,0
/datadrive/gpurepair/tests/testsuite/OpenCL/benign_race_tests/fail/writeafterread_addition/kernel.cbpl,0,0,0.015,3,0.498,3,0.036,1,2,1,,0,0
/datadrive/gpurepair/tests/testsuite/OpenCL/benign_race_tests/fail/writeafterread_otherval/kernel.cbpl,0,0,0.014,2,0.452,2,0.032,1,3,1,,0,0
/datadrive/gpurepair/tests/testsuite/OpenCL/barrier_invariants/test_all_unary_high/kernel.cbpl,0,0,0.006,1,2.841,2,0,0,13,0,,0,0
/datadrive/gpurepair/tests/testsuite/OpenCL/barrier_invariants/ternary/kernel.cbpl,0,0,0.015,9,3.449,9,0.035,1,6,0,,0,0
/datadrive/gpurepair/tests/testsuite/OpenCL/benign_race_tests/fail/writereadarray_equality/kernel.cbpl,0,0,0.01,2,0.415,2,0.034,1,2,1,,0,0
/datadrive/gpurepair/tests/testsuite/OpenCL/benign_race_tests/fail/writetiddiv64_offbyone/kernel.cbpl,0,0,0.006,1,0.359,1,0,0,1,,Encountered a counterexample without any barrier assignments!,0,0
/datadrive/gpurepair/tests/testsuite/OpenCL/benign_race_tests/fail/writewritearray_adversarial/kernel.cbpl,0,0,0.007,1,0.391,1,0,0,2,,Encountered a counterexample without any barrier assignments!,0,0
/datadrive/gpurepair/tests/testsuite/OpenCL/benign_race_tests/fail/writezero_nobenign/kernel.cbpl,0,0,0.006,1,0.352,1,0,0,1,,Encountered a counterexample without any barrier assignments!,0,0
/datadrive/gpurepair/tests/testsuite/OpenCL/benign_race_tests/pass/readafterwrite/kernel.cbpl,0,0,0.008,1,0.326,1,0.029,1,3,0,,0,0
/datadrive/gpurepair/tests/testsuite/OpenCL/barrier_invariants/test_all_unary_low/kernel.cbpl,0,0,0.006,1,5.095,2,0,0,16,0,,0,0
/datadrive/gpurepair/tests/testsuite/OpenCL/benign_race_tests/pass/writeafterread/kernel.cbpl,0,0,0.009,1,0.34,1,0.036,1,2,0,,0,0
/datadrive/gpurepair/tests/testsuite/OpenCL/benign_race_tests/pass/writetiddiv64/kernel.cbpl,0,0,0.006,1,0.326,1,0.034,1,1,0,,0,0
/datadrive/gpurepair/tests/testsuite/OpenCL/benign_race_tests/pass/writeinloop/kernel.cbpl,0,0,0.006,1,0.343,1,0.033,1,2,0,,0,0
/datadrive/gpurepair/tests/testsuite/OpenCL/benign_race_tests/pass/writewritearray/kernel.cbpl,0,0,0.007,1,0.319,1,0.029,1,2,0,,0,0
/datadrive/gpurepair/tests/testsuite/OpenCL/bitand/kernel.cbpl,0,0,0.007,1,0.241,1,0.029,1,0,0,,0,0
/datadrive/gpurepair/tests/testsuite/OpenCL/benign_race_tests/pass/writezero/kernel.cbpl,0,0,0.008,1,0.293,1,0.029,1,1,0,,0,0
/datadrive/gpurepair/tests/testsuite/OpenCL/bitnot/kernel.cbpl,0,0,0.007,1,0.25,1,0.029,1,0,0,,0,0
/datadrive/gpurepair/tests/testsuite/OpenCL/bitor/kernel.cbpl,0,0,0.006,1,0.242,1,0.028,1,0,0,,0,0
/datadrive/gpurepair/tests/testsuite/OpenCL/bitxor/kernel.cbpl,0,0,0.007,1,0.258,1,0.036,1,0,0,,0,0
/datadrive/gpurepair/tests/testsuite/OpenCL/bool_bv_test/kernel.cbpl,0,0,0.006,1,0.248,1,0.028,1,0,0,,0,0
/datadrive/gpurepair/tests/testsuite/OpenCL/bpl_integration/pass/kernel.cbpl,0,0,0.006,1,0.251,1,0.029,1,0,0,,0,0
/datadrive/gpurepair/tests/testsuite/OpenCL/booleanTests/kernel.cbpl,0,0,0.006,1,0.273,1,0.027,1,0,0,,0,0
/datadrive/gpurepair/tests/testsuite/OpenCL/casttofloat/kernel.cbpl,0,0,0.006,1,0.243,1,0.029,1,0,0,,0,0
/datadrive/gpurepair/tests/testsuite/OpenCL/break_test/kernel.cbpl,0,0,0.006,1,0.255,1,0.029,1,0,0,,0,0
/datadrive/gpurepair/tests/testsuite/OpenCL/ceil/kernel.cbpl,0,0,0.006,1,0.458,1,0.031,1,8,0,,0,0
/datadrive/gpurepair/tests/testsuite/OpenCL/checkarrays/pass/specifyall/kernel.cbpl,0,0,0.006,1,0.379,1,0.029,1,7,0,,0,0
/datadrive/gpurepair/tests/testsuite/OpenCL/conditional_int_test/kernel.cbpl,0,0,0.006,1,0.235,1,0.027,1,0,0,,0,0
/datadrive/gpurepair/tests/testsuite/OpenCL/checkarrays/pass/specifyone/kernel.cbpl,0,0,0.006,1,0.411,1,0.027,1,7,0,,0,0
/datadrive/gpurepair/tests/testsuite/OpenCL/derived_from_uniformity_analysis_bug/kernel.cbpl,0,0,0.006,1,0.252,1,0.027,1,0,0,,0,0
/datadrive/gpurepair/tests/testsuite/OpenCL/constantnotparam/kernel.cbpl,0,0,0.006,1,0.272,1,0.027,1,4,0,,0,0
/datadrive/gpurepair/tests/testsuite/OpenCL/derivedfrombinomialoptions2/kernel.cbpl,0,0,0.006,1,0.255,1,0.026,1,1,0,,0,0
/datadrive/gpurepair/tests/testsuite/OpenCL/derivedfrombinomialoptions/kernel.cbpl,0,0,0.006,1,0.303,1,0.029,1,4,0,,0,0
/datadrive/gpurepair/tests/testsuite/OpenCL/divergence/race_no_divergence/kernel.cbpl,0,0,0.006,1,0.258,1,0.027,1,2,1,,0,0
/datadrive/gpurepair/tests/testsuite/OpenCL/divergence/race_and_divergence/kernel.cbpl,0,0,0.01,2,0.341,2,0.035,1,3,1,,0,0
/datadrive/gpurepair/tests/testsuite/OpenCL/enabled/not_predicated/kernel.cbpl,0,0,0.006,1,0.243,1,0.026,1,0,0,,0,0
/datadrive/gpurepair/tests/testsuite/OpenCL/enabled/not_predicated_procedure/kernel.cbpl,0,0,0.006,1,0.269,1,0.027,1,0,0,,0,0
/datadrive/gpurepair/tests/testsuite/OpenCL/expression_simplification/and_test/kernel.cbpl,0,0,0.006,1,0.385,2,0,0,3,,Assertions do not hold!,0,0
/datadrive/gpurepair/tests/testsuite/OpenCL/expression_simplification/basic_test/kernel.cbpl,0,0,0.006,1,0.381,2,0,0,3,,Assertions do not hold!,0,0
/datadrive/gpurepair/tests/testsuite/OpenCL/expression_simplification/imp_antecedent/kernel.cbpl,0,0,0.006,1,0.393,2,0,0,3,,Assertions do not hold!,0,0
/datadrive/gpurepair/tests/testsuite/OpenCL/expression_simplification/imp_bug/kernel.cbpl,0,0,0.006,1,0.373,2,0,0,3,,Assertions do not hold!,0,0
/datadrive/gpurepair/tests/testsuite/OpenCL/fail_bodiless_procedure/kernel.cbpl,0,0,0.008,1,0.321,2,0,0,0,,Assertions do not hold!,0,0
/datadrive/gpurepair/tests/testsuite/OpenCL/expression_simplification/imp_consequent/kernel.cbpl,0,0,0.006,1,0.383,2,0,0,3,,Assertions do not hold!,0,0
/datadrive/gpurepair/tests/testsuite/OpenCL/expression_simplification/or_test/kernel.cbpl,0,0,0.006,1,0.377,2,0,0,3,,Assertions do not hold!,0,0
/datadrive/gpurepair/tests/testsuite/OpenCL/float_constant_test/kernel.cbpl,0,0,0.006,1,0.242,1,0.028,1,0,0,,0,0
/datadrive/gpurepair/tests/testsuite/OpenCL/float_constant_test2/kernel.cbpl,0,0,0.006,1,0.223,1,0.028,1,0,0,,0,0
/datadrive/gpurepair/tests/testsuite/OpenCL/floatcastrequired/kernel.cbpl,0,0,0.006,1,0.257,1,0.027,1,0,0,,0,0
/datadrive/gpurepair/tests/testsuite/OpenCL/floatrelationalop/kernel.cbpl,0,0,0.005,1,0.241,1,0.03,1,0,0,,0,0
/datadrive/gpurepair/tests/testsuite/OpenCL/function_wide/fail/assert_false/kernel.cbpl,0,0,0.006,1,0.295,2,0,0,0,,Assertions do not hold!,0,0
/datadrive/gpurepair/tests/testsuite/OpenCL/fresh_arrays/fail/global/kernel.cbpl,0,0,0.006,1,0.344,1,0,0,1,,Encountered a counterexample without any barrier assignments!,0,0
/datadrive/gpurepair/tests/testsuite/OpenCL/fresh_arrays/pass/global/kernel.cbpl,0,0,0.006,1,0.285,1,0.027,1,1,0,,0,0
/datadrive/gpurepair/tests/testsuite/OpenCL/fresh_arrays/pass/local/kernel.cbpl,0,0,0.006,1,0.307,1,0.029,1,1,0,,0,0
/datadrive/gpurepair/tests/testsuite/OpenCL/function_wide/pass/uses_uninterpreted_function/kernel.cbpl,0,0,0.006,1,0.233,1,0.028,1,0,0,,0,0
/datadrive/gpurepair/tests/testsuite/OpenCL/get_work_dim/work_dim_1/kernel.cbpl,0,0,0.008,1,0.231,1,0.027,1,0,0,,0,0
/datadrive/gpurepair/tests/testsuite/OpenCL/get_global_offset/kernel.cbpl,0,0,0.006,1,0.231,1,0.027,1,0,0,,0,0
/datadrive/gpurepair/tests/testsuite/OpenCL/get_global_id/kernel.cbpl,0,0,0.006,1,0.312,1,0.027,1,2,0,,0,0
/datadrive/gpurepair/tests/testsuite/OpenCL/get_work_dim/work_dim_2/kernel.cbpl,0,0,0.006,1,0.234,1,0.029,1,0,0,,0,0
/datadrive/gpurepair/tests/testsuite/OpenCL/get_work_dim/work_dim_3/kernel.cbpl,0,0,0.006,1,0.227,1,0.029,1,0,0,,0,0
/datadrive/gpurepair/tests/testsuite/OpenCL/function_wide/pass/uses_array_element/kernel.cbpl,0,0,0.006,1,0.485,2,0,0,5,0,,0,0
/datadrive/gpurepair/tests/testsuite/OpenCL/barrier_intervals/test4/kernel.cbpl,0,0,0.02,16,14.844,16,0.034,1,15,5,,0,0
/datadrive/gpurepair/tests/testsuite/OpenCL/global_size/simple/kernel.cbpl,0,0,0.006,1,0.316,1,0.03,1,2,0,,0,0
/datadrive/gpurepair/tests/testsuite/OpenCL/globalarray/pass2/kernel.cbpl,0,0,0.006,1,0.295,1,0.027,1,3,0,,0,0
/datadrive/gpurepair/tests/testsuite/OpenCL/globalarray/pass/kernel.cbpl,0,0,0.006,1,0.374,1,0.027,1,3,0,,0,0
/datadrive/gpurepair/tests/testsuite/OpenCL/imagetests/testsampler/kernel.cbpl,0,0,0.006,1,0.263,1,0.028,1,4,0,,0,0
/datadrive/gpurepair/tests/testsuite/OpenCL/imagetests/testsampler3/kernel.cbpl,0,0,0.006,1,0.261,1,0.027,1,0,0,,0,0
/datadrive/gpurepair/tests/testsuite/OpenCL/imagetests/test2dimagecopy/kernel.cbpl,0,0,0.006,1,0.432,1,0.028,1,8,0,,0,0
/datadrive/gpurepair/tests/testsuite/OpenCL/imagetests/testsampler2/kernel.cbpl,0,0,0.006,1,0.28,1,0.027,1,4,0,,0,0
/datadrive/gpurepair/tests/testsuite/OpenCL/induction_variable/kernel.cbpl,0,0,0.006,1,0.301,1,0.028,1,2,0,,0,0
/datadrive/gpurepair/tests/testsuite/OpenCL/globalarray/fail/kernel.cbpl,0.02,1,0.015,5,1.065,4,0,0,7,,The program could not be repaired because of unsatisfiable clauses!,0,0
/datadrive/gpurepair/tests/testsuite/OpenCL/function_wide/pass/as_candidates/kernel.cbpl,0,0,0.006,1,1.481,2,0,0,14,,Assertions do not hold!,0,0
/datadrive/gpurepair/tests/testsuite/OpenCL/inference_tests/lower_bound/kernel.cbpl,0,0,0.006,1,0.271,1,0.028,1,0,0,,0,0
/datadrive/gpurepair/tests/testsuite/OpenCL/inference_tests/enabled_invariant/kernel.cbpl,0,0,0.006,1,0.273,1,0.026,1,0,0,,0,0
/datadrive/gpurepair/tests/testsuite/OpenCL/inference_tests/strided_invariant/kernel.cbpl,0,0,0.006,1,0.257,1,0.027,1,0,0,,0,0
/datadrive/gpurepair/tests/testsuite/OpenCL/inference_tests/strided_invariant_2/kernel.cbpl,0,0,0.006,1,0.248,1,0.026,1,0,0,,0,0
/datadrive/gpurepair/tests/testsuite/OpenCL/inter_group_and_barrier_flag_tests/fail/local_id/kernel.cbpl,0,0,0.006,1,0.342,1,0,0,1,,Encountered a counterexample without any barrier assignments!,0,0
/datadrive/gpurepair/tests/testsuite/OpenCL/inter_group_and_barrier_flag_tests/fail/bad_read_then_write/kernel.cbpl,0,0,0.014,5,0.664,5,0.031,1,8,2,,0,0
/datadrive/gpurepair/tests/testsuite/OpenCL/inter_group_and_barrier_flag_tests/fail/bad_write_then_read/kernel.cbpl,0,0,0.014,4,0.832,4,0.03,1,9,2,,0,0
/datadrive/gpurepair/tests/testsuite/OpenCL/inter_group_and_barrier_flag_tests/fail/missing_local_barrier_flag/kernel.cbpl,0,0,0.01,2,0.44,2,0,0,2,,Encountered a counterexample without any barrier assignments!,0,0
/datadrive/gpurepair/tests/testsuite/OpenCL/inter_group_and_barrier_flag_tests/fail/missing_global_barrier_flag/kernel.cbpl,0.023,1,0.018,9,1.506,8,0,0,4,,The program could not be repaired because of unsatisfiable clauses!,0,0
/datadrive/gpurepair/tests/testsuite/OpenCL/inter_group_and_barrier_flag_tests/fail/no_barrier_flags/kernel.cbpl,0,0,0.01,2,0.402,2,0,0,2,,Encountered a counterexample without any barrier assignments!,0,0
/datadrive/gpurepair/tests/testsuite/OpenCL/inter_group_and_barrier_flag_tests/fail/sync/kernel.cbpl,0,0,0.014,4,0.529,4,0,0,2,,Encountered a counterexample without any barrier assignments!,0,0
/datadrive/gpurepair/tests/testsuite/OpenCL/inter_group_and_barrier_flag_tests/pass/global_barrier/kernel.cbpl,0,0,0.014,3,0.527,3,0.03,1,4,0,,0,0
/datadrive/gpurepair/tests/testsuite/OpenCL/inter_group_and_barrier_flag_tests/pass/local_id_benign_write_write/kernel.cbpl,0,0,0.006,1,0.279,1,0.029,1,1,0,,0,0
/datadrive/gpurepair/tests/testsuite/OpenCL/inter_group_and_barrier_flag_tests/fail/sync_within_group_wrong_flag/kernel.cbpl,0.019,1,0.013,9,0.872,8,0,0,4,,The program could not be repaired because of unsatisfiable clauses!,0,0
/datadrive/gpurepair/tests/testsuite/OpenCL/inter_group_and_barrier_flag_tests/pass/local_barrier_flag/kernel.cbpl,0,0,0.014,3,0.419,3,0.031,1,2,0,,0,0
/datadrive/gpurepair/tests/testsuite/OpenCL/inter_group_and_barrier_flag_tests/pass/pass_due_to_intra_group_flag/kernel.cbpl,0,0,0.006,1,0.278,1,0.027,1,1,0,,0,0
/datadrive/gpurepair/tests/testsuite/OpenCL/inter_group_and_barrier_flag_tests/pass/read_then_write/kernel.cbpl,0,0,0.014,4,0.627,4,0.032,1,9,2,,0,0
/datadrive/gpurepair/tests/testsuite/OpenCL/k-induction/alldifferent/kernel.cbpl,0,0,0.007,1,0.284,1,0.03,1,0,0,,0,0
/datadrive/gpurepair/tests/testsuite/OpenCL/inter_group_and_barrier_flag_tests/pass/sync_within_group/kernel.cbpl,0,0,0.014,3,0.532,3,0.031,1,4,0,,0,0
/datadrive/gpurepair/tests/testsuite/OpenCL/leftshiftequals/kernel.cbpl,0,0,0.006,1,0.227,1,0.027,1,0,0,,0,0
/datadrive/gpurepair/tests/testsuite/OpenCL/localmultidimarraydecl/kernel.cbpl,0,0,0.006,1,0.229,1,0.027,1,0,0,,0,0
/datadrive/gpurepair/tests/testsuite/OpenCL/inter_group_and_barrier_flag_tests/pass/write_then_read/kernel.cbpl,0,0,0.015,4,0.782,4,0.031,1,9,2,,0,0
/datadrive/gpurepair/tests/testsuite/OpenCL/mem_fence/kernel.cbpl,0,0,0.006,1,0.252,1,0.028,1,0,0,,0,0
/datadrive/gpurepair/tests/testsuite/OpenCL/localarrayaccess/kernel.cbpl,0,0,0.01,2,0.367,2,0.035,1,2,0,,0,0
/datadrive/gpurepair/tests/testsuite/OpenCL/async_work_group_copy/pass/test4/kernel.cbpl,0,0,0.015,4,44.429,4,0.031,1,21,0,,0,0
/datadrive/gpurepair/tests/testsuite/OpenCL/misc/fail/4d_array_of_structs_race/kernel.cbpl,0,0,0.006,1,0.341,1,0,0,2,,Encountered a counterexample without any barrier assignments!,0,0
/datadrive/gpurepair/tests/testsuite/OpenCL/misc/fail/4d_array_race/kernel.cbpl,0,0,0.006,1,0.334,1,0,0,2,,Encountered a counterexample without any barrier assignments!,0,0
/datadrive/gpurepair/tests/testsuite/OpenCL/misc/fail/2d_array_race/kernel.cbpl,0,0,0.014,6,2.519,6,0.032,1,6,2,,0,0
/datadrive/gpurepair/tests/testsuite/OpenCL/misc/fail/miscfail1/kernel.cbpl,0,0,0.014,9,1.031,9,0.033,1,5,2,,0,0
/datadrive/gpurepair/tests/testsuite/OpenCL/misc/fail/miscfail3/kernel.cbpl,0.02,1,0.015,5,0.572,4,0,0,5,,The program could not be repaired because of unsatisfiable clauses!,0,0
/datadrive/gpurepair/tests/testsuite/OpenCL/misc/fail/miscfail7/kernel.cbpl,0,0,0.007,1,0.334,2,0,0,0,,Assertions do not hold!,0,0
/datadrive/gpurepair/tests/testsuite/OpenCL/misc/fail/miscfail5/kernel.cbpl,0,0,0.006,1,0.412,2,0,0,16,,Assertions do not hold!,0,0
/datadrive/gpurepair/tests/testsuite/OpenCL/misc/fail/miscfail6/kernel.cbpl,0,0,0.014,3,0.507,3,0.033,1,3,1,,0,0
/datadrive/gpurepair/tests/testsuite/OpenCL/misc/fail/miscfail9/kernel.cbpl,0,0,0.006,1,0.338,1,0,0,1,,Encountered a counterexample without any barrier assignments!,0,0
/datadrive/gpurepair/tests/testsuite/OpenCL/misc/fail/miscfail8/kernel.cbpl,0,0,0.01,2,0.38,2,0.034,1,2,1,,0,0
/datadrive/gpurepair/tests/testsuite/OpenCL/misc/fail/struct_member_race/kernel.cbpl,0,0,0.006,1,0.333,1,0,0,1,,Encountered a counterexample without any barrier assignments!,0,0
/datadrive/gpurepair/tests/testsuite/OpenCL/misc/fail/4d_array_with_casting/kernel.cbpl,0,0,0.015,9,2.648,9,0.032,1,8,1,,0,0
/datadrive/gpurepair/tests/testsuite/OpenCL/misc/pass/misc11/kernel.cbpl,0,0,0.006,1,0.27,1,0.028,1,1,1,,0,0
/datadrive/gpurepair/tests/testsuite/OpenCL/misc/pass/misc1/kernel.cbpl,0,0,0.006,1,0.322,1,0.028,1,3,0,,0,0
/datadrive/gpurepair/tests/testsuite/OpenCL/misc/pass/misc10/kernel.cbpl,0,0,0.006,1,0.282,1,0.031,1,1,0,,0,0
/datadrive/gpurepair/tests/testsuite/OpenCL/misc/pass/misc12/kernel.cbpl,0,0,0.01,2,0.326,2,0.033,1,1,1,,0,0
/datadrive/gpurepair/tests/testsuite/OpenCL/misc/pass/misc13/kernel.cbpl,0,0,0.006,1,0.298,1,0.028,1,4,0,,0,0
/datadrive/gpurepair/tests/testsuite/OpenCL/misc/pass/misc15/kernel.cbpl,0,0,0.007,1,0.287,1,0.028,1,3,0,,0,0
/datadrive/gpurepair/tests/testsuite/OpenCL/misc/pass/misc17/kernel.cbpl,0,0,0.006,1,0.243,1,0.027,1,0,0,,0,0
/datadrive/gpurepair/tests/testsuite/OpenCL/misc/pass/misc16/kernel.cbpl,0,0,0.006,1,0.422,1,0.027,1,12,0,,0,0
/datadrive/gpurepair/tests/testsuite/OpenCL/misc/pass/misc18/kernel.cbpl,0,0,0.006,1,0.308,1,0.027,1,4,1,,0,0
/datadrive/gpurepair/tests/testsuite/OpenCL/misc/pass/misc14/kernel.cbpl,0,0,0.006,1,0.588,1,0.027,1,22,0,,0,0
/datadrive/gpurepair/tests/testsuite/OpenCL/misc/pass/misc19/kernel.cbpl,0,0,0.006,1,0.228,1,0.03,1,0,0,,0,0
/datadrive/gpurepair/tests/testsuite/OpenCL/misc/pass/misc4/kernel.cbpl,0,0,0.006,1,0.231,1,0.029,1,0,0,,0,0
/datadrive/gpurepair/tests/testsuite/OpenCL/misc/pass/misc3/kernel.cbpl,0,0,0.006,1,0.3,1,0.031,1,0,0,,0,0
/datadrive/gpurepair/tests/testsuite/OpenCL/misc/pass/misc5/kernel.cbpl,0,0,0.006,1,0.293,1,0.027,1,16,0,,0,0
/datadrive/gpurepair/tests/testsuite/CUDASamples/6_Advanced_shfl_scan_shfl_scan_test/kernel.cbpl,0,0,0.019,29,109.997,29,0.034,1,15,2,,0,0
/datadrive/gpurepair/tests/testsuite/OpenCL/misc/pass/misc9/kernel.cbpl,0,0,0.006,1,0.265,1,0.028,1,0,0,,0,0
/datadrive/gpurepair/tests/testsuite/OpenCL/misc/pass/misc2/kernel.cbpl,0,0,0.015,4,0.701,4,0.051,1,6,2,,0,0
/datadrive/gpurepair/tests/testsuite/OpenCL/modifyparam/kernel.cbpl,0,0,0.006,1,0.248,1,0.03,1,0,0,,0,0
/datadrive/gpurepair/tests/testsuite/OpenCL/misc/pass/misc8/kernel.cbpl,0,0,0.006,1,0.335,1,0.026,1,1,0,,0,0
/datadrive/gpurepair/tests/testsuite/OpenCL/misc/pass/misc6/kernel.cbpl,0,0,0.006,1,0.64,1,0.031,1,9,0,,0,0
/datadrive/gpurepair/tests/testsuite/OpenCL/misc/pass/misc7/kernel.cbpl,0,0,0.01,3,0.98,3,0.035,1,12,0,,0,0
/datadrive/gpurepair/tests/testsuite/OpenCL/multidimarrays/test1/kernel.cbpl,0,0,0.006,1,0.257,1,0.028,1,1,0,,0,0
/datadrive/gpurepair/tests/testsuite/OpenCL/multidimarrays/test3/kernel.cbpl,0,0,0.006,1,0.256,1,0.033,1,1,0,,0,0
/datadrive/gpurepair/tests/testsuite/OpenCL/multidimarrays/test2/kernel.cbpl,0,0,0.006,1,0.278,1,0.027,1,1,0,,0,0
/datadrive/gpurepair/tests/testsuite/OpenCL/multidimarrays/test4/kernel.cbpl,0,0,0.006,1,0.295,1,0.027,1,1,0,,0,0
/datadrive/gpurepair/tests/testsuite/OpenCL/multiplelocals/kernel.cbpl,0,0,0.008,1,0.245,1,0.027,1,0,0,,0,0
/datadrive/gpurepair/tests/testsuite/OpenCL/multidimarrays/test5/kernel.cbpl,0,0,0.006,1,0.3,1,0.028,1,2,0,,0,0
/datadrive/gpurepair/tests/testsuite/OpenCL/nonterminating/kernel.cbpl,0,0,0.007,1,0.255,1,0.027,1,0,0,,0,0
/datadrive/gpurepair/tests/testsuite/OpenCL/multiplelocals2/kernel.cbpl,0,0,0.006,1,0.265,1,0.027,1,0,0,,0,0
/datadrive/gpurepair/tests/testsuite/OpenCL/no_log/pass/kernel.cbpl,0,0,0.006,1,0.266,1,0.028,1,1,0,,0,0
/datadrive/gpurepair/tests/testsuite/OpenCL/no_log/fail/kernel.cbpl,0,0,0.007,1,0.341,2,0,0,1,,Assertions do not hold!,0,0
/datadrive/gpurepair/tests/testsuite/OpenCL/notunaryoptest/kernel.cbpl,0,0,0.006,1,0.25,1,0.027,1,0,0,,0,0
/datadrive/gpurepair/tests/testsuite/OpenCL/notunaryoptest2/kernel.cbpl,0,0,0.006,1,0.268,1,0.028,1,0,0,,0,0
/datadrive/gpurepair/tests/testsuite/OpenCL/async_work_group_copy/fail/test4/kernel.cbpl,0,0,0.024,17,58.582,17,0.038,1,12,2,,0,0
/datadrive/gpurepair/tests/testsuite/OpenCL/null_pointers/atomic_null/kernel.cbpl,0,0,0.006,1,0.349,2,0,0,0,,Assertions do not hold!,0,0
/datadrive/gpurepair/tests/testsuite/OpenCL/noraceduetoreturn/kernel.cbpl,0,0,0.009,2,0.458,2,0.04,1,2,0,,0,0
/datadrive/gpurepair/tests/testsuite/OpenCL/null_pointers/load_from_null/kernel.cbpl,0,0,0.007,1,0.326,2,0,0,0,,Assertions do not hold!,0,0
/datadrive/gpurepair/tests/testsuite/OpenCL/null_pointers/non_null_pointer_assignment_2/kernel.cbpl,0,0,0.006,1,0.333,1,0.028,1,6,0,,0,0
/datadrive/gpurepair/tests/testsuite/OpenCL/null_pointers/non_null_pointer_assignment/kernel.cbpl,0,0,0.01,2,0.452,2,0,0,3,,Encountered a counterexample without any barrier assignments!,0,0
/datadrive/gpurepair/tests/testsuite/OpenCL/null_pointers/null_pointer_assignment/kernel.cbpl,0,0,0.006,1,0.393,2,0,0,3,,Assertions do not hold!,0,0
/datadrive/gpurepair/tests/testsuite/OpenCL/null_pointers/function_prototype/kernel.cbpl,0,0,0.01,2,0.953,3,0,0,12,,Assertions do not hold!,0,0
/datadrive/gpurepair/tests/testsuite/OpenCL/null_pointers/null_pointer_assignment_function/kernel.cbpl,0,0,0.006,1,0.427,2,0,0,3,,Assertions do not hold!,0,0
/datadrive/gpurepair/tests/testsuite/OpenCL/null_pointers/null_pointer_choice/kernel.cbpl,0,0,0.006,1,0.344,2,0,0,0,,Assertions do not hold!,0,0
/datadrive/gpurepair/tests/testsuite/OpenCL/null_pointers/null_pointer_assignment_unequal/kernel.cbpl,0,0,0.01,2,0.456,2,0,0,3,,Encountered a counterexample without any barrier assignments!,0,0
/datadrive/gpurepair/tests/testsuite/OpenCL/null_pointers/null_pointer_greater/kernel.cbpl,0,0,0.01,2,0.471,2,0,0,3,,Encountered a counterexample without any barrier assignments!,0,0
/datadrive/gpurepair/tests/testsuite/OpenCL/null_pointers/null_pointer_assignment_equal/kernel.cbpl,0,0,0.014,8,1.758,8,0,0,3,,Encountered a counterexample without any barrier assignments!,0,0
/datadrive/gpurepair/tests/testsuite/OpenCL/null_pointers/null_pointer_use_in_function/kernel.cbpl,0,0,0.006,1,0.467,2,0,0,5,,Assertions do not hold!,0,0
/datadrive/gpurepair/tests/testsuite/OpenCL/k-induction/amazingreduction/kernel.cbpl,0,0,0.014,5,17.336,5,0.034,1,8,0,,0,0
/datadrive/gpurepair/tests/testsuite/OpenCL/null_pointers/null_pointer_use_in_function_inline/kernel.cbpl,0,0,0.006,1,0.347,2,0,0,0,,Assertions do not hold!,0,0
/datadrive/gpurepair/tests/testsuite/OpenCL/null_statement/kernel.cbpl,0,0,0.006,1,0.253,1,0.035,1,0,0,,0,0
/datadrive/gpurepair/tests/testsuite/OpenCL/null_pointers/function_prototype_or_local/kernel.cbpl,0,0,0.01,3,2.667,4,0,0,24,,Assertions do not hold!,0,0
/datadrive/gpurepair/tests/testsuite/OpenCL/null_pointers/store_to_null_and_non_null/kernel.cbpl,0,0,0.006,1,0.345,2,0,0,1,,Assertions do not hold!,0,0
/datadrive/gpurepair/tests/testsuite/OpenCL/pointeranalysistests/manyproceduresinlined/kernel.cbpl,0,0,0.006,1,0.782,1,0.027,1,14,0,,0,0
/datadrive/gpurepair/tests/testsuite/OpenCL/pointeranalysistests/testbasicaliasing/kernel.cbpl,0,0,0.006,1,0.454,1,0.027,1,7,1,,0,0
/datadrive/gpurepair/tests/testsuite/OpenCL/pointeranalysistests/testbasicpointerarithmetic/kernel.cbpl,0,0,0.006,1,0.357,1,0.03,1,3,0,,0,0
/datadrive/gpurepair/tests/testsuite/OpenCL/pointertests/pointerarith/kernel.cbpl,0,0,0.008,1,0.267,1,0.028,1,0,0,,0,0
/datadrive/gpurepair/tests/testsuite/OpenCL/pointeranalysistests/testbasicpointerarithmetic2/kernel.cbpl,0,0,0.006,1,0.357,1,0.028,1,3,0,,0,0
/datadrive/gpurepair/tests/testsuite/OpenCL/pointeranalysistests/testbasicaliasing2/kernel.cbpl,0,0,0.008,1,0.342,1,0.028,1,7,1,,0,0
/datadrive/gpurepair/tests/testsuite/OpenCL/pointertests/param_addressof/kernel.cbpl,0,0,0.009,2,0.476,2,0.034,1,4,0,,0,0
/datadrive/gpurepair/tests/testsuite/OpenCL/pointeranalysistests/testinterprocedural/kernel.cbpl,0,0,0.006,1,0.381,1,0.028,1,6,0,,0,0
/datadrive/gpurepair/tests/testsuite/OpenCL/pointertests/test_copy_between_memory_spaces/kernel.cbpl,0,0,0.016,3,0.465,3,0.032,1,5,0,,0,0
/datadrive/gpurepair/tests/testsuite/OpenCL/pointeranalysistests/testinterprocedural2/kernel.cbpl,0,0,0.006,1,0.416,1,0.029,1,7,1,,0,0
/datadrive/gpurepair/tests/testsuite/OpenCL/pointertests/test_copy_between_memory_spaces2/kernel.cbpl,0,0,0.015,3,0.482,3,0.031,1,6,0,,0,0
/datadrive/gpurepair/tests/testsuite/OpenCL/pointeranalysistests/testinterprocedural_inlined/kernel.cbpl,0,0,0.006,1,0.363,1,0.03,1,7,1,,0,0
/datadrive/gpurepair/tests/testsuite/OpenCL/pointertests/test_dereference_address_of/kernel.cbpl,0,0,0.006,1,0.247,1,0.029,1,0,0,,0,0
/datadrive/gpurepair/tests/testsuite/OpenCL/pointertests/test_derived_from_binomial_opts/kernel.cbpl,0,0,0.006,1,0.251,1,0.028,1,0,0,,0,0
/datadrive/gpurepair/tests/testsuite/OpenCL/pointertests/test_opencl_local_array/kernel.cbpl,0,0,0.006,1,0.236,1,0.028,1,0,0,,0,0
/datadrive/gpurepair/tests/testsuite/OpenCL/pointertests/test_opencl_local_param/kernel.cbpl,0,0,0.006,1,0.246,1,0.029,1,0,0,,0,0
/datadrive/gpurepair/tests/testsuite/OpenCL/pointertests/test_pass_address_of_local/kernel.cbpl,0,0,0.006,1,0.418,2,0,0,3,,Assertions do not hold!,0,0
/datadrive/gpurepair/tests/testsuite/OpenCL/pointertests/test_pass_value_from_array/kernel.cbpl,0,0,0.006,1,0.301,1,0.026,1,1,0,,0,0
/datadrive/gpurepair/tests/testsuite/OpenCL/pointertests/test_return_pointer/kernel.cbpl,0,0,0.006,1,0.342,1,0.027,1,1,0,,0,0
/datadrive/gpurepair/tests/testsuite/OpenCL/privatememoryaccess/privatearraytest/kernel.cbpl,0,0,0.006,1,0.3,1,0.031,1,2,1,,0,0
/datadrive/gpurepair/tests/testsuite/OpenCL/misc/fail/miscfail10/kernel.cbpl,0,0,0.052,49,17.238,49,0,0,6,,Encountered a counterexample without any barrier assignments!,0,0
/datadrive/gpurepair/tests/testsuite/OpenCL/pow2/64bit_loopcounter/kernel.cbpl,0,0,0.006,1,0.305,1,0.027,1,2,0,,0,0
/datadrive/gpurepair/tests/testsuite/OpenCL/predicated_undef/kernel.cbpl,0,0,0.01,2,0.435,2,0.034,1,2,0,,0,0
/datadrive/gpurepair/tests/testsuite/OpenCL/privatememoryaccess/privatevariabletest2/kernel.cbpl,0,0,0.006,1,0.254,1,0.029,1,0,0,,0,0
/datadrive/gpurepair/tests/testsuite/OpenCL/privatememoryaccess/privatevariabletest/kernel.cbpl,0,0,0.006,1,0.333,1,0.027,1,2,0,,0,0
/datadrive/gpurepair/tests/testsuite/OpenCL/reducedstrengthnonloopbug/kernel.cbpl,0,0,0.006,1,0.39,2,0,0,0,,Assertions do not hold!,0,0
/datadrive/gpurepair/tests/testsuite/OpenCL/reducedstrength_generalised/kernel.cbpl,0,0,0.006,1,0.332,1,0.028,1,3,0,,0,0
/datadrive/gpurepair/tests/testsuite/OpenCL/return_tests/id_dependent_return/kernel.cbpl,0,0,0.006,1,0.267,1,0.032,1,0,0,,0,0
/datadrive/gpurepair/tests/testsuite/OpenCL/report_global_id/test1/kernel.cbpl,0.023,1,0.011,3,0.617,2,0,0,4,,The program could not be repaired because of unsatisfiable clauses!,0,0
/datadrive/gpurepair/tests/testsuite/OpenCL/report_global_id/test2/kernel.cbpl,0.023,1,0.01,4,0.607,3,0,0,4,,The program could not be repaired because of unsatisfiable clauses!,0,0
/datadrive/gpurepair/tests/testsuite/OpenCL/rightshiftequals/kernel.cbpl,0,0,0.006,1,0.231,1,0.028,1,0,0,,0,0
/datadrive/gpurepair/tests/testsuite/OpenCL/return_tests/multiloop_return/kernel.cbpl,0,0,0.006,1,0.298,1,0.027,1,0,0,,0,0
/datadrive/gpurepair/tests/testsuite/OpenCL/return_tests/multiloop_return_simplified/kernel.cbpl,0,0,0.006,1,0.25,1,0.026,1,0,0,,0,0
/datadrive/gpurepair/tests/testsuite/OpenCL/return_tests/simple_return/kernel.cbpl,0,0,0.006,1,0.256,1,0.028,1,0,0,,0,0
/datadrive/gpurepair/tests/testsuite/OpenCL/saturate/uadd/kernel.cbpl,0,0,0.006,1,0.318,1,0.035,1,3,0,,0,0
/datadrive/gpurepair/tests/testsuite/OpenCL/saturate/ssub/kernel.cbpl,0,0,0.006,1,0.322,1,0.028,1,3,0,,0,0
/datadrive/gpurepair/tests/testsuite/OpenCL/saturate/sadd/kernel.cbpl,0,0,0.006,1,0.317,1,0.033,1,3,0,,0,0
/datadrive/gpurepair/tests/testsuite/OpenCL/saturate/usub/kernel.cbpl,0,0,0.006,1,0.334,1,0.03,1,3,0,,0,0
/datadrive/gpurepair/tests/testsuite/OpenCL/shared_int/kernel.cbpl,0,0,0.006,1,0.328,1,0,0,1,,Encountered a counterexample without any barrier assignments!,0,0
/datadrive/gpurepair/tests/testsuite/OpenCL/shuffle/shuffle/kernel.cbpl,0,0,0.006,1,0.526,1,0.028,1,8,0,,0,0
/datadrive/gpurepair/tests/testsuite/OpenCL/simpleparampassing/kernel.cbpl,0,0,0.006,1,0.29,1,0.042,1,0,0,,0,0
/datadrive/gpurepair/tests/testsuite/OpenCL/simpleprocedurecall/kernel.cbpl,0,0,0.006,1,0.291,1,0.029,1,0,0,,0,0
/datadrive/gpurepair/tests/testsuite/OpenCL/simplereturn/kernel.cbpl,0,0,0.006,1,0.301,1,0.027,1,0,0,,0,0
/datadrive/gpurepair/tests/testsuite/OpenCL/sourcelocation_tests/assert/kernel.cbpl,0,0,0.006,1,0.367,2,0,0,0,,Assertions do not hold!,0,0
/datadrive/gpurepair/tests/testsuite/OpenCL/shuffle/shuffle2/kernel.cbpl,0,0,0.006,1,0.779,1,0.027,1,16,0,,0,0
/datadrive/gpurepair/tests/testsuite/OpenCL/skeletonbinomialoptions/kernel.cbpl,0,0,0.006,1,0.281,1,0.028,1,3,3,,0,0
/datadrive/gpurepair/tests/testsuite/OpenCL/sourcelocation_tests/barrier_divergence/pass/kernel.cbpl,0,0,0.006,1,0.313,1,0.028,1,2,1,,0,0
/datadrive/gpurepair/tests/testsuite/OpenCL/sourcelocation_tests/barrier_divergence/fail/kernel.cbpl,0,0,0.011,2,0.384,2,0.036,1,2,1,,0,0
/datadrive/gpurepair/tests/testsuite/OpenCL/sourcelocation_tests/ensures/pass/kernel.cbpl,0,0,0.006,1,0.275,1,0.029,1,0,0,,0,0
/datadrive/gpurepair/tests/testsuite/OpenCL/sourcelocation_tests/loop_invariant/pass/kernel.cbpl,0,0,0.006,1,0.26,1,0.027,1,0,0,,0,0
/datadrive/gpurepair/tests/testsuite/OpenCL/sourcelocation_tests/needs_source_location_ensures/kernel.cbpl,0,0,0.01,2,0.43,2,0.037,1,2,0,,0,0
/datadrive/gpurepair/tests/testsuite/OpenCL/sourcelocation_tests/race_from_bodiless_call/kernel.cbpl,0,0,0.01,2,0.406,2,0.037,1,1,1,,0,0
/datadrive/gpurepair/tests/testsuite/OpenCL/sourcelocation_tests/race_from_call/kernel.cbpl,0,0,0.01,2,0.456,2,0.037,1,2,1,,0,0
/datadrive/gpurepair/tests/testsuite/OpenCL/sourcelocation_tests/needs_source_location_requires/kernel.cbpl,0,0,0.009,2,0.46,2,0.034,1,3,0,,0,0
/datadrive/gpurepair/tests/testsuite/OpenCL/sourcelocation_tests/races/fail/read_write/kernel.cbpl,0,0,0.014,2,0.46,2,0.033,1,3,1,,0,0
/datadrive/gpurepair/tests/testsuite/OpenCL/sourcelocation_tests/races/fail/write_read/kernel.cbpl,0,0,0.014,3,0.504,3,0.032,1,3,1,,0,0
/datadrive/gpurepair/tests/testsuite/OpenCL/sourcelocation_tests/race_from_call_in_loop/kernel.cbpl,0,0,0.014,2,0.435,2,0.035,1,3,1,,0,0
/datadrive/gpurepair/tests/testsuite/OpenCL/sourcelocation_tests/races/fail/write_write/elem_width_16/kernel.cbpl,0,0,0.007,1,0.353,1,0,0,1,,Encountered a counterexample without any barrier assignments!,0,0
/datadrive/gpurepair/tests/testsuite/OpenCL/sourcelocation_tests/race_with_loop/kernel.cbpl,0,0,0.014,3,0.555,3,0.037,1,4,1,,0,0
/datadrive/gpurepair/tests/testsuite/OpenCL/sourcelocation_tests/races/fail/write_write/normal/kernel.cbpl,0.02,1,0.014,6,0.622,5,0,0,3,,The program could not be repaired because of unsatisfiable clauses!,0,0
/datadrive/gpurepair/tests/testsuite/OpenCL/pow2/64bit_relational/kernel.cbpl,0,0,0.006,1,0.318,1,0.028,1,2,0,,0,0
/datadrive/gpurepair/tests/testsuite/OpenCL/sourcelocation_tests/races/pass/no_race/kernel.cbpl,0,0,0.011,2,0.662,2,0.033,1,6,0,,0,0
/datadrive/gpurepair/tests/testsuite/OpenCL/sourcelocation_tests/races/fail/write_write/loop/kernel.cbpl,0,0,0.016,6,0.986,6,0.032,1,5,2,,0,0
/datadrive/gpurepair/tests/testsuite/OpenCL/sourcelocation_tests/races/pass/read_read/kernel.cbpl,0,0,0.006,1,0.35,1,0.041,1,4,0,,0,0
/datadrive/gpurepair/tests/testsuite/OpenCL/ternarytest/kernel.cbpl,0,0,0.007,1,0.325,1,0.031,1,1,0,,0,0
/datadrive/gpurepair/tests/testsuite/OpenCL/test_address_of_bug/kernel.cbpl,0,0,0.006,1,0.253,1,0.032,1,0,0,,0,0
/datadrive/gpurepair/tests/testsuite/OpenCL/ternarytest2/kernel.cbpl,0,0,0.006,1,0.314,1,0.034,1,1,0,,0,0
/datadrive/gpurepair/tests/testsuite/OpenCL/sourcelocation_tests/races_from_indirect_calls/kernel.cbpl,0,0,0.009,2,0.636,2,0.035,1,7,1,,0,0
/datadrive/gpurepair/tests/testsuite/OpenCL/test_2d_local_index_inference/kernel.cbpl,0,0,0.006,1,0.417,1,0.034,1,5,0,,0,0
/datadrive/gpurepair/tests/testsuite/OpenCL/test_binary_stmt/kernel.cbpl,0,0,0.006,1,0.247,1,0.029,1,0,0,,0,0
/datadrive/gpurepair/tests/testsuite/OpenCL/test_2d_local_index_inference_2/kernel.cbpl,0,0,0.007,1,0.446,1,0.032,1,5,0,,0,0
/datadrive/gpurepair/tests/testsuite/OpenCL/test_2d_global_index_inference/kernel.cbpl,0,0,0.006,1,0.401,1,0.028,1,5,0,,0,0
/datadrive/gpurepair/tests/testsuite/OpenCL/test_float_neq/kernel.cbpl,0,0,0.006,1,0.25,1,0.033,1,0,0,,0,0
/datadrive/gpurepair/tests/testsuite/OpenCL/test_for_get_group_id/kernel.cbpl,0,0,0.006,1,0.304,1,0.031,1,2,0,,0,0
/datadrive/gpurepair/tests/testsuite/OpenCL/test_for_benign_read_write_bug/kernel.cbpl,0,0,0.014,3,0.486,3,0.03,1,2,1,,0,0
/datadrive/gpurepair/tests/testsuite/OpenCL/test_for_uniformity_bug/kernel.cbpl,0,0,0.007,1,0.284,1,0.028,1,1,1,,0,0
/datadrive/gpurepair/tests/testsuite/OpenCL/test_inline/kernel.cbpl,0,0,0.006,1,0.254,1,0.027,1,0,0,,0,0
/datadrive/gpurepair/tests/testsuite/OpenCL/test_for_ssa_bug/kernel.cbpl,0,0,0.01,2,0.421,2,0.034,1,4,1,,0,0
/datadrive/gpurepair/tests/testsuite/OpenCL/test_global_id_inference/kernel.cbpl,0,0,0.006,1,0.345,1,0.027,1,5,0,,0,0
/datadrive/gpurepair/tests/testsuite/OpenCL/test_local_id_inference/kernel.cbpl,0,0,0.006,1,0.316,1,0.028,1,4,0,,0,0
/datadrive/gpurepair/tests/testsuite/OpenCL/test_nooverflowing_add/kernel.cbpl,0,0,0.006,1,0.262,1,0.027,1,0,0,,0,0
/datadrive/gpurepair/tests/testsuite/OpenCL/test_mod_invariants/local_direct/kernel.cbpl,0,0,0.006,1,0.324,1,0.03,1,4,0,,0,0
/datadrive/gpurepair/tests/testsuite/OpenCL/test_nooverflowing_add_signed/kernel.cbpl,0,0,0.006,1,0.28,1,0.029,1,0,0,,0,0
/datadrive/gpurepair/tests/testsuite/OpenCL/test_mod_invariants/global_direct/kernel.cbpl,0,0,0.006,1,0.349,1,0.028,1,2,0,,0,0
/datadrive/gpurepair/tests/testsuite/OpenCL/test_nooverflowing_add_predicate/kernel.cbpl,0,0,0.006,1,0.386,1,0.028,1,0,0,,0,0
/datadrive/gpurepair/tests/testsuite/OpenCL/test_part_load_store/load_ptr_and_int/kernel.cbpl,0,0,0.006,1,0.337,1,0.028,1,4,0,,0,0
/datadrive/gpurepair/tests/testsuite/OpenCL/test_mod_invariants/local_reduce_strength/kernel.cbpl,0,0,0.006,1,0.372,1,0.028,1,4,0,,0,0
/datadrive/gpurepair/tests/testsuite/OpenCL/test_part_load_store/load_ptr_and_short2/kernel.cbpl,0,0,0.006,1,0.362,1,0.03,1,8,0,,0,0
/datadrive/gpurepair/tests/testsuite/OpenCL/test_part_load_store/load_ptr_array_and_int/kernel.cbpl,0,0,0.006,1,0.412,1,0.027,1,4,0,,0,0
/datadrive/gpurepair/tests/testsuite/OpenCL/test_part_load_store/store_int_and_short/kernel.cbpl,0,0,0.006,1,0.3,1,0.033,1,3,0,,0,0
/datadrive/gpurepair/tests/testsuite/OpenCL/test_mod_invariants/global_reduce_strength/kernel.cbpl,0,0,0.006,1,0.585,1,0.031,1,4,0,,0,0
/datadrive/gpurepair/tests/testsuite/OpenCL/test_part_load_store/store_ptr_and_int/kernel.cbpl,0,0,0.006,1,0.311,1,0.027,1,2,0,,0,0
/datadrive/gpurepair/tests/testsuite/OpenCL/test_part_load_store/store_ptr_and_short/kernel.cbpl,0,0,0.006,1,0.324,1,0.027,1,3,0,,0,0
/datadrive/gpurepair/tests/testsuite/OpenCL/test_structs/requires/kernel.cbpl,0,0,0.006,1,0.229,1,0.028,1,0,0,,0,0
/datadrive/gpurepair/tests/testsuite/OpenCL/test_part_load_store/store_ptr_and_short2/kernel.cbpl,0,0,0.006,1,0.321,1,0.026,1,4,0,,0,0
/datadrive/gpurepair/tests/testsuite/OpenCL/test_part_load_store/store_ptr_array_and_int/kernel.cbpl,0,0,0.006,1,0.371,1,0.031,1,2,0,,0,0
/datadrive/gpurepair/tests/testsuite/OpenCL/test_structs/requires_with_store/kernel.cbpl,0,0,0.006,1,0.261,1,0.03,1,1,0,,0,0
/datadrive/gpurepair/tests/testsuite/OpenCL/test_structs/store_array_element/kernel.cbpl,0,0,0.006,1,0.257,1,0.026,1,1,0,,0,0
/datadrive/gpurepair/tests/testsuite/OpenCL/test_structs/store_element/kernel.cbpl,0,0,0.006,1,0.252,1,0.03,1,1,0,,0,0
/datadrive/gpurepair/tests/testsuite/OpenCL/test_line_number_problem/kernel.cbpl,0.029,4,0.014,10,4.282,10,0.021,1,7,1,,0,0
/datadrive/gpurepair/tests/testsuite/OpenCL/test_structs/store_ptr_array_element/kernel.cbpl,0,0,0.006,1,0.292,1,0.027,1,1,0,,0,0
/datadrive/gpurepair/tests/testsuite/OpenCL/test_structs/store_ptr_element/kernel.cbpl,0,0,0.006,1,0.287,1,0.028,1,1,0,,0,0
/datadrive/gpurepair/tests/testsuite/OpenCL/test_structs/store_struct_element/kernel.cbpl,0,0,0.006,1,0.259,1,0.028,1,1,0,,0,0
/datadrive/gpurepair/tests/testsuite/OpenCL/test_structs/use_array_element/kernel.cbpl,0,0,0.006,1,0.27,1,0.032,1,1,0,,0,0
/datadrive/gpurepair/tests/testsuite/OpenCL/test_structs/use_element/kernel.cbpl,0,0,0.006,1,0.284,1,0.033,1,1,0,,0,0
/datadrive/gpurepair/tests/testsuite/OpenCL/test_structs/use_ptr_array_element/kernel.cbpl,0,0,0.006,1,0.433,1,0.027,1,8,0,,0,0
/datadrive/gpurepair/tests/testsuite/OpenCL/test_structs/use_struct_element/kernel.cbpl,0,0,0.006,1,0.297,1,0.028,1,1,0,,0,0
/datadrive/gpurepair/tests/testsuite/OpenCL/test_structs/use_ptr_element/kernel.cbpl,0,0,0.006,1,0.371,1,0.028,1,12,0,,0,0
/datadrive/gpurepair/tests/testsuite/OpenCL/test_relational_inference/kernel.cbpl,0,0,0.015,3,1.25,3,0.031,1,6,0,,0,0
/datadrive/gpurepair/tests/testsuite/OpenCL/typestest/kernel.cbpl,0,0,0.006,1,0.26,1,0.03,1,0,0,,0,0
/datadrive/gpurepair/tests/testsuite/OpenCL/unconstrained_sizes/global_size/kernel.cbpl,0,0,0.006,1,0.251,1,0.028,1,0,0,,0,0
/datadrive/gpurepair/tests/testsuite/OpenCL/unconstrained_sizes/local_size/kernel.cbpl,0,0,0.006,1,0.517,1,0.03,1,0,0,,0,0
/datadrive/gpurepair/tests/testsuite/OpenCL/unconstrained_sizes/num_groups/kernel.cbpl,0,0,0.006,1,0.233,1,0.028,1,0,0,,0,0
/datadrive/gpurepair/tests/testsuite/OpenCL/undef_tests/uninitialised_local_int/kernel.cbpl,0,0,0.006,1,0.308,2,0,0,0,,Assertions do not hold!,0,0
/datadrive/gpurepair/tests/testsuite/OpenCL/undef_tests/uninitialised_local_ptr/kernel.cbpl,0,0,0.007,1,0.35,2,0,0,0,,Assertions do not hold!,0,0
/datadrive/gpurepair/tests/testsuite/OpenCL/unreachable/kernel.cbpl,0,0,0.006,1,0.341,2,0,0,0,,Assertions do not hold!,0,0
/datadrive/gpurepair/tests/testsuite/OpenCL/unusedreturn/kernel.cbpl,0,0,0.006,1,0.255,1,0.026,1,0,0,,0,0
/datadrive/gpurepair/tests/testsuite/OpenCL/vectortests/addressofvector/kernel.cbpl,0,0,0.006,1,0.277,1,0.027,1,0,0,,0,0
/datadrive/gpurepair/tests/testsuite/OpenCL/vectortests/double2simpleaccess/kernel.cbpl,0,0,0.006,1,0.23,1,0.029,1,0,0,,0,0
/datadrive/gpurepair/tests/testsuite/OpenCL/vectortests/double4simpleaccess/kernel.cbpl,0,0,0.006,1,0.226,1,0.028,1,0,0,,0,0
/datadrive/gpurepair/tests/testsuite/OpenCL/vectortests/double8simpleaccess/kernel.cbpl,0,0,0.006,1,0.252,1,0.028,1,0,0,,0,0
/datadrive/gpurepair/tests/testsuite/OpenCL/vectortests/float16simpleaccess/kernel.cbpl,0,0,0.006,1,0.244,1,0.028,1,0,0,,0,0
/datadrive/gpurepair/tests/testsuite/OpenCL/transitiveclosuresimplified2/kernel.cbpl,0,0,0.015,3,1.816,3,0.032,1,13,3,,0,0
/datadrive/gpurepair/tests/testsuite/OpenCL/transitiveclosuresimplified/kernel.cbpl,0,0,0.015,3,1.725,3,0.03,1,13,3,,0,0
/datadrive/gpurepair/tests/testsuite/OpenCL/vectortests/float2simpleaccess/kernel.cbpl,0,0,0.006,1,0.238,1,0.029,1,0,0,,0,0
/datadrive/gpurepair/tests/testsuite/OpenCL/vectortests/float4simpleaccess/kernel.cbpl,0,0,0.006,1,0.25,1,0.028,1,0,0,,0,0
/datadrive/gpurepair/tests/testsuite/OpenCL/vectortests/float4arrayaccess/kernel.cbpl,0,0,0.007,1,0.528,1,0.028,1,14,0,,0,0
/datadrive/gpurepair/tests/testsuite/OpenCL/vectortests/int2simpleaccess/kernel.cbpl,0,0,0.006,1,0.257,1,0.027,1,0,0,,0,0
/datadrive/gpurepair/tests/testsuite/OpenCL/vectortests/float8simpleaccess/kernel.cbpl,0,0,0.006,1,0.27,1,0.027,1,0,0,,0,0
/datadrive/gpurepair/tests/testsuite/OpenCL/vectortests/int3load/kernel.cbpl,0,0,0.006,1,0.239,1,0.027,1,0,0,,0,0
/datadrive/gpurepair/tests/testsuite/OpenCL/vectortests/int3arrayaccess/kernel.cbpl,0,0,0.006,1,0.406,1,0.027,1,11,0,,0,0
/datadrive/gpurepair/tests/testsuite/OpenCL/vectortests/int3store/kernel.cbpl,0,0,0.006,1,0.252,1,0.028,1,0,0,,0,0
/datadrive/gpurepair/tests/testsuite/OpenCL/vectortests/int4initialisation/kernel.cbpl,0,0,0.007,1,0.236,1,0.027,1,0,0,,0,0
/datadrive/gpurepair/tests/testsuite/OpenCL/vectortests/int_vectors_big_test/kernel.cbpl,0,0,0.006,1,0.248,1,0.027,1,0,0,,0,0
/datadrive/gpurepair/tests/testsuite/OpenCL/vectortests/select/kernel.cbpl,0,0,0.006,1,0.256,1,0.029,1,0,0,,0,0
/datadrive/gpurepair/tests/testsuite/OpenCL/vectortests/vectorops/kernel.cbpl,0,0,0.006,1,0.249,1,0.027,1,0,0,,0,0
/datadrive/gpurepair/tests/testsuite/OpenCL/vectortests/vectorops2/kernel.cbpl,0,0,0.006,1,0.252,1,0.03,1,0,0,,0,0
/datadrive/gpurepair/tests/testsuite/OpenCL/vectortests/test_paren/kernel.cbpl,0,0,0.006,1,0.314,1,0.028,1,4,0,,0,0
/datadrive/gpurepair/tests/testsuite/OpenCL/vectortests/vectorreturn/kernel.cbpl,0,0,0.006,1,0.261,1,0.027,1,0,0,,0,0
/datadrive/gpurepair/tests/testsuite/OpenCL/vectortests/vectorswizzle/kernel.cbpl,0,0,0.006,1,0.225,1,0.027,1,0,0,,0,0
/datadrive/gpurepair/tests/testsuite/OpenCL/vectortests/vectorsplat/kernel.cbpl,0,0,0.006,1,0.226,1,0.029,1,0,0,,0,0
/datadrive/gpurepair/tests/testsuite/OpenCL/warpsync/2d/kernel.cbpl,0,0,0.006,1,0.41,1,0.027,1,4,1,,0,0
/datadrive/gpurepair/tests/testsuite/OpenCL/warpsync/broken_shuffle/kernel.cbpl,0,0,0.01,2,0.452,2,0.035,1,2,1,,0,0
/datadrive/gpurepair/tests/testsuite/OpenCL/warpsync/shuffle/kernel.cbpl,0,0,0.006,1,0.363,1,0.027,1,2,0,,0,0
/datadrive/gpurepair/tests/testsuite/OpenCL/vectortests/test_mul_add/kernel.cbpl,0,0,0.006,1,1.836,1,0.027,1,100,0,,0,0
/datadrive/gpurepair/tests/testsuite/OpenCL/vectortests/float4arithmetic/kernel.cbpl,0,0,0.008,1,5.143,1,0.028,1,92,0,,0,0
/datadrive/gpurepair/tests/testsuite/CUDASamples/3_Imaging_imageDenoising_imageDenoising_nlm2_kernel/kernel.cbpl,0,0,0.014,2,7.512,2,0.032,1,56,1,,0,0
/datadrive/gpurepair/tests/testsuite/OpenCL/warpsync/scan_warp/kernel.cbpl,0,0,0.01,2,10.878,2,0.036,1,20,0,,0,0
/datadrive/gpurepair/tests/testsuite/OpenCL/vectortests/double2arithmetic/kernel.cbpl,0,0,0.006,1,15.916,1,0.032,1,172,0,,0,0
/datadrive/gpurepair/tests/testsuite/OpenCL/pointeranalysistests/manyprocedures/kernel.cbpl,0,0,0.073,64,65.382,65,0,0,13,,Assertions do not hold!,0,0
/datadrive/gpurepair/tests/testsuite/OpenCL/vectortests/float4initialisation/kernel.cbpl,0,0,0.006,1,25.006,1,0.029,1,588,0,,0,0
/datadrive/gpurepair/tests/testsuite/CUDASamples/6_Advanced_sortingNetworks_bitonicMergeShared/kernel.cbpl,0,0,0.019,8,180.201,8,0.033,1,28,1,,0,0
